source,target
1994,1151
547,55
3654,2324
6732,6665
3074,2251
3578,3708
7934,5179
6412,4687
7494,7495
6828,4713
7863,4981
4336,4191
6968,6523
4427,2871
7255,5801
1590,1593
1303,334
5167,5162
5228,5231
137,144
3781,3480
1739,1199
5418,5423
7536,7378
4695,4261
7698,7699
7834,7092
3691,3832
4950,2917
767,600
2783,2785
3003,2323
7427,3334
4167,4168
610,611
7578,8165
6515,4994
4241,4247
1527,960
1890,1855
1351,259
669,670
3215,2237
2021,665
448,28
1176,1186
5765,1473
2824,2825
6396,6400
1449,1319
8253,6634
1883,935
4627,3443
638,282
5161,5162
3783,3480
7403,6123
3230,3235
7914,5933
1016,565
7482,6243
1731,1732
1213,941
3837,2114
5853,5680
3657,2693
6147,6148
5924,5925
8242,4432
2441,2470
3212,2237
4905,4037
2047,4463
5244,5245
7852,6555
1773,1774
1408,1412
7827,6709
1071,1044
7531,7054
7600,7225
8273,4940
7445,7450
382,243
8023,6780
7782,6560
3151,2724
2173,1772
3758,2657
6908,5484
2633,2643
5265,1385
2852,1723
5676,3755
1226,922
7483,6243
2835,8292
2627,1717
8098,4037
2311,2285
4935,4335
3727,1297
4305,1157
3273,2625
7581,1026
6129,6094
1710,230
2391,2397
7935,5179
7320,7319
5895,3461
2782,2785
5766,5767
6074,5103
2243,2242
3358,3348
8095,5022
1523,1524
7645,7646
7098,7101
569,567
1845,1849
1274,1277
6351,6218
2239,2241
4405,1385
1194,1196
5490,4600
4322,4402
160,153
6297,6296
8108,4037
6675,6156
7028,6774
4556,4557
2438,2470
438,178
7122,5384
1941,1857
2382,1297
6022,5936
5158,5162
2288,2290
6688,6691
5373,5375
6410,4687
6120,4781
4697,4261
7892,6914
7287,5432
3353,2565
7485,6000
7875,7012
2023,665
7159,6327
7576,1026
8086,6780
7572,155
5220,5222
123,95
4612,4613
1676,1279
5594,4098
5978,4041
7619,7620
4971,1769
4122,2328
5718,3274
6092,4828
1214,941
7305,6714
8087,6780
4667,4666
4404,2289
3071,2251
5548,5484
1826,1842
6181,15
2637,2643
2945,2946
4794,4796
5573,4666
1635,797
7966,6422
2921,2918
4243,4247
5687,4099
2864,214
1244,6262
3651,3537
5682,5683
2450,2470
8001,8002
1753,1758
6797,5714
5397,5412
7310,5969
2890,2470
1327,299
2723,1049
7975,5096
1512,1513
4080,3720
6014,4175
1995,7497
4225,2240
6652,5254
6582,2285
888,863
5000,4792
6423,5738
2310,2285
1767,2678
1540,771
3487,3489
2147,2151
2896,2470
8203,7233
7111,7115
3698,2654
2453,2470
6485,6496
2141,2151
3605,974
821,822
519,524
8120,8121
1725,1726
3649,3650
7883,7882
7729,7730
1404,1412
5518,4191
2100,2101
2040,665
2301,1390
1685,1641
2827,765
6996,6997
7080,7797
6677,6156
2204,975
8052,5812
874,875
2454,2470
5607,2398
4755,4266
4766,3352
7941,7021
5221,5222
2891,2470
1576,8288
7065,2565
5774,5775
6705,5824
6672,6156
3036,3592
6787,6788
2986,2371
819,822
1461,1464
6878,5818
6572,4689
8133,7517
2868,214
2155,2157
1112,1080
4147,4463
4836,2237
3718,3005
4348,4349
6291,6296
6854,6855
8104,4037
2170,2544
6112,4875
344,135
134,601
4723,3635
4823,4706
3640,3650
2008,665
1448,1319
5183,3796
1784,1103
7103,7108
5435,3897
8072,5819
3229,3235
7462,7131
2057,1550
3264,3265
7814,7386
7806,5529
1579,1580
4847,2237
7268,6784
4340,4349
3436,2576
734,739
3332,3030
2087,2095
8161,8163
8071,5819
3894,3576
4083,8294
5688,4099
3134,3136
6387,6388
7151,6414
1634,797
1209,941
1840,1842
4704,4261
146,147
8020,8021
3299,3307
5229,5231
4601,2760
2424,2425
3051,3056
7461,7131
4644,3034
4495,762
4097,825
118,95
6091,4828
7453,7131
990,991
2445,2470
3257,2116
5755,5756
5764,1473
1863,2643
6477,4099
7193,5288
3945,3946
4423,4424
4568,3454
4591,4712
8215,8051
5122,5130
4996,4191
676,677
7851,6555
8114,4037
716,715
4900,2014
3426,8293
6514,4994
6546,3634
7611,4884
7535,7378
1656,1520
6764,4709
1017,565
3620,1157
3552,417
8055,7860
8137,8134
4635,4220
4131,2328
1643,1489
3619,3148
2025,665
3703,1744
1175,1186
206,214
6426,6427
5997,6791
3551,417
468,32
504,49
8091,5022
6005,1159
6315,5233
2266,587
1332,35
2536,1186
7175,5773
5803,3634
3061,3033
3158,3164
923,86
337,135
3844,3847
774,549
4845,2237
4826,4827
2017,665
3997,2746
6188,15
3011,2815
5572,4666
7595,7225
8049,5812
2308,2285
4139,2328
384,243
5525,4191
4736,4735
2164,761
289,34
3298,3307
1146,663
7841,5839
4502,3125
6861,6930
1345,1193
141,144
2876,2877
2636,2643
2252,2422
4503,3125
4327,4528
1661,4580
114,95
2772,1592
5422,5423
4911,4037
5214,5215
441,178
4908,4037
2026,665
2786,2787
6910,5484
7736,7757
6679,6156
783,407
2457,2470
2344,2345
4933,6774
6254,6255
1369,3755
6222,5262
558,560
2191,1111
2143,2151
198,214
1860,1859
2823,2825
4352,1990
2175,2163
4787,4796
6468,6424
2879,2880
3510,3516
3277,2625
4370,4373
3805,3807
4965,3854
53,4389
4698,4261
5944,5947
6847,6850
4494,762
7220,5404
6150,6151
6060,5543
4995,4191
3135,3136
5875,5482
4217,4218
6294,6296
1272,1277
4061,3562
5230,5231
5733,2001
5062,3537
7218,1919
4651,3835
6061,5543
5541,1548
8274,8275
6002,6025
1517,1441
573,567
8214,7553
5135,3092
4763,3352
5744,5745
2199,2085
6214,5545
5086,5092
3704,1744
3490,8293
7298,7301
3941,3942
3294,1679
195,214
287,34
8205,7233
3706,1744
4834,2237
571,567
8118,8121
4045,4521
3434,2338
3405,3408
1651,1652
2644,2645
826,1970
6816,5321
8013,6044
7199,7632
239,28
6533,4791
6017,2774
3584,3587
4868,4875
333,55
7629,7632
5712,5459
3931,2508
7704,7707
3659,2727
3977,3800
308,425
2658,3352
1550,608
325,4808
5998,6554
5524,6327
1612,6832
1340,1193
5262,3089
5185,2774
789,2689
3662,6334
1608,4338
6646,7301
5655,7237
1384,2727
1103,1080
4653,5564
2102,1633
2133,2809
697,3456
3787,3748
72,1035
4073,5430
4001,3568
315,895
16,982
1606,3291
1537,2256
2667,6328
5455,5155
407,579
4681,2326
2472,1315
173,346
126,321
546,5484
1006,1487
3461,4099
5802,7478
1428,765
317,991
3457,3541
2972,2859
6563,6097
387,600
1498,762
5738,7040
10,587
1538,3755
7390,7063
3453,5844
2693,3021
766,2713
3451,4666
5804,5973
7053,7791
789,2794
795,1053
4511,4110
4653,4983
6299,6006
7755,7277
3057,4706
5080,3284
255,432
1610,1211
556,1442
3453,1247
826,3446
664,797
982,3670
1111,1855
2686,1814
5802,6780
6015,6496
29,3843
457,3807
1133,3433
317,1201
789,1920
1398,1402
3984,2535
689,1859
2707,290
2565,7422
3560,2667
48,564
5189,4797
2145,4191
395,6227
1762,6770
5110,2369
1991,1374
1795,2290
795,2053
4073,3537
706,741
7743,8169
1674,5524
710,35
5187,5784
822,2016
5207,5814
704,2655
11,1549
1470,3376
5814,5020
3456,2822
3720,3615
3519,2145
3787,3276
2623,3586
658,6458
1286,5106
3607,5022
5998,5773
5423,6481
321,1053
4346,4349
71,415
960,2504
5630,6164
2811,4037
203,299
686,1600
3394,3568
1135,1664
1525,1717
5800,5465
11,644
255,257
2237,3148
7862,8042
171,1035
2688,1777
6563,5739
2476,3150
3796,5828
1000,1734
3055,3650
157,29
1261,1859
3454,3352
1585,2763
769,1201
6615,6442
5543,5079
2328,1808
5800,5524
11,2981
3168,4510
6504,5827
993,2708
11,1497
3452,4661
325,2066
5809,6328
130,182
7545,7553
1029,853
439,1192
1166,1159
2297,2338
5153,5753
4355,5713
6866,3792
3404,5947
72,1396
457,3830
3614,5509
2696,3661
649,407
3144,3028
166,2066
2277,3089
7937,7021
2434,2435
11,4040
5543,6555
708,866
4315,1024
120,4795
2967,1754
142,182
4310,6832
5263,15
223,358
7727,4983
2958,2411
3276,4613
4818,4219
3451,4778
2658,3847
154,7050
2953,2371
2700,3005
6596,6503
871,1484
1549,171
2384,2354
838,230
2702,2856
24,243
1613,4103
3806,5327
5179,6255
3326,3192
2133,2102
8047,7833
5173,7512
3982,6097
5822,3346
7225,7632
1230,1908
6439,6441
86,2576
636,1524
1097,417
11,932
173,1075
310,1123
7768,6174
1062,935
2237,3748
4044,4218
852,1211
971,710
813,1734
308,974
9,391
564,906
1255,1062
3527,3084
311,1261
3569,3173
1997,2202
960,214
166,290
3447,5800
2747,1297
788,4453
7774,7992
993,1501
7092,7214
3635,3787
2371,1837
1808,1717
7378,7225
2832,762
308,322
110,918
5200,3897
4632,7510
5020,5817
2371,2880
3039,2651
2688,5308
6327,4037
215,8290
986,1286
1305,2116
4632,7855
6592,6323
457,4792
2696,1185
3145,3958
3562,2667
2838,2535
1549,2604
1290,762
5806,6299
2115,4574
2001,7012
1803,4297
2560,3180
2913,2066
2384,5341
4795,6628
1395,2114
2326,2350
585,1307
2972,4453
722,290
5802,3631
784,1973
3819,3787
2653,3548
3402,6032
856,2693
2062,873
1922,1357
3084,6869
2099,2290
4488,3456
5796,4488
127,282
2297,2570
2565,4482
3209,4482
1166,4355
4487,5817
7080,7666
3009,3643
6644,5254
319,2592
2658,762
3041,2594
2010,665
2683,2700
2256,2670
81,273
4712,6855
310,989
2231,2979
151,723
5814,6123
2950,2560
213,3192
4441,5144
7774,8212
5405,3456
1201,1425
813,4828
105,94
737,4441
737,7279
6772,8169
2240,6327
4310,6243
1167,1864
5176,4276
1796,6560
5671,4335
2559,3173
4980,2516
737,5288
5022,5439
90,737
371,659
2611,4037
1055,2877
3872,2328
1202,1597
1833,1855
5345,2354
3513,3009
1395,2763
996,5335
5457,6302
3553,2597
982,2470
1570,3136
1766,1791
2231,2818
5529,5210
2264,6784
6916,3334
7063,2565
1608,2073
592,606
6907,7624
2506,350
1009,7225
308,4687
1352,1411
2549,2256
5816,8297
3450,2760
1095,1080
954,2205
5814,6832
1150,4011
400,402
6327,6901
47,274
3457,1498
2972,5412
7092,5998
4909,1648
1848,1849
1492,1200
5106,6980
3090,6530
4894,5210
7021,7386
6032,7295
2909,6594
551,55
7047,6934
1473,2097
879,4044
6288,5423
6772,7423
1542,6417
411,402
25,358
407,1471
5691,6124
2241,2604
2322,2182
151,1140
6320,6869
1280,4341
311,2151
698,4110
1374,7553
2285,2210
7470,7478
814,817
3965,8237
173,1360
3659,3117
960,1034
319,5002
4036,4981
788,3946
5177,6505
3842,3260
3057,4587
3724,4263
1855,1927
23,601
650,1192
2667,2651
2251,8291
3458,3191
600,6833
1134,989
348,878
3404,3792
3936,3937
3641,5022
2985,2016
978,1062
356,2210
319,1593
2981,7778
2133,1297
826,332
2688,3922
5008,4983
4828,4666
949,56
1734,3258
4124,1990
1350,1000
3031,3173
1006,1156
1167,2754
3144,3486
1166,332
7490,7280
2654,3089
201,1043
426,341
1133,5780
2566,1792
737,5922
178,600
2240,737
6976,2511
3786,3562
788,3516
2102,5176
695,2747
2241,1621
5446,8050
432,3417
6072,8163
87,396
325,4233
1357,2727
5550,5484
1681,2506
1614,1322
6228,6229
11,1893
5697,6699
6271,6809
24,4792
3276,3007
2003,5801
5391,3084
3390,4827
245,243
2010,7992
1256,1062
255,673
2972,7116
2135,5155
5189,2160
766,6934
1608,1654
4111,4453
407,989
3596,3173
3641,5103
3447,5262
6305,7295
36,838
2565,7341
935,1534
2983,6618
4073,5061
5819,5880
7900,5605
769,313
637,762
3367,3371
87,5737
5189,5947
3020,2576
5079,3417
926,243
1614,15
2746,3171
2700,4331
2323,8294
1538,1534
1615,1428
4598,6855
826,2968
7233,7860
3969,2328
7086,6243
2118,1633
3521,3125
1700,2202
1483,2843
1522,465
1237,1439
7774,7908
1511,1377
3352,3106
5040,3002
1127,2076
1962,1969
5822,2440
3447,3452
1549,1805
6,8282
1716,904
5295,6599
1428,579
3873,3084
2286,1700
3678,3059
3055,2674
2290,4384
319,1991
7544,7813
2546,1549
2972,896
4792,2273
1470,1151
365,152
6766,3459
2135,2516
6,34
1875,2256
1848,2062
879,2657
959,1186
3326,3014
5551,7624
5800,5432
1221,2174
704,1007
2186,2665
5068,8124
5697,5079
1024,2977
3352,5308
7449,7642
122,3140
1868,2071
1730,15
432,1927
5020,5162
3375,2727
3290,2747
1374,4310
2272,2654
935,5106
457,6261
24,228
247,415
3969,4191
1501,1167
766,5737
319,4099
5816,4099
1922,1984
3016,2657
8135,8134
3796,2364
643,600
766,5773
3615,4666
1074,6700
1394,1390
2565,3813
2502,214
1754,1658
1185,2004
2072,1757
6596,6299
4310,1352
7682,3297
4355,3417
3787,3352
6913,2511
1395,3026
5802,6530
1615,1791
6618,6946
5871,5176
6359,3830
3666,4811
11,2479
27,362
4310,1473
789,4824
7783,6560
4948,4315
1972,3371
3586,5972
4966,2764
1074,4717
1991,2225
334,918
1614,1267
5472,6123
3452,2696
199,1407
139,271
4036,6148
3641,2859
2332,2657
3457,5415
4448,5144
2585,15
784,338
346,682
3456,5155
1501,946
1647,4315
1594,1610
1561,2333
3381,7647
66,2193
2660,3459
43,918
1428,1746
2713,3125
6486,2851
6934,6946
3449,2696
1142,1322
6270,5288
7605,3752
3729,2790
2133,2350
600,2256
5175,5189
5191,4099
4898,4987
2237,3970
4151,1549
3453,5254
128,873
1980,1492
1688,2485
2095,5162
4070,5020
2674,3164
457,1973
1510,1377
3449,4011
178,606
2381,4735
4598,5415
5140,3910
815,817
2237,4528
5862,5891
3956,4831
2332,1049
2548,3568
139,302
1501,2397
707,1123
3641,3258
766,2506
2674,3717
3026,4999
1133,5925
3631,3816
6323,7839
7762,7763
1275,1277
1151,1407
339,675
5176,5693
5817,7301
3258,4463
1972,2325
215,2234
871,1465
3028,3635
313,2923
1103,2504
5263,4666
1350,1621
3453,5073
3796,2775
7104,7214
5051,5775
3478,2511
6347,5773
2365,4735
2704,2625
2223,8033
1922,1792
3453,5430
7514,155
166,1248
2290,3745
5804,5524
1200,56
2697,6976
6596,7695
5185,8219
6665,5950
4312,4578
334,56
2369,2398
5016,5950
3456,6523
3032,5922
3378,3452
1766,332
44,147
5796,4041
3209,2237
6305,6347
3098,2724
784,1031
2565,5902
6616,6934
5816,2535
4904,15
312,1039
5342,8297
3443,2328
3642,2774
3456,2276
5173,4432
1041,2276
1549,1819
8053,7810
1204,1220
4045,5061
3402,3516
1967,3537
1711,2210
5630,6235
1133,3007
3381,2016
2371,1596
6784,5902
178,5804
3291,8293
1386,1858
3225,2625
4071,7092
1549,2258
255,633
6488,3634
457,8051
2658,2411
759,704
600,769
1133,3454
1700,2665
4099,5189
546,3352
47,1603
3730,1297
104,55
764,1754
1644,2097
1972,2594
1748,2643
869,1191
943,2356
2256,2651
6,5323
3642,6299
2485,4613
2176,1211
996,2329
2594,2751
5915,7092
356,1186
2612,8293
1210,2240
4687,4824
1395,2072
2619,5563
6518,6442
2237,2871
79,515
2256,4111
4760,7119
3028,4715
1855,1893
6461,6715
6458,5273
1571,1638
4441,3106
1133,2775
7605,2565
1470,4983
7055,4983
5022,6218
813,1357
1980,1482
1521,1791
1919,1964
3456,4072
2565,5210
3449,3447
1284,2955
457,5506
3310,4875
4788,6618
937,1240
3291,6432
3032,3635
4045,4827
215,559
600,6892
5079,3284
3678,3404
865,243
2688,3849
3381,5835
7774,8128
1305,2565
3404,3650
2883,5947
1211,1648
1470,5798
1972,417
2328,2485
784,1662
7079,4666
1137,2485
5110,4483
3925,3144
5796,4604
6907,7478
1210,1393
2009,1918
1098,2851
5524,7924
6635,7047
633,706
4604,6532
1267,968
7231,6980
1063,5671
686,769
7677,7992
2133,2400
1667,6566
2702,3140
1393,5484
2692,2576
2688,6246
5177,1648
94,39
339,243
1991,2814
5313,4191
1542,4715
5171,4712
5531,6496
3632,3650
47,334
29,4021
1395,8293
766,2592
7057,3084
5404,5412
3092,2697
2256,4037
1552,1973
11,439
180,3089
789,2091
2135,4124
27,748
1286,4646
457,1774
28,1638
2832,4468
3402,5026
6484,5822
6615,3346
3642,6783
763,3352
1487,1987
7691,7835
3511,3516
7818,4071
2618,2594
2658,7810
2176,3307
2658,7979
4442,4717
2972,5484
3348,5246
1732,1956
4074,4138
5531,7510
844,1044
1395,2955
996,1848
650,1020
766,3271
173,1234
813,2674
5531,3792
2565,3893
7233,6907
6273,8295
3641,4310
1233,937
3456,15
1357,1164
5692,5288
1471,56
11,750
1151,8292
994,2856
1086,1991
5819,7833
5176,4899
15,3755
3062,3033
1549,2605
1374,5807
6123,7624
2473,2547
3642,5179
7802,7803
171,545
7238,7833
4777,5285
255,636
3603,2237
1098,7701
2565,3348
943,313
2411,4124
1395,15
26,80
766,7510
1496,3276
5739,6833
686,6148
1608,2328
3402,4044
3522,5902
42,549
3009,4666
4653,4355
2713,4051
407,5559
1674,1250
2240,2435
2099,1547
1811,7587
3010,3007
1111,72
72,3970
4065,1990
3453,6777
7391,5022
695,2625
996,3897
2167,2168
3456,608
1166,4463
5188,6803
11,853
2003,4828
1697,1855
6447,6170
6,259
1466,1593
826,1953
707,372
143,377
5185,6765
78,419
1167,963
4824,5072
5176,5103
4894,2689
3586,7063
2297,4103
24,4999
124,8283
3449,2490
2456,3873
1202,904
7781,6560
3326,3443
4123,4578
2416,2781
2950,2993
2565,856
4963,4993
1661,1953
546,1901
2842,2646
3787,4290
319,3607
5816,7168
5179,7587
2967,3321
1612,3346
2264,3352
3682,3772
501,2209
1098,3033
3569,2114
59,1416
2696,5026
2375,2120
2696,4335
4673,4994
722,6784
457,904
7767,7277
3456,4385
784,417
2371,2996
3018,1754
11,1669
5020,8295
4948,5189
1470,72
7052,7381
2859,3489
2565,7063
3762,3394
5114,7386
25,604
4967,5650
24,6948
3142,2900
400,299
5814,5897
8,560
3527,3059
136,1918
83,1384
7099,5814
3447,4715
2326,2674
3454,2619
4600,4999
23,304
2135,2508
317,663
171,1152
2623,3255
1374,5028
1133,4310
6359,4980
5582,6496
805,1573
3855,4011
6954,6330
2548,2657
798,4417
306,742
4653,3417
5176,5925
2510,2102
66,152
4437,2851
5187,5721
5263,4797
707,1525
3455,4297
788,5638
5739,6435
2623,2585
5079,3459
3352,2871
4948,3089
7225,3084
4046,7168
7873,5179
5818,7791
7071,7115
1029,691
766,7478
7092,7378
1420,1633
5501,1548
3449,4547
3812,8293
1037,3516
3449,4530
5802,1982
5103,5465
4338,6739
2135,3748
1160,432
1661,2565
5089,4980
988,3293
6494,5022
4483,7414
24,3443
4063,5178
290,1468
3796,3321
784,2416
1064,6243
1549,1166
3095,633
1785,1103
7233,5760
4151,7280
1166,3334
1352,717
1305,1754
1749,2912
824,1186
1221,3807
3456,3443
122,4043
1496,2256
4653,4335
941,2333
4211,4796
4795,5210
237,1374
3724,2585
5788,5802
1151,4435
20,363
2547,4021
3977,3562
68,6784
4536,7553
1129,171
1500,1151
457,2785
5697,4712
7329,7295
1297,3024
92,168
2249,1403
6619,7508
1542,5780
615,684
3352,4181
113,524
1700,1701
4725,3452
2688,4977
2371,2174
1353,3458
68,3980
5006,4536
4488,5743
2559,3394
7054,155
4042,4233
1492,1692
3010,2325
1808,4256
1697,2411
1470,1603
2958,4400
6714,7422
3455,4547
663,2135
4310,2507
2369,3898
6443,7788
904,2290
5796,3830
457,1222
3057,3276
4564,5459
1552,2576
2747,3007
7053,5210
5823,6437
2677,2565
166,86
1674,2587
1470,15
1006,1080
3556,2686
502,417
2967,4290
4136,4256
1767,5254
2485,3516
5263,2258
177,1186
26,427
1542,3910
1441,8291
1133,5638
2900,3650
2411,2794
2972,3562
6563,1493
1487,1549
6323,4134
3015,2258
4056,2787
3642,6151
2967,5092
1235,1326
5189,5809
4036,1310
954,1864
4036,4797
759,2542
2474,3117
1623,4335
5800,7214
4534,3456
2093,1564
457,1055
3447,3843
3453,4011
5445,6094
737,5246
3092,2433
383,3089
24,1808
4795,6337
5798,6409
3006,1291
4065,6528
3642,2440
312,670
317,956
4152,4011
5020,2516
2660,2693
967,697
3028,4777
784,2660
2883,2662
4668,4666
3352,3089
310,778
4008,5484
5739,3976
2658,2693
3634,6441
1888,1646
2940,2625
3028,3776
2547,5073
6696,6770
2114,1754
1808,2587
6620,7186
1248,2328
2618,1734
3960,5327
4099,3238
3034,4037
1367,3465
2700,1166
11,1360
798,1729
1483,1726
5922,5925
1166,2811
311,1236
1756,2071
4045,4795
4948,2785
4624,4037
2062,2157
1074,6670
3666,4534
1164,1918
1922,1919
6714,6770
2297,3473
3787,4536
6784,6901
71,1585
766,1571
5179,5233
2133,2560
2651,3439
831,2247
3568,4201
176,1043
6518,7052
7472,8178
173,3537
311,1031
988,2646
1279,1428
3063,7735
5507,5509
23,308
1133,4212
1322,1633
649,798
722,2326
3562,2727
2707,3020
5524,6618
7237,5064
722,2576
36,1378
3666,5335
27,377
6334,5233
2565,2410
2230,332
4894,4483
513,739
4717,6553
127,3009
5864,2490
1769,4712
1133,2981
1358,2654
2702,2651
3055,3059
1031,1621
3010,3030
2256,2754
6020,7280
1098,1992
2474,2371
7416,6417
1133,4463
2118,3607
707,1167
3976,4551
5166,15
2473,2818
6914,7243
2225,2775
312,742
865,730
6327,4713
4488,5800
3026,4827
3092,5928
3454,2134
993,1880
789,2062
4164,6907
2356,3258
310,3028
870,993
1951,3615
1305,2542
813,1186
2369,5303
1542,1836
3731,4453
1166,1757
6583,2285
1395,1453
166,6330
5827,5404
1147,2830
172,2724
2240,3408
3453,4662
7055,7795
1350,1678
1470,2747
1378,2079
1808,2121
2504,2144
387,1053
904,2210
3787,5254
1549,4055
3498,5790
7614,5466
6217,6496
3026,2544
706,1374
7055,7021
2440,7927
3084,3089
20,6229
3458,5947
1552,15
376,1193
2938,1211
2237,2592
1305,1595
2686,3371
5806,8224
2452,7553
311,8083
2485,2605
2765,5482
1622,3265
1496,1571
28,132
2510,2651
7238,8212
710,989
2083,2322
5871,5457
4967,5459
813,2595
3660,3720
1639,2485
173,1103
2550,1357
457,72
1106,15
3095,1734
3028,4552
1037,230
1029,1092
5524,7763
1732,904
3522,5818
79,789
2565,2646
5022,2914
11,1137
1767,1097
3350,2871
823,1131
87,789
426,560
2069,1323
1229,922
3724,3562
2297,2958
1098,2120
42,105
5011,4687
650,1507
1922,2501
686,663
5457,6251
2972,4719
3615,1453
1062,3033
339,631
5697,6474
5125,5245
2740,1646
256,1402
56,152
4345,4875
306,1732
2230,2585
1353,3835
1496,3473
1835,762
1135,1097
21,932
766,4072
2654,2324
6555,7726
457,1888
4071,3562
178,6098
2935,3455
6229,4037
1204,1662
7243,7763
3478,4179
4045,5262
2326,2585
759,3473
1608,4021
4476,4191
4073,4068
6772,7620
4136,3976
4144,5245
826,1919
2156,1700
1166,2977
5839,5254
2688,4653
1919,2273
1062,1964
5188,2775
2576,3769
1471,425
5817,4361
1166,6334
5103,5624
94,151
3009,5182
1585,415
2968,2258
3787,4124
6624,3752
1537,1622
4310,5182
8047,4432
2995,3567
5382,2258
4981,5079
3633,3871
2790,1990
2290,3010
3916,2958
5177,6296
1166,2470
4,147
4036,4712
2249,5582
3871,5162
1428,1566
1717,2570
306,746
4055,5106
3659,4263
2968,2785
6941,7386
312,837
1932,1855
600,878
6177,6934
769,1253
4013,346
1937,1855
3092,3027
5002,4992
87,1123
2133,1918
3175,3260
4212,5737
8014,8015
4891,2696
5439,6409
1133,3787
3660,1157
1767,1918
3439,6600
2297,1416
14,1164
5190,3456
5811,5739
254,150
3634,3144
2565,7574
2565,6789
3191,4099
1757,2151
1473,1754
5352,5176
3454,4040
2118,2323
7241,5800
7266,1982
861,1253
2294,2625
737,7351
546,2805
231,300
1352,1963
3457,4323
784,993
2328,744
1166,6330
5932,5437
2702,3755
789,705
3056,2623
2793,4335
766,7809
4076,5210
5404,6299
5531,3969
2237,2686
3454,3125
1374,762
3457,1305
1207,1277
1166,8083
1184,1842
2251,2625
5915,7005
2948,3117
4598,6151
4045,5799
2975,2974
1985,1734
4142,3661
1462,1569
3586,8042
1473,7890
4964,5886
6032,7201
1707,230
1489,1103
3459,5886
11,1798
946,2720
2988,1191
1135,2794
3402,5412
290,974
5185,6855
14,282
4044,2398
7086,7341
2654,825
766,6229
1029,1783
826,2410
1814,2134
6241,7497
600,2542
1259,2411
2688,2592
1169,2576
2855,2764
5524,5484
2504,3068
3796,762
1135,805
3995,896
457,2225
6596,1865
3787,4999
7343,7927
152,50
24,1548
6241,7414
7092,6523
2790,2144
1697,5412
5189,6044
5123,4795
4045,15
1799,5798
787,15
4920,7992
2972,5423
127,5449
3276,1990
4632,3393
2565,3454
663,844
1594,1977
1374,5482
5177,7414
2691,2658
4353,5327
766,4583
5199,7647
3748,3854
215,2504
59,228
879,2871
5802,7961
1335,1864
1700,2151
5104,5106
6323,7414
6635,3752
1041,6262
1050,2264
72,4994
6072,6946
4044,4809
1193,1798
3032,2775
6609,1549
3977,4191
122,4719
2364,2290
68,3276
663,4099
319,6913
4046,6596
913,2328
2972,5638
4967,5506
2326,2790
6917,5484
5817,7351
2623,3933
226,6437
306,2485
317,714
3284,3089
1734,1633
697,663
2565,6097
5176,5886
4509,1688
6649,6869
4353,4310
1074,3842
5374,5375
128,1428
5524,6770
826,2251
7623,5028
5199,7587
1051,6496
3367,4263
1967,3140
7294,7414
5802,5148
5360,15
457,8226
2967,5100
7902,8148
3478,3089
2972,5245
7614,6560
5489,7553
128,1496
6907,8044
1350,407
5085,5083
20,1692
7009,6774
6563,6123
2328,5814
644,762
2560,827
1278,1420
122,3276
664,3755
83,517
3028,2674
3641,5743
922,1486
4045,3796
826,2182
1374,1393
68,368
457,5020
7390,7443
68,5022
4715,4964
166,789
5155,2909
6032,4944
3635,2958
311,1752
1972,6594
2936,3148
3366,6105
4433,1688
1701,6833
2665,2973
11,407
4793,4796
784,3338
2655,6715
784,2963
3519,2619
1210,1965
879,3607
904,1783
3456,3664
1549,2135
3192,2594
2193,2398
5952,7620
2375,5415
4688,1360
4045,3073
312,941
1095,2697
841,2516
4967,6901
1480,1992
4123,4269
1441,1787
6946,1026
2700,3970
3350,4528
215,1700
6032,6832
7579,6914
1697,2838
2688,3408
5037,5123
1279,1446
1608,3520
8,274
986,1192
4974,1769
4066,3562
5180,5176
4824,3459
1127,5037
4164,4162
3087,2354
1374,5445
1139,1043
2326,2653
1885,2256
7280,8209
2105,761
2237,4574
2485,3660
993,1413
1997,1919
457,5452
941,1428
2326,3200
6560,5932
1525,1199
4587,5130
29,730
1297,1261
1381,2653
110,643
1374,6803
6938,7992
1279,1485
2473,1992
1350,1151
178,564
20,590
6020,7052
1700,2801
4666,4037
3902,2517
1489,1608
407,3020
2502,3459
3523,2485
2693,5714
935,1965
7808,5096
1612,7803
7188,6832
6458,4099
5543,6955
68,3313
4175,6498
1319,1729
1772,1880
1733,3352
5079,6481
4764,6560
172,1919
2660,2657
1319,1987
5802,1823
961,1031
2565,2501
2174,1564
457,1374
1549,1888
68,3635
2135,2375
663,2102
2120,2276
4666,4687
2516,5459
5553,2490
2502,1186
3380,8042
4445,2871
2264,6594
737,7047
1248,171
47,3897
3297,8141
3544,2799
2564,72
5697,3634
346,4814
3455,4072
1230,2400
796,1031
3447,5640
2506,6422
1549,2506
79,875
568,567
11,4201
3571,6044
1247,204
2713,3970
1319,2073
8074,8076
1811,6328
996,3274
2972,5305
5796,6552
2371,3796
5553,4338
4151,5144
5037,3796
5079,6427
1419,1564
5806,5335
2093,2685
7767,7280
2791,2963
3032,2754
2129,4463
2091,2193
4070,4587
2237,4124
6993,3885
228,415
1380,2062
722,2651
4771,8174
5254,2689
308,304
4077,3813
3973,4162
4824,5226
1492,575
766,7649
5439,5002
1922,4828
1352,1791
6421,5922
1489,8291
1166,2109
2689,1799
2909,4124
2369,5584
339,741
2560,2016
51,611
2379,2981
707,1514
2932,4235
306,938
5188,5563
784,2338
1972,2297
2983,5022
5002,6832
1374,5392
4142,3144
7501,5289
7774,8122
2256,2599
3527,827
6359,7961
4355,3352
182,1151
6914,5404
4948,5321
5079,4981
3568,4297
5857,6560
1335,1326
978,545
1985,1357
7804,7803
2658,2923
2240,2356
4688,2326
4824,4797
2737,5288
2236,3258
1661,3548
3453,5072
1865,7386
6665,3830
1137,2128
5524,6624
1552,1489
3641,7108
730,600
1922,2654
4441,5780
1542,5115
3786,1777
1166,6270
633,86
3865,4138
4483,3962
1151,7912
173,644
1279,2535
11,1513
4069,3562
5179,5020
5,55
1947,3887
1717,3587
136,7620
7057,6123
2693,6004
259,1473
7086,7108
5173,7620
961,1847
879,2565
351,325
6494,6330
2677,6953
1542,2507
3032,2576
1350,1661
3658,5651
707,1428
1098,6953
1691,4043
904,1758
1373,1375
1875,2928
36,710
3960,4041
11,3970
3631,3452
2542,3812
742,271
4151,3027
55,373
376,999
7231,6665
98,664
3477,8294
2790,1982
4963,1024
1915,5543
1769,3027
68,1919
4893,2014
25,252
556,686
6282,5335
1767,2654
3631,2653
2250,2071
2790,2324
1922,2276
4355,2902
4632,3447
1166,2102
937,1549
3009,2290
5920,8042
3819,4235
1615,908
2699,4043
1592,1186
11,1758
1499,1956
311,1521
4076,2859
3479,5459
4488,5955
3380,2657
948,271
2674,2700
6460,5188
156,163
1360,3150
3522,6553
2565,5814
2727,2958
457,5757
6,1514
1700,1482
3477,2485
4276,3643
3449,2689
5002,6123
1179,1186
5818,6400
1164,7809
4036,4530
4547,2775
172,3018
4653,4098
4310,6566
172,3892
3031,3439
2236,2651
3352,2114
3498,4530
600,3769
2565,6241
2145,1888
970,1518
2842,2625
1423,1569
113,7839
2904,1754
3498,5061
2135,3568
6299,6170
3541,2210
2230,1633
2565,7442
6305,6759
173,372
1496,7632
1549,15
2326,3307
3527,3937
6157,6164
1428,2333
42,50
2209,2252
1339,1593
4310,5335
3647,3024
2658,6422
7919,7012
4974,3586
5531,6897
791,1633
7580,5421
6241,3873
11,4065
6316,7237
697,4212
7057,7763
356,769
1549,2323
11,3180
3691,7809
5482,5189
4598,5121
2372,2470
1000,1428
1473,579
2256,4181
1443,971
2323,2657
6160,15
1492,1927
1023,722
2297,4299
1537,2145
5630,4748
5316,6774
7052,7544
647,857
68,5848
312,626
3455,4962
6479,6566
4353,5693
7391,8198
383,255
1166,5697
3290,2746
2700,3394
3541,4110
1463,765
1052,321
42,348
4967,6624
5534,5991
759,895
1759,1411
5596,7108
1799,2223
996,4400
1098,1783
7666,7669
74,154
1377,1805
971,35
1395,762
1041,4103
166,3650
1772,2720
2550,1956
3631,4199
6134,5814
1965,2137
1549,7478
1772,2535
1097,5449
1542,1920
2086,2095
5802,6462
1496,5288
5002,6774
988,3800
1380,1787
1395,2341
4550,4191
3175,2619
2565,2485
1615,1966
173,697
237,4037
2688,3803
406,440
2485,204
1167,1164
5697,6873
865,762
2440,3892
6298,5254
1496,2981
2109,2565
4574,346
3583,2657
4725,4551
2369,737
804,403
5189,6059
1948,1956
2231,5412
880,881
1233,907
5531,3885
1221,633
1717,2811
1549,4099
1749,3243
3026,3173
7409,5839
769,1633
6,1652
1166,6437
805,5022
2276,3334
3591,3615
5787,6229
1552,5412
1241,3260
457,6218
3352,2932
7100,7301
2129,3903
40,274
7904,7391
6934,7119
4448,2909
763,3976
4653,4977
5189,5524
1549,2475
101,152
1707,3251
3176,72
5138,5144
7676,6737
7280,7092
5020,5208
1605,1654
813,1705
1986,1888
2653,3634
663,993
3394,3404
6072,4507
1885,2932
5002,7092
784,3352
6619,2940
1151,2324
1259,1372
7241,6784
4974,4310
5022,6327
4044,2240
10,600
2565,7478
3144,2660
3956,5886
5455,5482
304,1020
24,667
5524,7553
3691,5459
457,1585
2095,2193
3348,1026
1922,8293
7741,5148
1813,1549
2326,4162
3297,3871
5824,6560
971,937
1612,5582
2369,2909
1098,2685
1381,1378
1997,2097
2765,7649
4879,5289
173,1111
4948,7414
1293,971
993,3130
143,567
182,650
5524,7757
3724,4183
2940,7618
2790,2918
2485,3192
5697,5684
14,2595
1006,1441
7649,6979
2923,2653
556,631
1098,1859
7744,7740
2546,2297
3956,3898
1622,1297
1384,1389
1211,1031
2699,2708
4212,5245
1875,3410
730,1140
479,86
386,310
5804,7204
788,3307
4828,7587
1549,1633
5796,7279
432,3059
7145,7144
5915,3976
5817,2511
1789,2251
3796,4661
4441,3334
5437,5925
2974,2981
4221,4134
495,2470
4124,2811
3453,5445
4163,4162
3682,4289
291,3463
2010,5839
3601,1026
25,864
2658,2014
3492,5814
7386,7620
1487,1322
317,322
3015,5263
3642,6832
2651,3825
4792,4653
457,6010
6615,6855
4040,2145
2660,1157
978,1482
4297,5463
1006,1453
4477,4261
2688,3554
766,1935
6486,5739
173,904
3602,1166
113,1014
3381,5335
4220,2240
2472,2763
3276,3650
3842,3024
4046,4047
2474,1374
3642,1972
2240,3580
2667,3089
3032,2508
4632,155
1496,1798
1374,959
6327,7323
1166,1791
2145,5210
984,789
4176,4179
4073,825
3373,4179
2947,2485
1549,1385
1207,4994
346,3871
5802,7052
5655,6530
5796,5262
1808,1285
4781,6458
5119,737
1496,2923
109,1969
784,1849
4142,4480
6487,6496
4219,3958
4221,5484
2775,5273
3691,3238
3691,5963
1487,1662
4653,2354
3027,6600
2565,4044
766,5121
2326,4938
3059,3537
317,299
727,4191
6907,7788
319,371
2093,285
1922,2364
600,6330
2120,3082
166,6948
998,1597
5198,5123
3642,5739
4036,3027
6072,6241
2688,2066
3394,3516
737,5814
1074,6156
6560,6832
3527,3200
3603,1305
110,1007
6241,7961
5445,7699
710,56
2740,3804
1169,856
2495,2182
3477,2210
5485,8296
5190,5651
5190,5650
5543,5273
1097,4735
4041,4780
4534,4531
6218,7553
3150,2651
3192,1990
2016,2237
173,853
3297,3117
759,5423
1757,1857
2687,2338
4315,3645
4967,5509
5123,5233
2186,3607
4967,6496
6523,3334
947,2651
4144,6246
7055,7131
941,1439
993,2134
254,881
2560,2252
7490,5605
3028,2426
856,7803
2085,2322
319,3029
154,308
1151,1597
311,1151
4353,2001
2791,2375
1097,1700
4663,1305
157,1014
7900,8168
4818,5814
5187,4574
339,1296
6789,6417
3457,3103
3976,3334
1542,771
1055,1437
2686,3265
109,5697
2646,425
6918,6560
1179,214
11,881
3258,3030
4899,6098
311,1279
7055,5605
2747,2674
72,730
4894,4041
2237,5844
996,403
1767,1777
5804,5871
6951,2658
3020,2912
3896,2307
5187,5928
2855,6552
6447,1352
1305,3018
6360,5922
5773,6388
3794,3748
3348,4037
1166,1688
8,250
7614,6032
2135,2830
633,298
742,789
36,1956
1487,407
4981,1982
5190,2605
871,1167
1279,1211
1184,1374
4124,2066
546,6576
3378,2411
5980,3634
1075,1111
2703,8293
2871,5539
8107,7553
1132,2651
3375,3464
1319,717
1697,762
1380,975
4632,6634
706,1411
600,72
3682,3260
3615,778
4813,5439
2576,3962
182,1156
3796,5058
5802,5739
2488,2102
2819,6780
1667,2580
5818,5543
1395,1700
5020,5176
2294,6229
2285,7478
2502,2506
11,1689
6479,5254
2371,3059
6596,4071
2698,2356
2099,2085
1592,1593
2981,5073
2411,1919
3803,4962
3634,4384
2240,4099
1566,3537
7099,7400
2547,6098
36,5022
3349,3351
1010,314
2871,2746
27,4044
2343,1992
4438,5204
9,559
4598,7279
1997,2475
143,5288
727,2877
1098,7063
579,626
2102,1012
4967,6897
3770,1549
3843,3443
766,6442
7053,6634
3461,4648
1029,1123
5484,5178
6459,7108
2859,4552
2865,214
457,5061
3666,2871
1166,4808
2560,2646
2696,4261
3447,4712
5189,1799
4152,2433
3402,4719
707,1026
1982,1267
7052,8168
5553,5563
5591,6409
2651,4111
3456,3089
5836,5991
3634,5683
4089,3309
432,1402
3175,4831
5910,2565
6783,5829
1487,2356
695,1983
1133,1156
113,8292
109,4536
2768,2968
3641,4173
1247,2620
2674,5176
101,1077
1496,1646
4166,4055
6916,8219
2226,7890
2369,5714
7953,5466
4070,5693
896,6934
5551,7391
2299,5814
308,317
3188,3028
4065,6699
634,1164
42,396
5162,1352
1029,432
1166,1285
4077,2653
1210,6790
4785,4796
4795,7351
1471,2499
722,2926
6053,4310
1506,2674
1133,5559
2485,2585
4988,5404
11,882
2068,2242
3813,3645
5313,1473
3191,5335
3394,2775
2706,3587
3691,3106
2935,3002
7156,6327
4948,1982
457,2973
2657,2693
2560,2210
2667,4798
4846,5141
132,1861
1306,813
2667,5624
1166,3191
457,6156
1297,2966
340,304
2565,5887
3092,4875
922,908
166,6004
1769,2253
457,4527
2981,6555
4040,5064
2565,3253
6615,2785
3404,3489
47,1286
5625,5321
4143,2328
5123,5130
1428,2629
1374,1648
1496,762
2419,2420
813,3615
2660,2654
4899,5844
3031,1267
1360,4189
5839,5980
3916,6555
306,656
2700,2932
5250,1247
4626,3796
5796,4764
1297,647
3770,5582
1160,810
3787,3454
826,2325
3614,3103
6305,5254
2737,2398
2606,2625
5524,6097
4219,5204
2967,3453
1356,4201
3315,6001
104,396
6082,6571
3600,3173
2326,4013
6624,3293
2688,2617
2249,6503
3642,6400
1487,1648
1717,1744
686,334
139,849
1714,993
5582,6327
6179,4065
4943,1024
193,656
1098,1754
7357,8174
2660,3887
28,627
3973,4191
5002,6296
11,506
996,1185
5690,5693
1468,3645
3333,5482
993,1633
8173,7391
4440,2871
1997,2240
182,3192
556,999
854,2112
1386,1848
6946,4884
996,1729
820,1819
766,6458
432,4037
3798,4051
1133,633
3586,6032
1623,2345
2696,2912
2700,3410
2567,1211
956,417
6,619
1441,1486
3985,3634
762,3976
2688,5179
7484,5902
6494,6832
427,1593
1915,2535
2775,2285
1615,3136
2859,2508
8,637
1838,1969
2688,4552
2298,1211
7502,7553
1374,5404
5173,6555
3615,4349
5179,2535
2620,5254
2118,2657
3352,3404
6483,6606
7379,1026
7821,7649
1542,2276
5524,8121
6460,7952
457,6832
7049,6151
4442,5100
1552,56
313,2411
122,2384
5802,7587
988,2490
5810,7237
3031,3265
33,56
7047,7726
215,299
2411,5484
1193,1259
4581,1185
766,7561
3771,3772
4191,4558
937,958
4967,5743
3146,2697
1585,1847
2384,6029
6993,7871
2660,3010
1133,5543
154,733
3313,2328
854,1437
7086,7047
2651,4191
1305,691
1666,1471
3787,762
831,2095
28,8284
1697,2252
1835,6437
2290,3811
2240,1888
3175,1453
2209,974
4187,1310
6460,3962
3028,4962
161,2151
3813,5254
340,396
6618,2785
3350,3903
1097,2102
317,930
10,619
3642,6107
2747,2657
766,6337
173,1604
2258,5273
5927,8051
2565,2660
1428,2256
4547,3140
3641,72
626,1167
1151,2202
2472,2547
5697,4037
5554,5484
1374,3631
3660,4384
5800,7882
83,1385
5446,5449
2369,5545
5591,6417
2700,2384
5176,3796
2609,4712
1751,3260
319,4587
4967,6682
1103,993
3787,4191
825,2674
3813,5963
7047,7341
3724,1297
1368,1186
8157,7620
24,2746
1374,2121
4151,4600
2255,2815
405,2134
3556,3276
3449,2764
988,8224
6523,3084
3449,346
6771,5871
4988,2516
7129,6993
426,56
1982,214
306,2654
2229,1990
3586,6227
1297,2647
1608,559
1496,5459
6596,5812
5110,4798
3381,6715
1733,15
6305,6613
2258,1549
1228,15
6993,7946
749,3417
2485,5445
664,2470
132,756
6488,6869
2456,4781
1305,3887
5768,8295
2473,1374
1064,1201
3995,4824
2699,4735
23,252
2565,1653
2549,2576
6846,6388
762,2066
1660,1661
4355,5323
3719,1549
7002,7620
796,1550
1922,2135
730,271
1133,3645
5022,3479
1395,1603
1335,762
187,36
7579,3310
2085,1992
3614,2764
7117,7144
2660,2830
2651,3548
769,978
3394,3454
312,750
7682,4037
6123,6774
2474,633
7158,6327
6051,4310
2365,2727
1553,2825
1297,2900
1319,1165
1612,7810
1050,1441
704,317
1820,1621
2323,4531
4661,7855
5022,6770
2940,2932
4750,3748
317,742
6299,7295
5008,5073
3190,3408
2686,2338
3541,3888
1594,2135
407,1201
324,742
986,171
3026,2660
5150,4530
2411,4547
3402,4480
2565,5162
3571,2653
2912,1769
3691,4310
2472,1154
5286,5415
5189,6774
4889,4588
4725,4044
11,3002
6270,6198
176,1190
789,5412
769,626
5285,4587
5189,5637
3392,3892
4133,3956
2871,1919
1522,4463
4792,5605
3562,3892
2328,4709
3449,4796
6305,6790
2033,1548
3010,1915
7564,7618
122,608
4076,3456
1210,1377
74,955
5022,5524
2660,2918
2983,7810
1615,1442
3522,5639
553,893
3032,6737
5301,5273
3388,2565
2872,1297
132,549
255,1286
2688,5872
11,674
1204,2662
2485,7965
2237,3807
72,204
3025,1919
5301,3498
11,1441
2932,4261
7171,6714
7054,3238
2700,3291
1308,1413
2578,1653
2595,3117
4980,4777
863,849
2740,3520
761,2151
6772,7835
341,1123
5423,6006
4041,5624
4653,5146
4824,4929
5605,3334
2398,4528
922,904
4065,2134
4792,4507
2713,4453
1133,3643
1114,1770
5534,15
695,1979
4846,4587
1549,3033
707,3136
1585,1646
1090,1186
2688,5239
35,853
1357,1525
2566,3348
1197,1201
5857,5273
4189,4315
1215,2604
5819,7553
173,317
600,1927
2964,3034
8211,8212
5069,5002
2504,5484
3031,2565
3666,3393
865,857
1380,1464
5188,4797
5935,5178
4,363
317,1490
1836,959
1549,2662
5079,6618
766,2544
3461,4811
899,2834
4899,4929
2411,3446
5998,5140
663,1394
2900,2593
3814,4055
1137,3537
2410,1799
3527,3117
2593,2411
3631,2544
1838,1239
2328,1049
2232,2647
3639,5055
284,19
3352,3967
4142,3394
5802,7279
5022,2535
5487,7924
3028,2231
24,2999
5189,4631
2323,2066
236,28
4434,4827
328,1026
36,55
4967,5392
4483,6873
2264,2385
11,3660
236,428
2688,4687
3015,6481
1608,1888
4137,3192
4967,5210
4792,7946
290,2579
710,1718
2674,2356
1764,1811
2381,6498
4653,3796
310,784
5802,6472
941,1286
6421,5295
173,771
6914,6417
1424,871
3084,3680
3343,2585
1037,2165
1386,1893
3786,6567
5524,7047
2972,4827
3634,1159
1542,2516
87,5022
1700,1816
3661,3024
2134,3125
769,214
1919,1787
1074,6599
1594,1230
6550,7238
3456,5020
5939,5994
4144,6328
546,1979
4353,5459
1675,1956
6305,6783
1549,2981
4536,2364
2925,2877
1772,1012
3397,3018
1549,2366
1098,2178
1984,4191
5103,7862
6627,6330
4338,3537
993,2062
2118,2435
5261,3691
6443,7131
2831,4310
2229,1792
1525,665
4964,4297
1605,1657
4824,3586
306,3089
2256,6337
2297,3926
706,2400
138,941
2559,1729
4967,5445
1236,3276
311,1754
3478,5732
1151,904
1632,1471
993,2341
825,3908
291,2517
1549,2470
3569,6347
1135,2240
1836,722
6900,3334
1367,2144
2323,3443
1236,4463
707,1007
3293,7908
766,3691
1151,2504
6218,5902
3469,3567
3024,2594
86,1514
6914,6714
5820,7839
5176,5545
626,802
383,175
5323,3897
282,34
2272,2398
1286,2145
4564,2398
312,1234
3447,5061
1767,2340
1538,1893
3819,4013
1063,6006
2660,3150
737,2620
580,4653
457,3976
5675,4574
662,658
2452,7047
1471,1034
1166,762
3787,4551
737,8163
6220,5479
407,1000
4151,4662
6032,2658
3854,4827
280,1014
6918,3962
3469,3473
3662,6330
1142,1603
7301,6914
3615,3664
805,1497
1089,259
4781,7012
4814,4999
5773,5002
7687,7683
788,545
2651,2289
1167,1220
1267,1018
1931,1964
3176,3796
993,2654
2145,3140
6616,6560
2696,1267
986,1201
2559,8294
4468,1688
1381,1315
325,2790
5802,8051
3512,2209
2237,1357
4036,4929
6,1657
6197,4980
922,1979
249,1652
4448,4648
3452,2516
4430,3014
2859,4088
4219,4297
1253,1199
3180,3489
3943,608
7047,8224
7164,6789
11,5026
173,5799
2688,5459
1615,1648
5655,7653
2775,3034
3557,3615
3682,1777
2387,3910
3521,5844
1280,1277
5002,6628
4899,3238
4070,5026
982,1012
1166,1961
4492,4510
1247,1514
5446,6320
2693,2932
2811,4583
4428,5222
766,1964
3586,6680
3390,5775
4982,5058
1549,1787
1480,1811
2120,4735
2256,4078
4967,5387
3110,3615
6312,5233
663,710
3032,7620
1319,3650
3072,2550
308,3005
1098,3580
766,1653
3033,3650
2560,2324
2953,2654
2940,3557
3276,4021
3688,2654
1424,2356
2229,2579
6701,6700
24,2922
24,1193
686,1032
110,2397
1151,2329
3748,2871
1390,1705
922,1621
45,55
4653,4547
173,1791
1068,1125
1922,1992
1419,2623
1167,1035
4429,3854
23,282
36,5144
3453,4792
2264,4712
1428,2958
2700,3489
7327,6832
4212,4798
315,643
7902,8051
784,2120
5524,5739
5820,6241
730,2339
3402,1729
2832,3812
7901,5812
4125,2328
6923,5289
426,28
1549,2097
2790,2114
24,2871
1496,1969
311,2241
2237,4828
5697,3631
1306,298
1075,227
291,2066
1814,2721
1259,2790
1267,2999
1952,1816
6327,7074
3343,2510
2463,2470
2599,2665
4846,5341
1707,5465
4489,3456
789,5058
12,663
2458,5210
2585,3024
6784,7497
928,1514
1368,3265
3456,5839
7682,8169
1542,6914
6,7161
3735,1549
4686,3089
407,1652
2565,4127
6598,5543
2711,3548
5796,4065
319,3830
1717,3516
5981,3586
791,5254
1428,1444
6421,3084
4828,6472
457,4846
1201,941
3965,7961
28,94
587,704
1028,1123
5696,5121
2660,2328
2688,6417
3010,1799
1166,6720
3404,4448
1550,1596
2264,1729
2746,2651
1734,6553
5396,4500
7425,6780
1820,1888
5177,6621
710,979
1401,6347
3366,5637
447,417
2851,5022
3796,4127
2118,737
1230,1062
5022,6665
6906,5288
6486,7587
1394,1758
784,2097
3452,5449
600,3835
1297,3516
5873,5482
1006,35
72,966
5596,6685
1127,3404
3607,2535
3461,3464
2623,6261
4222,4528
5761,5800
5176,72
2476,290
1456,1464
4441,6554
2286,1035
2713,4299
5189,3796
2117,2966
5802,4488
6525,2433
6327,6805
1990,6707
2565,7618
2133,2625
166,733
3345,5254
4437,5897
2688,1416
4653,5635
2524,7803
2129,4234
227,407
6941,4507
2871,3192
304,971
4437,7115
319,762
825,4986
1064,1680
334,985
457,6458
1237,922
2510,2727
3660,3887
4441,4613
3457,2612
922,1035
4441,5002
11,1628
584,1600
6924,6555
306,3117
2565,5772
1204,2231
1384,2828
2135,2381
5177,6613
1799,4662
5173,6665
3110,1734
1965,1284
20,6262
5787,896
1701,3238
5708,5254
2226,4661
782,407
6918,7092
1075,1080
1820,3117
3449,5511
3120,3324
457,2774
3084,2160
2691,5757
11,607
2599,5412
3449,5848
2240,4528
5562,3897
3107,2210
3026,3568
5184,4587
5423,4795
7391,8209
4093,4235
2674,2851
1733,5527
1772,332
457,5680
2565,1416
2099,2182
6239,6432
182,1416
29,733
6907,6243
3586,7012
1297,2323
7057,8224
4632,4037
4948,5130
996,1814
4982,4653
3614,5387
3796,3568
1428,1985
7614,7092
4310,5624
710,1439
3258,4191
11,3024
993,1297
4681,1498
7637,7833
761,2398
2693,1310
663,1007
127,3089
6460,7497
710,1092
6618,6994
1875,2686
7113,6422
5802,8225
161,2474
3457,7478
4036,7699
1608,1747
5341,5254
122,1992
4943,3813
5814,2851
7176,5773
988,3034
5802,7301
4406,2535
6620,7094
4441,7238
5079,5584
3813,4031
11,6170
3451,4234
4319,3568
80,779
2658,6000
4298,4299
7902,8224
7550,7553
3622,1157
98,10
5079,5638
20,1164
3982,5079
1428,2290
1133,1026
1885,762
2120,3538
3922,4779
1608,1622
1424,1291
7401,6123
3666,3554
2660,3352
4222,2516
2950,2972
7449,5079
2403,1842
1661,5148
7047,6044
4044,4613
2485,2747
2560,1291
6523,5902
1835,5714
3304,3529
1212,2625
2326,4468
1151,2828
5531,840
6596,8186
3459,3015
697,1128
1210,2657
5123,4574
2688,6094
47,389
5819,3643
1082,2708
5806,6756
1674,633
430,991
3276,3967
1794,3034
86,2128
2326,417
3562,3537
4252,4124
3655,4110
3586,8128
3725,2411
1419,2277
5437,6009
742,1038
1097,737
6889,7233
1962,1987
4553,3334
2909,5123
1670,2294
2660,4463
1496,2251
896,3856
109,5760
2541,2251
5822,6097
317,882
5714,6930
996,765
1083,271
5445,7359
730,750
8,30
1717,2999
87,7649
6812,6770
2686,1159
36,982
1062,3351
3787,1982
1000,3015
844,805
3571,5799
1489,1374
2120,2290
704,647
2872,3973
1210,1787
2072,1031
3691,5529
5800,3000
1370,3755
1210,1893
2510,2410
1235,1413
3463,4510
1549,3847
28,310
1133,4677
6596,7632
20,829
4428,4124
860,228
3081,3480
3454,3912
3133,3136
405,1277
8189,5738
3456,1769
1133,4820
24,3748
1075,971
2537,1186
1133,4827
3394,4189
2473,3126
1585,1855
3209,1385
1783,2246
7053,4401
306,2686
5479,5182
3457,2686
1701,2625
1565,1211
3196,2585
7281,6503
1756,859
1129,887
3806,608
7772,8204
5817,5814
4358,2612
2009,2328
6241,6784
2900,1267
4364,3014
826,2625
7064,6097
3479,6218
1202,1291
2653,3537
2660,3192
2225,1992
2702,3408
412,290
339,668
546,1482
2120,2001
1520,1032
5011,5285
5814,6967
7362,7587
2559,2542
5416,5417
988,4401
993,937
4212,4815
789,3417
2859,2871
1401,5103
3498,5936
941,1768
5243,3103
56,2651
138,298
3633,3946
4829,5326
2688,5513
6305,6789
1046,769
5814,5818
3586,4748
1055,1157
68,4111
4792,6560
113,1855
1919,1997
2775,2120
311,1357
986,2237
11,299
2674,1166
1043,762
3642,15
5457,5891
3643,3024
3290,2594
395,35
154,4310
722,3681
4070,5994
1830,1542
766,4715
3569,3200
3624,4024
46,370
1667,3447
2230,2120
6394,6006
2485,3010
2379,1777
4127,4424
3601,15
5702,3238
4338,95
937,1061
3449,4662
3461,2552
5187,3796
1481,1484
5814,4037
1769,2479
1357,3117
1794,1166
2593,2958
1374,4530
3462,4037
986,791
306,684
6946,7397
2653,2354
15,214
178,1799
2565,5807
2958,5772
825,2209
3447,7414
2549,3937
3292,5404
2116,1166
29,154
988,2923
3635,4191
4741,4828
6609,6327
3743,5123
1961,1963
633,311
3453,5306
4144,5626
5543,6251
4065,2932
3032,72
1098,3537
7052,7695
2233,332
1542,6505
2605,5189
3445,5100
1594,1534
7378,5806
4138,4191
5524,3919
7226,7553
50,54
1470,1701
6875,7443
1063,5273
11,2490
2707,2653
2697,3030
2593,3082
6488,6327
1614,2777
3457,3461
4654,6148
3209,5233
3449,4661
2566,2066
1395,1597
1006,1783
3787,1360
5775,4709
5197,5204
2369,5563
3456,3352
3642,5950
2561,1956
2384,3321
4127,2328
3238,3084
1555,1514
1741,2501
59,2470
3522,4044
2595,2117
5802,7666
6523,5079
2547,3276
712,795
2690,2662
4056,1024
1166,2348
315,798
3449,72
6745,8297
5591,2914
2645,3394
5103,5584
1374,5886
4751,5083
2417,2721
1924,6789
2411,8293
2289,3117
319,955
1395,1419
4215,3439
1135,2135
109,7115
1166,3030
813,4041
3334,1571
3779,1024
3457,3607
766,4335
2689,5650
1278,4365
3456,2787
5185,5605
3813,896
1997,1697
2564,2693
737,7669
3541,2657
1582,1279
1667,1859
171,299
3191,5415
6200,4037
315,1382
3024,5697
3367,7400
1035,947
2658,5897
5173,6270
4138,5155
6270,7257
1549,2814
3381,2511
3034,4453
826,1837
7046,7553
3392,1549
74,995
3995,4547
2237,4719
5802,6243
7092,7414
3479,4040
11,1768
4516,4199
6020,7277
2972,3417
1097,4247
633,857
2133,1547
4042,3787
6270,4134
2651,3321
5002,4966
265,600
766,3555
2699,633
2632,2593
1374,5714
1549,2237
988,2708
553,4712
2674,8293
3683,7478
10,706
17,667
5802,6474
4099,3456
956,4201
2804,2805
1972,3084
6038,5188
2290,2674
8046,6618
5179,3274
6678,6156
1147,3480
127,584
1596,3265
1982,4536
1169,3871
766,4689
3438,2576
2565,7707
4851,4600
784,2237
3457,3856
122,3258
11,95
2860,3018
698,3117
2576,5148
4981,2658
5814,6982
336,86
634,3192
749,7115
47,405
1000,968
2485,2902
4044,1305
1499,1573
1013,1044
304,1446
6859,4037
172,3020
2983,6720
5233,5818
1317,1296
2565,7351
4795,6474
6151,5624
2440,4687
2120,2205
4124,3447
4653,5215
1103,1842
988,2593
1377,826
2552,4828
1165,1956
5102,3459
2688,3541
766,967
2256,2825
319,5178
4065,4269
7386,5378
4046,4558
2688,4044
2981,3321
7862,1982
5189,5936
2240,2665
231,391
3447,6360
2234,3150
2472,2116
2135,3276
600,372
5179,6946
2240,947
4045,5026
3643,3967
122,3309
2226,4266
946,1186
122,3007
948,1156
6907,8237
946,1549
4681,4993
232,271
5437,4828
1915,4875
4441,1769
5818,5295
3394,778
1542,6246
87,1307
2688,3537
2871,1157
4422,5963
7360,7351
2621,5305
5123,2160
2698,2651
1042,7073
960,1322
2237,5092
5945,2765
5177,6251
4082,5680
2473,2599
36,3089
1972,4712
4829,6560
4632,2490
2145,5130
7378,6946
5543,3634
2780,2972
1305,3073
79,659
546,2625
7449,7021
1789,3796
4660,3321
1000,5963
2832,3144
2398,3516
154,15
3345,5784
4337,4191
173,5511
3480,2775
1395,3029
6714,6560
2686,3338
4712,5651
5612,5295
4310,4341
831,1927
988,2951
813,937
136,1493
2116,2721
26,226
1717,2397
2621,4719
2651,2290
5823,4875
1962,1858
1733,2516
1542,4338
5484,4600
1992,2504
1697,2101
1322,1497
5176,5426
766,4884
615,622
2930,2877
3380,3615
172,2708
2229,2708
2760,5083
941,1330
311,1055
2371,2977
6829,4536
5139,5182
600,2643
2174,2620
94,243
2133,2345
974,1297
3006,2968
4124,762
3394,2328
2256,3609
1166,6305
7052,8178
1133,4500
5188,5479
5582,5432
7026,8083
2972,2576
6749,6491
1555,1893
11,559
6784,7442
994,1633
2290,3547
6771,6833
6522,6783
1374,290
4040,5288
2859,3028
1210,298
4829,4127
6951,7393
3127,2657
7833,7890
171,887
2485,2597
2241,1997
1196,3769
2699,3265
5800,5655
1166,6832
3038,2256
1395,1396
122,4977
4550,5335
1200,2856
588,947
4681,4588
6270,6930
376,1330
5188,6589
4818,5790
1521,403
1353,4338
7236,3084
3402,5449
3449,3873
4967,5439
7864,4981
2859,4171
1542,3381
4792,3447
1701,5638
4632,2774
1991,1521
5775,7979
36,1125
18,549
1823,5804
3724,4179
2653,3461
813,2597
3456,3635
1419,1521
1074,6595
317,707
1608,1983
6415,7510
432,2871
805,35
4144,4983
3835,5020
1167,1476
4681,3297
79,857
7327,5199
2608,1419
132,19
3032,3926
6946,7642
3973,4216
7405,5605
3027,15
499,1218
290,1482
1564,1783
6906,7101
5173,4940
6460,7386
4828,6955
2967,2966
5802,8148
1542,859
1380,214
5106,4037
2368,3021
722,3258
2169,946
4557,4041
29,8
3642,3842
3028,3258
2686,5980
2707,3024
854,3253
1022,1123
4077,2565
2923,2585
6619,7436
789,1390
166,8132
7,32
1386,1585
2088,2095
3648,3026
1922,3408
988,1781
8050,7238
5118,4797
3404,2727
2065,5254
47,756
7906,8219
1489,2060
306,4365
4536,5650
1374,2066
3154,1781
2102,5947
5596,8295
4036,3958
4092,1307
4483,5527
1977,1608
2560,3567
29,86
1808,3404
3006,2721
998,1661
766,644
1319,2593
1009,994
2696,3435
633,906
8066,5210
2387,5511
412,681
4894,6261
2298,2900
795,1587
2072,2669
1972,4713
2159,2210
306,2324
47,152
650,1296
4717,2565
2700,4201
826,2708
1151,2114
3404,3903
2608,2322
3458,4551
4266,3660
166,204
3658,5341
5543,5121
3449,6306
2560,4298
5932,8295
2093,2240
2290,3117
986,922
290,3408
457,1157
3969,5058
3477,3650
5806,6737
3642,5176
1470,6262
312,936
2770,4110
3724,4110
1737,5301
140,34
4840,2237
193,1297
5079,3755
2871,3258
982,4058
1813,4531
2485,2237
457,3919
7047,8246
2328,2544
4632,6255
4046,2511
3770,3346
2091,2643
988,3148
310,3634
2180,2181
5811,6736
339,895
2478,8292
2145,4037
1167,1498
4232,4485
1424,2625
356,259
2672,1419
826,2922
3639,4261
24,2955
7352,5079
4967,6226
257,937
2693,2973
2134,4323
7012,7910
2623,3258
2700,3661
2693,3117
1896,3887
2476,3034
722,2993
3027,6554
1151,7795
14,2470
4310,5123
4437,3309
922,1377
4124,2229
255,706
356,282
7980,7979
2240,3024
291,346
1608,2325
43,857
722,3812
5775,7992
2256,5412
3522,5457
5203,4929
6510,6560
315,259
2654,2697
4824,4986
1395,1407
1795,5773
3456,5543
5531,6272
4967,5822
732,549
1794,2251
2585,5121
2256,1549
1286,2955
1585,1492
3522,5683
5531,7414
168,993
634,4297
2209,2504
860,317
1991,2256
5028,5671
5612,5002
4756,5459
5103,6097
89,3974
6958,7060
1305,3461
1102,1080
5992,5994
823,304
842,935
2297,5584
5800,6447
3449,4551
10,665
4071,7553
2688,3614
2565,938
521,1018
5189,5745
986,1549
457,7381
2379,3631
7393,7840
4144,15
705,1282
1133,3191
1487,1847
988,1754
26,560
2617,2535
1221,1137
635,1321
59,3
7229,1026
6863,4037
2697,3635
2274,1012
1885,1482
2972,4412
1151,3480
5301,5527
1972,3417
5814,6790
580,4983
407,3645
5226,5972
3402,3144
2671,2294
7743,7005
6523,6976
1166,1637
1142,2381
1137,2071
1549,2356
7055,7965
1583,1919
6510,6765
788,6302
310,5222
24,5327
1615,1137
1166,1185
5312,4335
6184,5822
2129,5891
73,363
5188,5061
3033,2830
5468,1799
467,2625
7092,5835
407,2137
5079,4468
3026,3480
2120,1549
7054,7646
4487,5208
2872,4043
4982,5222
4273,2433
7047,4507
1284,1723
3642,5301
1151,1565
1193,762
2229,3537
6563,7809
996,6306
303,302
87,600
3032,2912
122,3847
7968,6422
707,999
3015,5814
3956,3089
2488,2240
7923,7927
5406,5412
2565,4385
2790,4466
3642,4488
3787,2354
254,257
1691,1836
4040,72
7045,7021
1166,5963
1075,1842
87,3027
2693,896
2660,72
1967,2693
4044,3835
5446,7088
1550,1729
5656,4653
3666,6098
1700,2809
2102,762
1358,1497
407,1236
4846,4448
749,7992
904,2643
899,2818
2320,8293
4795,5872
5666,6560
3209,3804
3642,6736
5532,6566
784,1864
21,893
2688,4820
107,8287
5184,5020
2658,1100
1319,3005
5658,4653
1032,4712
3452,4040
826,1565
180,1476
5531,4065
3032,4373
1248,2151
707,1297
3449,3309
36,322
1278,1201
6024,2433
7281,7632
872,1164
1751,665
1234,1428
2272,2619
5342,4632
4829,4124
457,1884
6486,7381
5524,7422
2115,1186
2658,8209
5562,5568
12,609
6221,5643
276,132
3352,3144
1125,407
898,2764
44,2508
3796,5182
3402,3956
2557,56
3274,4483
5438,3027
3897,2565
2274,332
3290,4587
3772,6930
2871,4827
5171,2258
3304,3371
3031,2653
5810,6715
2693,2297
5773,6272
3449,2354
3541,2686
7775,7553
5199,7279
4813,608
2686,4310
177,56
310,5524
5524,8169
8162,8163
3843,3276
3032,6432
4063,5123
2623,1297
1380,1754
6784,5484
1098,5829
7057,4071
1151,1000
5038,3002
2502,6634
4437,4468
2473,2902
5218,5222
23,1478
1097,3580
3402,3724
1466,960
2183,2185
5028,4981
6241,5289
634,2485
2297,465
2009,2257
3976,4977
2510,3529
21,422
789,817
749,798
192,406
5176,5650
6180,15
1151,2345
1200,3456
960,696
2256,827
3724,2746
5479,4276
1133,6148
3724,4510
3238,7855
6346,5295
1352,1124
6914,5839
7774,7778
3056,2594
2392,2397
2542,1307
27,590
3764,5807
2713,2508
2003,2508
4550,4530
2746,4021
996,2951
1193,6560
2560,3967
4894,3873
4547,4044
7045,6712
1166,4781
2565,3458
3024,2660
68,7544
1319,1236
6305,6505
909,6789
618,673
143,250
663,1754
4483,6151
1319,2328
3032,3020
1542,3027
4688,4827
4586,3352
695,756
5119,2398
11,4013
259,1375
5177,5809
766,5459
2557,1723
2371,2411
3615,3352
5037,5743
4065,4072
4748,6594
6907,6634
7188,5811
2240,4256
1374,5002
5246,5467
436,232
3917,1729
1608,3089
1074,4713
6220,6299
4422,3645
1473,665
1167,1893
2371,3140
4260,4263
2062,937
7598,7225
3787,7529
1612,5012
2623,2620
4688,4706
937,1156
1247,1585
1769,2371
1210,1186
2364,2819
7046,7688
2560,2066
4973,3537
20,429
1542,5799
1608,1230
4077,4735
2657,2790
1522,2426
2972,3447
1847,2066
4633,4666
841,3803
308,447
6618,6765
825,4030
2831,2619
1473,8002
5531,6833
2871,2619
180,2727
2704,2324
643,3803
5178,7910
5524,7809
9,10
1757,1137
5102,5484
6320,5804
2653,1549
805,2066
2452,4341
4380,4384
825,8293
7335,6832
5155,5231
1305,2366
166,5210
789,844
3192,3092
1151,1200
3923,1453
5714,4041
3256,3717
3026,2592
4468,5592
5877,5123
4598,7757
7405,4037
5173,6806
1428,2805
255,280
128,2900
3527,3480
2472,2225
1381,1514
4127,2066
2256,1918
7262,7757
42,756
6772,5233
759,763
11,946
2230,2619
5140,3106
6624,7052
2688,2433
1781,2657
795,960
5185,6306
86,2409
1847,15
1549,3939
3107,2485
2871,1777
2964,2746
2326,2252
4077,1247
3392,4583
4140,8174
737,7632
1151,6094
5246,6596
3813,4179
1717,1973
3088,6156
4478,4480
2565,5829
1350,1211
127,3114
5543,7279
3877,3117
4070,2958
956,823
2237,2654
546,1953
2381,2398
4076,4811
3366,5210
4042,2981
5805,3897
3142,8198
546,6715
2071,2145
68,2001
1378,2371
8048,5812
6865,6901
2332,1012
6399,6400
6616,4536
706,714
5020,5130
11,859
5404,5790
1644,1997
1352,1956
6914,3346
6,963
904,506
3562,1297
993,1629
2658,3346
635,2328
6946,7436
232,1563
7578,7005
5179,6148
4994,7649
556,829
4245,2516
2651,3914
4662,3631
3452,4527
4045,2511
1585,1979
4970,4482
2912,2135
310,866
4364,3309
6316,7052
1166,2381
3643,1385
4726,4468
706,1014
805,1097
5189,5799
2689,4138
5423,6530
1707,2181
6298,6328
6458,6004
2452,5902
4273,6715
1462,1165
2851,2871
7471,7237
1549,1100
2713,1157
3454,4188
1697,633
6174,4940
7391,7341
1428,1661
5802,4983
3449,5215
72,756
3037,1166
2416,2708
2651,4448
23,794
3297,6918
3965,1549
4574,2516
1067,243
4666,3293
3192,2831
7120,6560
2578,2117
4261,4531
2565,5132
3519,4448
2145,3376
255,2066
5933,4875
3059,6347
51,325
36,228
1384,762
2369,7908
826,1319
3976,3897
1990,4735
128,2062
766,6784
3806,465
5177,5002
7940,7021
2654,3800
3641,6869
5155,5240
3611,3737
871,941
2804,3537
1473,1679
1062,1772
6323,3291
1291,1330
306,643
3449,6166
3642,5784
319,1199
1305,1769
2654,3922
142,700
4966,5335
1748,4500
2549,4777
7391,7862
293,299
7415,1026
3447,5189
449,3548
6618,5002
3026,3033
6619,7162
1985,3956
1166,6789
3052,3056
2328,1836
126,1855
2790,3800
6414,6560
3519,3028
457,3404
988,737
26,127
7775,5179
3969,7214
5531,2774
40,252
556,1963
2842,3351
2135,3452
3439,2871
8,150
1582,314
1967,1990
7564,8168
1549,3029
4065,896
4099,4661
3366,1961
335,4994
1137,2073
1267,2014
7945,7620
2371,5459
1185,797
2209,3018
6474,7649
7018,6774
5012,4666
1496,1360
2062,2145
4124,4220
5946,5963
5339,5524
1374,8083
24,1566
1468,2646
1614,1628
2972,3645
1305,2209
6381,2433
1395,1428
3352,1385
2485,3274
3258,3804
7585,7587
1585,1279
3691,6934
4792,5254
461,477
1416,2426
5802,5096
813,2707
6596,5421
4828,5806
5048,6869
1142,1476
3449,4929
1111,5412
3956,3461
3641,4335
2972,2696
28,1026
3352,4471
5002,6124
4859,5055
7225,6979
2010,6523
1137,1646
879,3059
4136,2328
6907,5529
749,750
841,2993
974,2328
6624,3969
600,8042
2859,3321
3459,5811
457,4044
46,280
3462,72
737,7185
1962,2106
2053,1200
1492,826
463,368
3586,5800
960,1000
4045,3645
2328,5188
4803,4808
3291,2958
2699,3253
44,2652
57,549
1384,4021
2704,2991
20,368
6563,3803
7666,7691
3814,1307
1319,1261
2576,1297
1922,5132
1202,1297
1151,3452
7099,6270
1133,3034
1166,6634
1041,5790
6789,6634
922,1220
2456,6570
5783,3191
1769,2785
3032,5524
826,2356
1062,2128
1374,1549
2655,3334
766,4485
707,663
101,8287
784,2323
7092,3726
911,321
5184,5743
2236,1267
2237,3144
1305,2805
1200,1166
3539,2660
5079,5886
3191,4712
90,8287
138,659
2702,3164
7902,7233
4142,3453
7045,7726
3586,4994
2737,3309
1482,1514
6907,5760
1385,7699
4712,5638
1876,1717
2085,2834
1151,15
3252,825
1550,1031
2565,3145
1286,853
5531,6006
1062,1291
173,1151
20,979
795,2157
1305,3680
2713,3787
3728,4600
4788,6783
1966,1378
5696,6700
996,5484
3,348
457,1385
5166,3238
5857,4041
2660,3443
2651,3140
3479,4138
978,304
3541,3942
2688,3150
2256,6306
2892,2470
2542,6229
3956,5775
306,1157
996,6599
1734,1151
11,3073
6781,6789
2909,3443
644,863
3366,8295
5037,7871
457,5897
2547,2411
996,1211
5783,5543
2298,4424
2651,2871
766,5925
145,1248
556,626
6305,6918
166,259
6714,4884
2565,5412
2592,1799
6946,4934
2872,3258
33,440
3084,2585
136,4786
178,1014
4065,4299
2791,1297
3796,4534
7052,7233
4310,5684
2972,5844
5099,5100
4136,3615
3455,5100
2688,3103
4899,5799
3458,2257
3764,3769
4661,6555
5750,4338
232,402
5110,15
1610,1903
766,706
6618,5822
2565,8044
5691,2001
1997,1407
4089,3453
1380,1471
1202,1758
2968,2251
306,5176
5562,6156
4136,4263
4036,1159
3615,4417
3084,3352
5529,7908
6620,4037
4666,8002
5188,6594
1814,3130
737,6388
1305,2501
4598,6400
311,697
5398,5412
7888,7890
2452,5839
457,6589
2240,3005
7057,6555
899,403
2229,3251
4045,5827
2972,4162
1200,941
3144,3473
3020,1267
2440,3334
1733,3015
7768,7021
5814,5998
3137,3138
3985,6296
3658,5459
110,667
4824,2277
1125,2151
2474,2294
1374,7052
19,257
6766,4709
742,829
1127,1357
4645,4646
1167,2565
4964,7214
4065,3607
2393,2484
5630,7131
1441,1103
6934,7803
4036,5819
2940,1990
3449,5844
3350,3334
2541,3068
3498,346
4924,5404
4219,3092
5823,5254
2547,2542
707,432
2256,3646
1733,2651
1925,1633
1132,3443
24,4712
5166,7961
3661,3026
4725,2787
1428,1793
1473,3253
1985,3443
3639,1777
3787,5828
1772,1621
2747,3117
1499,1658
1549,1352
2010,3352
1621,4191
805,7862
465,2508
24,817
1855,1697
1748,1453
249,2055
4211,3455
2485,2014
1278,978
737,4791
26,132
3258,4233
310,945
2655,762
3159,8293
2298,4289
4485,4661
1291,1814
182,1007
3449,5445
2071,2073
813,3646
6270,2914
2256,3266
7580,7651
5185,1972
386,8
6772,5829
3767,3394
1542,3310
7023,3346
1769,1754
2332,3319
2145,5828
14,140
5531,5295
5190,2398
1596,2474
5802,4994
80,356
140,389
7294,6993
7092,7632
5439,5800
3252,2324
1151,2241
1247,1374
766,5799
3192,2510
3586,5872
1133,1619
2972,3192
2257,1734
8187,7391
5531,7054
7391,5466
3459,6272
1032,978
47,324
2700,3020
5360,5543
5263,5637
2541,2651
5022,6148
4483,5002
2658,5130
737,8168
11,1487
5263,3691
988,2594
7280,8141
1891,2625
865,866
7280,7908
2193,3811
1127,2350
1428,1979
5829,8295
26,681
4828,5922
2435,1592
1751,1734
346,1166
5445,3334
4046,5814
4437,2517
1734,2474
173,5714
11,1707
310,995
1350,8291
2567,8292
27,152
922,1428
3631,7391
1000,2575
3461,4587
3615,2240
4099,4776
5800,4218
3402,1310
2542,2456
704,313
1210,2411
4829,6156
7967,8249
2102,4351
3787,5963
7225,4071
6006,6505
3642,2507
3348,3459
35,391
2474,1919
1166,3586
86,3050
663,4980
3020,3371
1835,1842
403,2922
1550,4323
1521,1679
1470,1700
42,6437
695,863
4547,5058
5857,6501
154,1956
3010,5871
6984,840
3830,6098
2822,2834
2456,4981
2936,2999
1564,3030
6270,6441
457,5640
3274,2398
3601,5743
2411,1777
1697,4687
3435,1744
166,5002
5691,5830
2237,1637
2541,1211
5606,1473
1029,1375
5529,3459
6941,7587
6907,5806
6900,2658
6907,7561
564,673
6994,6714
4829,5543
1278,1816
2596,4536
6624,6832
2605,3376
265,49
789,5524
1749,3926
1124,2205
2651,4536
1621,1378
191,259
457,8121
87,4632
2688,6855
5427,5321
4862,4276
5857,1026
1166,1977
2594,2264
5233,4127
1024,1279
8075,8076
3026,4189
23,549
1395,579
15,152
2651,3926
1608,737
4824,737
826,407
1701,4110
3098,1393
4045,6699
766,6624
3645,3291
1166,7047
5655,7648
128,2069
3454,4551
3666,737
5802,6600
4224,1984
4967,6715
1010,7400
6885,7620
6907,7389
3462,6634
6934,7497
3377,2297
663,760
722,2618
4315,2398
3568,4653
94,130
2707,825
2542,4510
2072,285
1462,1464
263,922
2815,1734
143,805
4966,5459
3452,15
2510,2565
6911,6774
3624,3660
5321,5994
3643,3089
1813,2535
2549,3752
2737,2651
1043,769
1610,1428
1918,2066
5802,1026
3787,8124
3053,3117
1374,7683
178,906
2674,2597
437,232
1922,1353
2206,2234
5796,6913
1259,2727
1613,1236
6620,5384
697,1836
3439,5188
1549,5454
6305,7860
5604,6945
6712,6442
1769,1211
2972,4824
5099,5640
27,670
6976,5002
7769,4071
2290,827
922,1261
1374,3164
4111,4263
5190,4929
4967,6458
1522,2754
766,1035
769,1842
4152,4297
4040,5178
1522,3976
9,394
90,1131
1547,1573
2145,2289
5166,6606
5437,3027
7418,4981
6,733
3488,3892
695,1717
2497,3324
546,3562
7386,7791
3453,5100
4070,5327
8061,5022
1184,2811
179,135
6736,7021
5802,6714
1135,1963
4447,2871
99,6560
3447,6576
789,6715
1496,3892
2371,2902
306,857
1762,4441
6443,6855
2838,2999
2186,3321
2565,6174
4447,7561
1732,2256
3812,2958
3804,4021
801,749
1811,2654
319,3854
311,8295
784,946
816,2775
3375,4528
2932,1157
5283,5288
2485,3650
5487,4335
813,1565
2065,1842
3568,3796
1896,1498
4975,3455
7443,7092
2036,2470
2872,2979
5321,5973
686,6151
4828,3752
6023,6432
1612,8149
1247,2657
2473,2713
873,2062
2811,6634
2557,2264
5022,5977
6176,5545
3449,5568
1722,5818
5524,5179
2365,2746
2981,608
46,431
2133,2669
647,1297
3682,3816
2328,1992
1658,1697
3660,3394
5915,967
6993,7012
2688,5273
5524,5384
7378,6918
1374,7651
3417,2909
4632,4315
4426,2696
1744,3435
313,697
172,246
79,733
11,895
993,299
1278,1648
1701,1035
109,5798
1466,1718
1029,999
317,918
2968,5582
1234,1193
2972,5144
5800,6769
1492,1918
2654,3180
1248,545
11,617
1029,805
5123,4338
4899,4400
15,56
3453,4065
1279,1321
2171,1772
1210,372
3958,5605
457,762
1612,7262
1621,1049
2842,2594
1395,1285
157,704
3015,4797
2609,2625
2326,4024
1542,959
1365,6790
838,932
5321,5693
423,1384
6596,6934
3282,2790
47,5254
2909,1754
6518,5199
1166,3830
2003,3926
1549,1953
1608,1918
4040,5563
2697,2657
1074,2433
1166,4712
457,1297
312,739
3787,5263
3453,5141
1151,6229
564,282
791,214
6323,5254
1542,5891
5189,7478
3020,1734
5185,6665
3796,5055
3922,6299
956,696
7014,7021
1166,1772
26,56
1055,3136
1772,1783
1350,1622
1644,56
3009,2585
5601,4247
3641,4349
6946,5393
1521,1267
6312,4798
4355,2001
1424,1549
5524,7400
3073,3021
3453,4875
988,2565
3392,1297
826,1992
1594,1714
1972,2225
2619,4712
142,432
1247,1319
582,2144
1522,4453
674,733
2658,7683
5179,6156
107,477
4948,7632
2593,3026
2299,2560
8260,6737
2258,4712
6596,6523
1720,2485
766,4827
4688,3433
3206,1437
5315,4448
457,1159
5102,5288
1221,2324
4828,4712
2323,5799
5697,6783
4967,5814
5013,5288
5194,5072
759,897
2560,3346
2557,2102
2133,2805
2651,2542
4073,2765
1608,2830
3055,3253
1549,1678
2686,2116
7047,6320
423,427
1487,3351
395,1357
5184,4777
86,313
3454,2653
313,1593
8053,8178
1450,1319
3666,5463
1621,1492
6461,4361
1133,4269
1305,314
7019,7862
996,3557
6241,7362
7738,7277
1279,959
5802,5582
784,1485
1709,230
3168,762
4099,2326
742,707
2698,2325
4632,5933
6047,4488
2410,4098
1838,2109
3258,3541
7055,3381
66,7961
766,3813
36,2689
6914,5022
2174,2928
3394,2129
3274,72
5462,1548
4598,5263
2233,2475
3399,3018
904,1798
2236,3253
2746,4528
3457,7587
7047,7553
457,7946
1315,2195
6714,5872
4653,6505
4899,4297
2967,4103
9,250
3787,7587
5644,5335
2375,1186
6563,5897
2765,1729
3642,6613
2792,765
6217,6327
341,686
2135,3393
2210,3084
6993,6790
3519,3800
6596,7855
24,348
313,2871
1549,4256
5872,5806
6280,6946
2842,2474
1253,314
269,730
3682,2066
3624,4191
5177,7632
4415,4820
310,5721
6618,5432
1167,2106
2700,3114
3985,7855
971,1061
36,274
7092,7280
1749,2604
2485,2297
766,608
3614,2257
1811,722
1062,2341
2440,1982
1305,3435
454,192
2906,3059
2692,2708
3787,3958
2634,2643
993,1758
5817,6979
3641,5739
587,2922
5531,5262
1463,1484
6023,6006
2964,4216
1207,3291
3813,4263
2972,6699
5913,4041
6483,6496
7052,7683
3660,4463
1024,4162
1462,1701
457,1022
1419,2114
1055,959
1142,871
6900,4632
201,760
4576,4536
2118,2909
1098,3435
1492,1969
3642,5210
3457,2160
1292,35
2507,15
3380,3148
4833,4037
5022,4709
6443,3084
2688,5141
879,4528
2502,2542
1236,1847
2237,2996
68,1239
7390,7646
3447,3537
17,592
3642,4717
4045,6098
1184,8290
6198,7351
4210,4201
5814,8058
5871,8295
2688,6458
3456,6736
1549,2007
47,857
3451,3645
3385,2297
1615,1953
3614,2276
993,1622
4045,5123
109,2397
21,252
2647,2053
3453,5176
339,1053
3447,6832
1767,2946
4632,6780
704,4661
601,4234
2485,2433
813,3034
2485,8295
2660,633
4044,2917
3317,3568
457,4820
5819,1982
3724,2932
2322,2350
663,4269
1022,1156
3478,3873
190,214
708,947
3643,4530
1210,2400
1151,2479
2688,3970
3786,3456
3010,3847
2062,2114
6976,6503
1253,1636
2702,6124
439,271
2651,3352
941,1411
5934,5620
1395,1734
1569,3136
176,1201
4633,4261
5624,6027
407,285
6377,5871
2369,4315
2072,2785
546,4712
2851,3015
179,829
4036,8042
4824,5432
2595,4162
5938,3089
7045,7544
126,696
6442,6006
2953,290
6620,7073
4486,2145
7132,7063
3457,3144
4169,5233
1441,1783
663,4485
586,733
763,2257
1253,1022
836,1525
5531,5487
7055,7695
2135,4099
7052,5835
2379,3541
3785,737
371,432
6270,6942
1496,2713
3498,3014
7661,3381
78,431
1549,3800
1352,1805
253,257
2433,3439
3449,5020
3453,2381
1749,2951
2707,7647
429,1049
4185,2859
978,1297
4976,5215
1319,2727
2560,3089
381,622
26,306
1358,259
2264,6714
1549,1836
5020,95
2237,1990
3969,4796
11,1884
3814,4181
5775,7632
351,2535
1160,853
215,1771
2398,3117
1098,8290
954,2163
1041,6715
5809,4875
813,298
513,8
2967,1315
3010,4764
1711,1151
766,6501
3456,2831
5531,3089
3456,4510
2547,4719
978,290
67,356
6616,5922
11,2643
2871,3748
3479,4661
3255,3408
3787,4400
1537,2871
3991,4666
5263,5872
2256,6328
2485,6832
312,447
4974,5144
190,370
3449,4400
1537,5412
5150,2576
2240,3238
5103,7005
4468,2258
3191,5392
707,626
1395,2117
937,8288
2565,7699
3451,4796
4632,8122
6563,5714
4774,4827
5079,5215
6774,7021
4632,4297
2174,2946
4598,2440
1530,5828
5301,3873
4036,5835
2012,2135
4142,4299
5697,3084
68,5457
2504,3800
6563,5421
4725,2592
3026,4256
113,219
228,28
7907,7992
1980,1888
879,2655
2564,2576
5524,7168
6323,6784
3057,2016
2009,2083
871,1468
5246,1352
6221,6296
2480,5936
4983,7860
59,2922
151,906
2688,5327
110,7855
3381,2851
1610,1496
3032,7120
2651,1918
1293,2665
2109,5392
1608,1514
5692,5998
4073,5226
6902,7553
127,3976
7054,7561
3835,3970
789,1053
5189,5640
1395,1168
7727,4981
5079,5037
6971,4009
1326,2004
2940,5079
1395,171
708,981
4681,1305
1583,1097
2565,3962
2855,3276
1795,1453
663,4400
2326,4138
3454,2775
3597,2485
4338,4600
3479,3456
3026,2721
1610,1297
3238,6327
7047,5839
310,3089
4874,2620
3614,5326
2237,2144
3163,3164
5914,3976
2264,3926
2485,856
2084,2244
3055,1633
72,739
1352,1697
1919,214
7120,7683
5739,3919
309,322
5446,5806
1286,1688
3449,4938
2145,6414
2713,3148
5016,7890
3633,2923
2109,3562
2326,2871
12,1160
7086,5933
3274,4037
5802,6860
2297,1357
3031,3351
3461,3321
1783,3537
710,784
376,35
4673,2914
7362,2940
2564,1315
941,3117
7183,5814
4261,2456
3256,3769
3965,6496
1166,1997
3459,3898
3380,2660
72,313
600,1315
5184,3103
3854,5445
3814,3843
1549,1374
21,61
2272,2643
2647,56
2618,3164
311,1966
1166,7442
2237,3150
3036,2653
5915,5839
3028,4220
2620,7040
204,1165
2504,5828
5603,4797
4894,3808
3658,1729
4662,5083
4718,4719
6,813
4338,5423
90,75
339,2398
3084,3404
3806,5484
6619,4944
1808,2145
2566,2674
1167,805
3601,5680
4582,2398
4653,4748
998,1489
1268,1259
5452,5739
1874,5511
3634,4964
1549,2120
4899,4994
3454,1305
3498,608
3728,5020
943,1234
1210,3284
5189,6226
4142,4646
7176,7620
2972,3755
1098,1492
2526,1186
2686,2697
311,1888
766,4980
5079,3297
856,2565
3338,3408
996,647
4967,4534
6,1555
1549,1603
7276,6913
5254,2398
796,644
1783,1992
1937,3192
317,4037
2258,7119
2535,3352
29,5922
226,1322
6596,7647
1135,943
11,1908
4542,2914
4748,5354
5262,4574
5400,5178
4748,4468
5624,6098
2651,2612
1395,946
3020,2713
1261,1819
2992,2993
7391,7726
1608,1111
556,3439
2557,2707
3614,1990
1549,4632
1246,1266
2297,3338
1645,1648
6624,7910
5179,6170
5872,6875
2334,2339
3635,3568
143,1075
3394,4402
5510,5511
2229,856
4040,8198
3459,6124
3761,2535
282,1201
2429,2323
3662,7512
789,1633
556,5423
251,432
3720,3562
5773,7094
4632,4412
1549,2333
6538,2285
759,35
4076,3291
1808,2652
6,1654
1608,2593
3381,3238
312,798
4647,2145
5177,6164
2790,2398
3803,3748
1919,2071
4586,5683
915,1717
4059,5760
3462,3557
5650,1191
2565,4297
2133,2410
1097,1049
308,5584
3633,2384
11,885
1009,334
1062,1992
879,3454
4487,2775
7901,5210
1814,2593
4219,1769
2410,1492
4076,2958
2689,7961
3697,2654
1985,2328
2560,2999
4829,5449
180,1425
154,377
4604,4712
3028,6130
6479,2620
5002,4448
4072,4735
2371,2900
1034,1718
4437,4666
180,349
6951,7881
3020,2225
363,2237
534,2210
4829,5933
2237,5412
553,1315
6494,6496
3192,3650
6299,5814
1166,1437
4746,3352
1820,946
3191,737
2740,2768
3284,3024
2985,6347
3527,6994
315,488
1006,3034
4040,6914
2001,3393
1142,1357
789,5100
6058,6059
2381,4977
7907,8178
4219,3635
2967,5130
3976,4717
2169,2202
4451,4453
2565,3660
3352,3408
6784,6004
546,761
3461,4815
3571,6227
546,1982
3525,1935
7766,4435
1357,1571
3098,3253
4967,5514
1278,963
4632,7646
68,5680
791,794
11,1629
6618,5233
1381,1014
5296,5323
2598,2593
306,673
795,1595
1211,1496
2485,2657
4441,4315
2565,5839
7229,5835
2989,4256
2326,1031
3719,3645
28,8285
826,3516
2240,1633
1868,1411
1185,3958
4988,4247
407,1641
4073,4191
3956,5321
3479,4422
6906,6789
2701,3338
2703,2623
1538,1816
6,691
3658,2774
2507,2963
2516,5827
6327,3346
722,429
53,2686
7362,7618
2576,2251
5821,6006
5696,6441
2365,3117
319,967
3191,4587
956,321
1838,1992
5179,6784
2688,5323
5171,4574
136,232
4036,5683
24,1284
4981,5002
2832,3099
1305,1234
1583,2955
3586,4037
695,2499
8180,8178
7417,6442
457,6243
2120,3068
3496,3258
1615,579
5053,7890
1055,290
39,168
1028,1030
2704,3140
6526,6323
3352,2066
6,1022
2872,3847
737,2565
1582,1718
1111,722
7697,7120
5219,5222
3958,5301
4036,5543
172,2966
306,866
1614,1802
1749,3307
2703,2398
2117,4811
110,2426
5524,8124
6993,6447
7121,5969
191,1969
3028,825
969,1389
7372,6914
971,1260
1846,1849
3199,2237
7458,7131
3242,5697
306,2510
982,937
317,999
2256,1592
3634,4781
3614,3238
996,1521
2504,5412
2497,1166
6934,5233
663,3084
5932,3089
3392,3024
5633,3393
4037,1385
2290,4011
1009,7400
4044,4047
5404,5020
2940,3028
695,1014
7733,5022
113,2264
4065,4218
24,34
1470,2144
4687,6599
72,592
3453,4814
2693,5891
2565,5897
704,579
2688,3772
6494,5002
1046,663
26,274
231,673
7391,7544
1492,4811
346,2144
1424,1201
334,838
5427,5262
5812,3291
2576,2651
2229,2328
2237,3033
2115,1310
5817,7553
5662,5182
6924,8224
766,3562
2072,1749
6714,6946
766,7908
6,428
11,1514
2700,3320
1487,1165
7086,6523
187,733
3352,3887
1661,1754
311,3068
1166,2686
4046,4999
3521,2066
3800,3028
3449,6229
6993,7862
7227,155
1319,1888
4948,4338
4600,4781
879,4814
1167,2210
766,4269
5200,7021
3498,7054
166,1493
2485,3258
2547,3580
5439,6858
7659,3962
956,722
4151,4666
826,1531
3459,15
5655,7673
722,3033
4718,5306
1749,2877
26,301
4065,3643
3352,4485
6156,7131
5457,5973
5250,5412
5188,4986
4001,2746
1521,1261
5946,5182
3394,2237
4712,4987
3033,2485
2565,8083
3569,3946
1232,922
11,4261
1051,1384
11,3144
152,677
3238,5210
2542,2746
7808,5079
4483,4587
2114,3576
1428,1969
2550,2116
132,299
1492,4037
5462,737
5807,6004
1305,3371
5189,72
6619,5298
2210,2253
2256,3461
3541,1915
3291,2623
104,477
1734,5178
6,135
125,1014
1522,2999
712,1622
3694,2654
5806,6923
722,3089
7227,7277
2677,5822
2256,2076
2871,2328
3452,5454
7231,6243
2693,1990
1554,5543
2485,2364
2565,3408
1897,763
173,1518
4774,346
3982,6337
813,1476
1767,3807
5606,5969
98,3002
5320,5533
5200,6979
2932,3724
3666,3191
7231,5902
6,163
103,95
2940,3681
1574,1537
1837,2205
5142,2592
7026,7021
1133,4417
29,722
2135,5404
254,864
20,232
5176,4400
5816,3842
6071,5524
5166,1549
3452,762
133,362
1031,1297
5189,1972
2608,2366
5191,3554
2700,3892
6862,3792
2369,8224
2658,4124
3443,4531
1137,2241
1374,2754
3642,4099
5189,4247
3439,2440
140,396
2871,5106
5802,7652
4829,2822
2326,4263
5714,4687
1037,1039
1621,947
2688,4485
3311,2474
2290,3557
3777,3646
7052,7237
2672,1521
2790,1297
1730,6094
1612,5969
574,282
2565,2799
6658,6833
1166,3018
7106,3726
1964,2511
1622,1482
1207,2323
1608,975
3417,2653
5166,5096
128,29
1098,1407
7744,6979
3624,1473
68,5415
1133,2625
6976,7115
826,2654
2473,2856
5446,3885
844,794
5802,7304
1279,1022
5796,6976
1135,1555
2485,7961
3642,5254
4828,5936
2129,2657
971,290
3554,15
2923,3537
3477,3587
2371,2117
909,3334
4071,1473
1041,5404
4688,4983
1151,1754
457,6106
1428,2091
2958,7620
6359,3792
3477,3937
1612,8219
2379,4201
1496,1780
583,3576
2085,1608
5189,6606
154,5886
2120,2774
7063,6914
1717,5254
1074,5563
2775,4384
1097,2174
5806,7400
2104,2106
457,3922
3199,1267
71,564
2225,2117
4425,6334
29,938
2658,3713
784,1964
5524,6501
1622,1953
2651,2707
4764,5801
29,1014
737,7493
1006,1788
3315,1247
749,4715
2145,2594
7052,6665
982,1154
1714,2137
306,664
5189,6023
5176,5484
3642,1982
5644,4276
5800,6424
2713,1549
1547,1492
3976,762
2118,350
2323,3103
310,3417
1200,3265
3660,4983
5155,1680
68,5179
4756,5083
4099,3334
3812,6337
2091,2470
5022,5179
646,1425
75,246
6907,6320
3982,5902
6134,5254
1762,6809
457,4173
1428,1322
5800,7810
1583,1542
3233,3235
319,972
5277,4315
208,219
3062,2900
2565,5484
28,192
371,1446
1496,1701
1230,3117
3813,3456
6068,6414
81,299
3439,8295
457,1788
5079,3334
3641,3969
10,19
8222,4401
3965,4687
2133,2385
1279,204
1133,4510
1133,2646
24,7144
2010,2095
2704,5482
6711,3803
4045,4796
6714,5321
5822,3459
5998,4717
8047,5378
4715,3103
28,8282
2388,2193
1097,2651
826,3235
4659,4999
7812,7899
3482,2252
1029,1441
6510,7620
1419,8293
7610,4884
856,6665
2651,2411
119,95
2658,3976
2658,7699
3447,7144
1279,1471
996,2763
4661,4719
5788,6715
4994,5760
3568,1688
3976,72
3567,3670
4963,3537
2940,5020
3455,2014
5796,6347
4843,4600
5942,5936
3144,2619
4607,3958
3658,2257
1734,5697
7047,7992
3144,3351
62,2193
11,1437
2657,5273
5871,7632
2497,2720
5301,8295
2114,290
4563,3454
7400,7662
335,589
2560,3803
2972,4400
2935,2646
3458,2686
3189,2654
6280,5902
1549,1658
3443,5079
788,407
2932,3028
1201,1726
1305,5404
3056,3307
1717,2575
56,515
3586,7381
4074,4424
2851,5037
4967,2605
5179,5563
1367,3520
2294,1977
19,219
166,6305
3180,1267
3394,3681
6615,7052
4212,4529
2688,3812
371,1026
1185,3443
457,2654
1335,5651
2719,4162
6649,6784
1374,1191
1549,2168
2323,3260
5807,6805
634,1006
72,439
3973,1140
7884,7882
340,663
792,793
5627,5321
306,2079
1151,6528
580,3346
3031,2697
789,4808
6271,8295
4748,3835
2775,4266
1483,1055
1689,1787
4899,5092
100,10
6714,6832
5877,5482
1098,2560
2565,3324
6414,8178
2485,1473
2967,4828
4120,2328
6043,5103
1720,5103
1566,2696
2688,2290
2240,3030
1305,2416
1055,2747
3081,1157
2842,2819
8,650
3454,2981
173,86
1501,506
5824,1982
2063,2117
3227,7862
3498,4712
1767,1768
1286,5818
3343,1706
600,3568
4124,4138
3796,2576
2237,2256
4353,5412
6627,6663
2063,1977
4725,4983
650,1592
3796,3447
766,5626
26,252
509,514
2557,2120
742,1039
7131,5773
6538,6769
80,271
650,657
4355,3537
6907,1403
2371,2999
692,325
879,5739
5819,5140
3813,5146
5006,2516
2274,2240
6842,5596
2356,4021
2565,3769
2268,2273
3026,1754
20,151
1482,1701
4353,2258
2240,2398
3258,3615
2667,6229
3453,4600
6596,7862
3258,2686
3641,6560
3168,3562
2562,1956
166,4233
1097,3014
1487,1816
90,1124
1290,1439
6772,6783
6,348
6902,7683
1754,2345
6808,6809
2233,3238
3614,4482
789,4814
794,1638
5871,4310
3449,2001
5802,7186
5857,8163
176,432
9,23
1748,2506
4338,4191
4077,3812
1114,1321
275,224
187,760
1034,3005
5024,5026
10,700
5,23
5423,3897
1166,5188
2560,4021
813,733
2230,3059
4276,5226
6991,5012
5697,5928
1707,2398
36,3680
110,8288
2699,2655
1322,2400
2062,1297
2859,4386
1838,2060
1599,1600
2972,3885
2713,3084
922,1203
1133,1990
5249,3106
2822,2625
2160,1549
1062,765
5179,7683
4686,5106
9,151
2688,3843
2369,4929
1135,2617
282,675
2547,762
3498,4735
1700,2322
176,1375
232,857
1585,935
2594,417
173,3136
4065,3452
3009,3614
3227,2819
128,1787
3457,7306
2576,2144
5189,6262
7586,3238
2700,2290
2972,3607
5445,5022
87,5055
4059,2398
86,3681
3235,8293
3467,3473
383,3026
3498,8178
2651,3010
1542,3089
173,1537
4468,6529
3461,4037
317,730
1762,8002
1471,1603
5796,5814
3890,3892
1135,1253
4036,4488
1167,971
182,750
789,2345
343,656
6615,7373
1319,3338
826,2575
24,932
6327,7144
315,2135
1537,4551
2381,3394
1305,2951
315,844
2257,4938
317,1125
24,1837
4710,4261
637,857
3457,3297
650,2785
5286,2822
1500,960
4948,7510
2752,2754
650,2669
1615,1628
2683,3243
4974,7624
1326,56
1051,1592
2062,2119
4065,4011
3390,5454
2621,6023
1492,4040
3729,4811
1374,5743
5806,7520
6619,7144
3787,3568
1041,2510
3787,2785
4123,3463
722,3408
2565,7819
5143,7289
7150,6914
1608,2643
2546,2638
1305,5239
3614,3274
4077,5100
3647,3028
6665,5037
3666,5994
305,715
6916,6914
4065,3634
2290,3720
1608,1758
136,739
5582,7119
988,4037
2200,2504
988,1835
3586,4310
4764,3352
17,282
2792,2120
1473,7115
4765,1548
6907,8178
5217,6634
3477,3117
7402,6241
1522,1754
3586,5563
5185,5753
6156,6166
5162,7928
2506,1835
2297,2209
4070,2364
1046,1428
7390,7651
2172,2535
306,317
4632,4653
3032,1744
5796,5684
2713,2510
68,1592
2940,3238
5189,5155
2560,290
81,32
5896,7803
39,163
4045,5925
3451,2653
2565,4055
766,2617
635,1131
3449,5103
4967,5926
1555,1847
7131,7587
994,2654
3660,4528
19,299
2120,1700
933,1014
4442,4875
2771,2770
71,5254
8184,8178
2328,6774
4342,2917
266,715
1606,861
2707,2617
457,1493
1133,1587
1200,2251
825,4051
766,7116
172,3371
7080,5199
4894,5469
311,956
1184,1956
5053,5055
103,667
6270,6832
5176,5155
1730,2348
1549,214
1521,1744
4144,1352
5022,6523
19,581
4967,4712
3397,3408
282,656
6229,7478
4828,6004
3352,3447
4486,5255
996,2815
5002,5239
259,5254
1319,2398
2236,1393
7,524
136,6777
2256,2999
5796,5273
1615,1859
6299,6337
3682,4162
2557,2977
2502,3408
2655,1159
4542,6422
3787,5482
20,2775
6596,5738
457,5806
2290,3671
1608,1649
6683,6682
2174,2828
1350,1285
1395,2333
3792,4335
3483,5484
1951,3480
5312,2516
24,230
3724,4485
231,2398
2117,4827
5176,5637
784,1919
705,943
4124,4037
2229,2225
6151,6832
86,407
407,1285
3076,2251
1032,1039
3439,3473
2411,2713
2595,3089
5816,6599
122,4162
10,756
1542,5543
209,259
766,6570
11,2364
6620,7040
2328,2599
3381,7373
1707,2116
3196,2657
3479,5693
1043,3351
6619,7651
3902,4220
1042,1396
2258,8083
3571,2398
94,857
4138,5568
1167,1641
3457,3537
825,4827
4013,6789
2565,4792
915,2809
6,147
5029,4099
1496,3007
122,2693
5185,7414
215,1156
3142,8134
1099,1080
545,1420
3456,6481
2217,3785
136,5683
11,298
7405,7835
3631,3967
138,681
4073,5263
2713,2416
2744,1154
2217,3568
1360,1864
996,5828
4044,3843
21,765
2371,1792
749,559
4653,2516
8,339
2700,2727
1492,1858
306,2276
457,5199
215,943
2565,4661
710,321
634,5106
5839,4795
1395,1566
2674,3946
3447,4796
4448,3417
8061,4037
6713,967
2703,1814
1352,1757
5582,5200
787,8290
347,1956
3002,2364
3759,2657
5342,6618
4276,1733
1098,2095
3761,2657
7046,7414
2299,5226
5819,6505
7727,8024
1986,1835
311,15
4632,7052
1006,1026
1169,5423
3982,2276
1719,1596
3660,4820
3458,7618
1097,3020
854,2651
4712,4791
722,2902
1133,3898
1462,2544
5179,6860
1029,1538
763,2653
7513,7088
5811,6832
2368,3352
605,280
3603,4189
4588,3958
1281,993
86,35
406,236
3995,3586
1055,417
5805,5738
872,1489
1129,1261
3447,5459
1207,1680
5697,6570
988,3089
904,1326
1939,1855
937,1191
2871,4964
2135,4335
68,1352
4070,5790
1566,761
3796,5061
2972,5061
1380,1439
7901,6737
6596,4981
36,1726
871,1490
1571,1035
2768,2979
1549,2341
335,7587
6043,7839
6907,7694
3976,4650
5336,5412
39,631
306,778
7599,7225
3453,1310
2384,5511
7780,7803
600,1310
6127,5028
1803,1613
5079,2381
2654,2116
1319,8290
2565,4234
1114,230
3571,3144
1055,1662
11,611
2688,4983
19,168
3451,4557
27,301
4013,15
1497,2157
291,4266
993,1730
5814,7833
1151,3027
5140,3634
2981,3537
5822,7414
1166,5392
591,673
7132,2851
2369,4587
3352,2859
2688,5470
6620,2851
4813,6715
374,1652
5814,7092
1236,1203
2565,5189
3798,1239
3092,7699
1062,4011
2565,825
1951,5423
2411,3645
1546,771
6398,8235
5529,6955
4295,3813
1278,1580
2565,6918
1972,2623
173,271
742,7691
2411,2290
2264,2794
3916,4335
6360,3614
5185,4134
72,6715
2174,1353
8053,8237
3444,2252
3386,3456
350,696
4483,5529
6633,6634
339,227
7755,5064
7054,7809
21,656
311,2973
231,617
3607,4781
4982,5539
2326,4417
1471,1322
5524,8141
4076,5592
414,656
6907,5776
522,524
4934,4335
2169,1888
5068,2364
2967,4247
1029,1319
7047,8044
1247,3393
1062,4531
1353,5254
2967,2968
1814,3056
319,5584
3478,6918
11,1075
6422,4712
2225,3253
1052,1781
707,1542
7772,7233
19,154
1133,5058
6494,4940
1166,1697
1972,2597
7080,5902
12,1297
7029,5079
132,2643
182,694
312,1201
1164,3873
896,5254
5531,4994
232,742
2507,1393
3642,5061
2276,7839
749,789
1200,1637
4781,3498
147,3026
4964,3854
6,93
2605,3417
3527,1453
737,6414
3423,8293
2135,5463
4872,4875
1701,5233
1542,6261
2909,3976
1390,1679
3210,4037
5079,5811
2913,2416
3624,3024
2376,6006
620,175
138,55
249,302
7766,7005
55,313
2688,6600
3641,6901
2565,2721
103,167
1501,1103
3439,4403
5802,6589
2559,2721
1990,1239
1746,1893
2565,2560
789,784
8047,8219
5802,5406
334,1023
4468,5215
3796,4792
4212,3433
5263,4795
2663,2665
6359,6832
7055,7059
310,2593
3854,3276
2576,2398
5028,8073
5859,8246
1133,299
8047,8051
784,4349
3457,2364
2412,2504
789,6553
7727,7341
737,4713
1552,2604
407,2398
1395,2794
2065,2623
5160,5155
971,5936
2323,3020
604,960
2565,6946
2145,1814
1166,5780
6859,6272
1483,1791
4041,4792
2653,3024
2667,737
1647,3967
4682,2811
1305,8292
259,1842
2565,3646
5804,7862
5862,4828
5028,7115
2774,4055
3916,5705
4598,5800
2410,6414
3456,5188
2316,5375
650,2425
813,204
1919,2062
42,658
2704,2416
7280,8174
3439,3140
810,989
4527,2369
3392,2324
5839,6634
2658,7233
3092,3910
1522,2599
861,579
4138,3958
306,3408
3196,2485
5802,6491
24,1100
3666,4466
604,1377
3010,5072
2700,4263
3806,2398
5721,4037
2062,2625
7052,3803
2504,3002
5079,3498
3032,2859
5802,3897
5800,5871
3591,3334
6916,8178
2506,2657
1772,2423
2872,2746
7294,6414
4441,5848
2623,6523
6522,6388
4530,7632
4760,5055
7377,5760
66,607
663,5806
644,2790
1000,960
2411,4233
4099,4466
1882,935
3985,1239
407,72
5810,3291
2704,2926
5262,5178
2688,3926
2323,5412
2651,2565
1075,4448
5524,4507
72,844
2381,2508
3026,4448
5116,4828
663,1966
1319,1151
306,4138
1395,1353
5053,6229
724,1935
1667,6923
4832,6503
55,6
826,2340
4065,2859
1207,1662
47,1211
6914,6555
1762,1774
38,182
4673,5210
4899,4124
3276,2565
4042,2859
3527,3822
2323,2576
3806,15
1166,2341
2713,4323
103,700
1279,1297
371,4424
1734,1754
788,5684
6649,5254
5188,6262
879,1549
4632,5020
15,8287
4037,825
784,1165
3035,1352
335,5584
2565,3562
6305,3297
6713,7092
94,3
3190,4276
6624,3885
2747,3680
6781,6979
1319,2958
1530,72
138,1190
5800,7529
1701,6624
2565,5671
3498,3460
1751,3926
14,440
4550,5484
3451,2811
2940,5298
3666,5449
5119,5222
2375,1964
4547,4962
263,432
1319,2145
1594,2174
5061,5850
2009,3473
1368,1893
4550,8295
1554,1563
5961,4798
600,4441
79,8284
941,1222
3349,3587
306,963
5153,4645
2118,1565
2473,3029
3087,2016
20,1352
6907,7652
3912,3615
4076,2516
3830,5412
72,1310
2290,2324
6819,6347
6,3
4974,2689
47,50
7228,4884
5184,4448
600,29
4824,4099
2871,4263
5445,6914
5189,5830
7157,6327
5524,7699
2683,3235
2940,3266
2660,5254
1919,2007
11,3334
1688,4162
7696,8019
2707,1473
249,1638
87,1956
1756,1061
826,1168
1032,1680
1374,5721
2618,2646
2968,3516
86,391
6624,5148
4795,6407
58,1966
5524,6166
1151,1835
7755,5529
2546,2066
5103,6875
4748,1972
5655,6462
1167,1241
788,4786
6072,7927
1102,1837
696,1026
2133,1842
1608,6770
4074,2859
3006,2617
3325,762
937,1127
5445,7315
275,2972
2440,7050
1075,1203
5524,7624
4792,6044
727,4828
1796,1982
749,5445
1230,1774
3352,2660
2972,5637
722,1234
23,942
856,2535
789,5721
1442,1446
3449,3321
6714,6803
6347,8174
2688,5638
2133,2120
86,733
3521,3291
546,1297
3453,3568
25,29
3453,3454
1470,2411
5179,4483
1480,1987
2376,5262
1794,2225
2842,2687
7053,5246
2150,2151
988,8293
3451,4110
3392,3967
4899,5963
1098,4037
1811,1973
4982,5144
1822,1903
11,2085
766,5947
1705,2560
2651,4051
2658,4037
4441,4482
2240,2594
319,5226
813,5092
6563,7618
1799,7908
7945,7946
4222,5204
2658,7005
600,704
4828,5955
2085,1111
1111,5263
2474,3265
3956,7651
1972,2384
1749,904
6494,7624
982,2625
1357,1701
3794,5511
3015,5947
311,1297
8152,8209
218,1077
2707,5445
1055,5022
2713,2654
3015,4980
5316,3089
2565,4117
3041,2440
5796,7567
4725,1310
6270,6464
6596,6993
1682,1442
2186,741
5582,5626
2565,1705
78,1464
3110,5743
3956,4138
1575,1537
7924,6634
2552,6124
1492,1597
1297,1186
2225,2323
7882,7910
5200,7553
147,8295
2299,2585
3459,3897
311,2257
2871,2364
663,1270
2217,3562
1594,1893
6619,7439
2690,2550
68,4179
737,6663
1259,334
1204,1372
2713,3394
1394,1167
4099,5022
2328,5806
5155,2822
5173,8174
6714,5582
710,1230
3352,4547
3191,3460
6072,8212
1029,1513
921,545
2576,1166
6072,7707
1357,1859
5811,6330
71,1549
4737,3830
2389,2193
3969,3291
3381,7757
3615,4044
8,49
1946,1165
1062,2225
7092,7651
3404,3027
1717,4453
3528,3737
2120,5072
1501,1496
2133,1374
2713,4485
3390,3291
6916,4507
2369,6306
457,6094
3641,2900
5012,3393
2069,2580
1210,334
5188,7092
1074,6755
4899,6832
697,4820
5945,5527
2620,1564
2120,2071
5961,3614
4859,1680
2474,2117
1922,3140
2711,2307
5531,2273
689,2397
7188,6789
311,1514
3291,4999
5171,4099
4142,4424
72,440
2145,6634
1549,332
1972,5327
1228,2625
1922,1267
3461,5683
7203,6270
2511,3238
4718,3910
635,2341
6907,3631
2009,2809
7080,7620
4742,4735
4948,3537
1972,2667
1980,2145
5624,896
1549,3453
5022,5824
1734,2535
2326,1706
2256,2955
3027,5863
6360,6388
4598,5584
2660,6833
376,985
171,1549
8,687
2488,1769
3666,3586
2485,2565
1737,5760
4212,5740
5020,5543
1200,2116
457,6323
2364,3809
707,762
784,1222
935,1285
2718,1384
2297,2072
3642,4534
3031,2576
2555,2794
1374,4338
7092,7005
4553,4557
4127,3452
996,2550
340,945
126,1297
3055,3629
8036,4940
2654,1990
1151,1248
4550,2764
5952,7378
7092,7237
7517,7493
2369,3813
5859,7791
4342,4365
166,4037
697,5412
1305,2322
1820,1357
1293,871
2967,2900
1029,1402
7136,4884
4966,2398
5189,6123
3971,4098
907,259
4967,5623
4441,7810
3092,5178
1042,1297
2159,1749
4045,4588
311,3843
763,6262
4154,2328
1166,3106
5187,1473
5524,6869
6486,7304
4065,4578
841,2768
3010,2999
3614,6006
7697,7763
2085,2117
5697,6021
4547,3958
14,224
2565,2653
2172,6328
2688,2951
1221,1608
311,6979
634,1319
2485,2966
2338,2508
147,1566
6460,6596
1608,3029
55,1030
3381,6599
5802,5800
3521,2790
499,8
6665,7624
3641,5189
3624,4290
1374,2410
1286,2425
4536,4530
1199,922
2230,3875
4604,5188
1748,3334
586,151
3521,4384
28,743
2775,2576
6945,5872
826,1734
4536,4191
988,1018
1055,3483
1749,1646
5802,7442
5531,3919
7280,7590
6327,3809
1948,2114
2560,2565
4829,5839
5913,3976
3073,5412
3084,1777
2550,3164
4632,5891
2706,856
1210,1730
4045,4792
3813,4191
5796,4712
1965,2079
3381,5902
6605,1352
3482,2209
178,994
1166,2736
1997,2151
3691,5335
154,23
232,739
2368,2508
23,38
6552,5079
759,3587
643,972
310,3253
6523,7620
3479,2369
1293,1484
6711,7119
5531,4604
4036,5423
1374,3243
173,1279
395,7512
5812,6218
7280,7961
1151,2851
2658,7651
4666,3958
4150,346
193,549
2504,6123
6501,3334
4483,1498
2871,3812
4310,7021
3028,4780
11,793
7676,7047
5022,5936
4726,4728
1796,7168
6846,6930
3973,4201
5028,5614
5254,5412
2842,3346
2713,4463
6458,1352
4127,4528
29,147
2585,3276
5273,7632
1564,2594
3394,5189
3449,4124
6,4792
5697,3792
1133,3796
946,1412
1133,2456
5079,3479
3666,5790
6619,7323
1441,1610
3635,3192
2651,417
600,350
1608,1687
193,204
704,3028
1795,1157
3916,4041
27,153
865,72
6327,5714
4310,2775
3976,6997
1029,1220
236,725
59,1152
3456,3103
667,7553
1305,2016
3691,5800
3380,8051
2135,5484
1466,4247
4045,6554
3977,4030
6327,5998
2940,1571
5462,5545
5802,5827
1166,2880
6460,7765
5524,5776
4671,2456
6023,5439
3614,3843
1522,993
2674,4335
327,918
3458,2508
4948,5255
1522,2297
1730,2385
7393,7092
90,749
3445,2535
3812,4468
311,1496
2702,3319
5028,8124
2686,2510
311,1864
3291,1679
2688,8294
1583,1600
3787,2612
7183,7924
1596,3562
2703,3338
3345,737
4275,3537
825,2102
1549,1186
7900,8134
3449,3635
1585,1211
3659,1385
1221,1222
4967,2273
5806,7688
6885,5404
1395,2830
55,135
127,4424
4673,5684
5816,4715
113,2323
3641,3393
1972,2909
2565,2381
2967,4162
5360,608
2872,4055
3453,6826
319,746
5984,6323
2118,5130
5811,6123
15,560
3796,2592
2658,417
1583,3253
1006,1857
6619,7397
2619,3103
1098,7323
1210,3020
789,4929
29,54
4353,3015
784,2325
2375,3192
727,271
2976,1777
3666,762
5800,6774
4077,4191
5254,5178
2655,2660
407,1758
3642,6553
5796,3803
1253,1597
4824,2925
3614,5775
103,75
686,5527
813,2579
4712,5233
5655,4712
36,1538
1919,3034
1397,1402
68,3489
4710,5239
6394,6529
3352,4256
3787,3439
8,760
5008,5973
2014,2909
3969,5351
3456,8174
3513,2660
3109,4402
132,1374
935,3796
1549,2721
2001,5022
4008,4448
4982,5454
6301,6302
255,549
4879,6243
457,3537
5799,3479
1041,5693
6620,6976
2731,3755
5179,3796
5806,7857
4441,7927
2256,2560
5775,5529
6,439
6976,7839
2072,1384
1847,3130
3190,2354
7227,6923
7092,7144
111,838
2485,2655
2323,1836
6619,5814
3447,3897
11,575
760,600
3642,5415
5173,5210
178,1893
737,6784
425,7632
3290,4037
3965,2646
6204,5818
5796,3586
7188,3631
5263,2507
5787,5928
3439,4216
6,433
178,2381
1772,2410
5998,5922
1470,8292
7650,1498
5800,7280
722,1836
2116,3804
110,942
2693,2324
6346,1549
1284,1697
432,1621
20,722
784,2900
1395,959
4717,4483
5213,5215
2215,4384
4632,6437
306,417
1062,1286
5802,6043
813,3192
4137,2328
4347,7701
1931,3755
165,152
4073,2516
1497,4875
1972,1792
872,2073
3125,3005
154,50
1133,2958
8193,7553
2790,741
1305,2754
2822,8292
5829,5545
706,1186
1200,6306
2557,1646
7225,7662
2072,350
3480,2687
20,55
3144,3439
6013,4175
6918,7108
2565,2474
2932,2958
3144,1729
5868,2490
3209,5058
1151,4011
5696,5804
695,3309
3630,3660
960,1633
1006,1585
24,4276
1701,4795
4310,7795
2369,7047
1374,6980
3667,4201
77,1816
3454,3806
823,979
4355,4530
3447,4780
2003,2307
113,32
166,439
1838,2071
4654,3453
1594,904
2287,1997
1549,1618
3168,2625
1800,1858
56,61
457,35
259,1855
2972,4030
2009,2014
1133,1484
5817,6330
5404,5454
5110,6388
3453,5484
2356,3843
1542,1159
4095,4110
6043,4981
3056,1493
6522,6873
3796,3352
11,4043
24,2004
6941,6765
3855,3404
6032,6946
3447,4212
6993,5643
4144,3393
341,1385
996,1394
2506,2658
5079,6272
26,299
978,2151
7231,3752
5264,5828
4276,5072
6272,5822
2658,2516
5452,5680
127,204
1467,1497
4824,5639
3381,4709
326,282
2680,896
11,863
1922,4297
488,105
1919,1542
1055,1597
5524,6162
2375,2880
1471,1167
1221,1396
1549,5305
1029,1382
938,972
2257,5732
3631,5055
1701,5671
3622,1706
5816,6832
5582,7143
68,2160
1350,1732
2299,3459
5691,3643
2793,2794
974,3587
23,587
8,168
3188,3319
3995,5886
986,1730
4062,1990
5999,5254
275,5254
2233,1919
6305,6221
2660,3464
2297,4162
2885,2323
1378,935
136,5596
68,608
5524,6006
1319,1758
5773,7120
1549,3650
1881,935
1650,887
7906,7050
2702,5936
1700,1151
2585,2625
3976,3034
7277,3334
2700,2657
4297,3125
1872,2485
4632,7094
5427,3586
1129,1580
3562,4191
3447,5605
546,2144
5543,3873
7047,7277
4629,3443
1644,5412
4852,3498
1004,5305
4577,4072
3969,2433
1104,1080
2660,1267
707,271
3451,4684
3459,6481
2660,5182
2565,5288
4974,4828
7049,3381
3449,5178
346,1297
3375,2653
789,798
7104,7108
3027,6458
1051,2285
5738,5022
4712,3873
1492,2504
3642,6663
3454,3260
1029,1524
766,3796
4948,8122
2689,5452
6,415
4045,1352
6627,6595
2689,4435
2691,2727
311,789
3020,1781
4150,1680
5531,2565
1918,1542
4366,1729
1374,3117
5824,5543
20,370
2972,3946
766,3506
2560,3473
4,560
4588,4266
2516,5844
2727,1357
3404,4289
737,6700
3453,3002
6907,7924
6443,4361
3969,3452
6811,6770
2560,4201
4151,4463
2326,3562
2713,2384
1009,2328
5022,6006
3642,5103
5273,4717
4433,5404
5185,5800
4483,5123
182,3253
6093,2785
5915,7910
6522,5321
5282,5449
3635,4386
6218,4940
7317,6424
3643,6765
432,1661
1352,1482
6380,4401
109,4099
280,1053
6494,5714
2565,2946
5584,5254
6624,6560
7490,6780
36,2071
2871,2116
1980,3660
371,733
2688,856
5254,3089
1259,853
4070,2605
4898,2014
3871,3321
5819,6441
4036,5925
5822,7381
3142,2592
3000,72
2018,665
4712,6715
3073,6918
5800,7651
1051,2470
5480,4964
5524,5479
3527,3903
5802,5028
3982,2535
706,1489
3041,2576
4632,5327
2560,2963
2365,2066
1133,5262
2375,1157
5720,5263
1808,3352
5686,8198
2549,5079
2507,2912
7072,7073
2859,3921
2576,3473
3449,2831
6624,4981
3814,3568
5346,2354
312,1127
4353,15
2958,2830
2711,3089
6072,7890
762,663
1184,6098
882,1053
7443,5800
315,878
1211,762
173,1031
310,3643
457,5812
1564,764
3615,3720
1608,859
8,271
2859,3007
5187,5925
6744,8297
6914,6000
6032,7833
2871,5651
457,7553
5423,4687
5524,6441
7050,7120
2651,3680
6563,4037
182,656
1374,840
3453,5743
2332,3409
5655,7588
1496,2594
2935,4735
6,273
904,1154
2387,762
493,739
312,579
3459,4875
1808,2004
6198,15
2587,5524
3447,5179
7052,7694
590,1062
1697,1247
6280,7587
1623,3140
784,710
600,1471
2240,2746
2658,3958
6359,7214
2832,4875
1253,1956
280,697
722,1783
3642,5713
766,3005
1608,4162
1628,1297
2719,2252
154,204
722,3897
2062,2095
844,663
147,993
1204,3338
3630,3117
788,6306
5802,7557
6914,4966
4829,5092
1804,1811
319,6442
3107,1453
7362,4884
2277,8175
2371,2830
3631,2369
2790,2856
970,1144
2369,2822
4123,4735
2542,3291
5531,6613
964,1382
6596,7757
2691,3125
6914,5484
7153,5969
3724,3816
2542,2252
710,417
737,6805
3015,5844
6917,6634
1297,762
615,627
5079,5454
4764,5844
2948,2593
3032,3394
4718,5305
7391,6032
1166,959
4843,7478
7280,3962
2651,2619
3315,5529
836,763
2416,2763
8241,4432
825,3650
3186,2654
4056,3106
1142,4110
2560,3099
3318,2651
3258,2356
647,2281
4310,5482
1151,1186
4065,3140
600,706
6991,5288
7282,5432
5079,6347
3148,1919
6480,6481
1991,1419
29,252
362,363
1293,1464
1352,259
2356,3007
38,1836
3948,4110
1717,1297
2565,3346
1621,7052
2831,3958
2371,2968
1832,1842
3252,1297
1891,2724
5818,5760
6305,6594
6994,5969
4295,5144
852,762
6971,1403
2474,2670
290,1788
5802,7362
5814,6560
1812,3371
2967,2655
2510,2834
58,89
2473,2999
324,1026
2323,2416
7665,7047
2274,2571
853,868
1510,1441
663,1496
534,55
2696,3173
3614,4962
1055,6665
457,4764
1151,5776
1099,1842
2904,1919
1466,1633
2967,2474
4709,5055
3191,5539
3352,2900
2497,3104
663,3456
3527,3650
110,744
3092,3034
4310,6151
4790,4796
935,1726
1356,6770
993,1987
129,130
1748,3394
1166,3260
6494,4709
3568,5484
2169,2580
2144,3454
1037,5671
766,4709
2872,3871
5796,3614
2790,3650
5176,5482
11,636
3449,2276
2246,1919
5817,2160
993,3117
3685,2654
5915,5524
766,15
1441,1991
2790,3036
3982,7809
4688,4037
4295,4297
321,817
179,308
3586,7144
4756,5760
310,2079
4,38
722,827
1662,1718
5814,5806
6494,5922
1705,2972
5179,6229
415,549
851,1484
904,1749
3787,5022
1050,697
371,2801
4967,6725
5709,5459
1621,1754
5798,5684
3796,5780
3635,3631
310,947
5039,2364
2240,8291
8,719
1549,3912
5531,5739
3682,3806
2693,6566
4044,4040
978,1080
1972,1211
556,3352
5200,5897
5705,5947
2932,3480
2968,4179
1108,1080
2654,2662
2328,3587
4099,3796
3262,3807
3453,3459
3026,2686
1608,2815
5246,3643
3453,4530
1471,4201
4076,4138
6075,3873
4355,4531
1946,4323
2435,2256
704,723
2557,1956
2485,3005
1211,2174
715,999
2133,2993
1470,5412
946,2821
4056,4234
5189,6553
986,2117
4338,6422
5816,5584
432,1842
856,3446
766,5950
1395,1903
2859,3568
5390,5423
2557,3643
4534,5623
766,2815
4422,5922
3457,3609
2686,6422
2651,4110
852,2535
650,2977
1730,2579
3454,3635
1050,1802
20,36
2660,3005
7905,7908
6488,6982
2968,4124
1814,4944
2667,5635
21,2117
1585,1726
826,425
922,1284
1522,4234
2565,2972
3806,6606
11,4297
1395,2137
11,705
697,313
4843,2354
4483,5811
789,5092
1166,2902
6006,5776
169,80
2565,4110
9,370
308,1464
1730,4199
4045,1733
789,4297
2062,2193
2964,2655
6596,8169
2323,2594
407,506
1210,2604
4036,5897
3835,4040
173,175
3872,4999
6123,6784
6555,5079
2790,3480
707,991
2698,2700
4447,3084
803,1849
5263,3393
1795,2747
5822,3334
1098,4632
4099,5743
1902,1903
2014,1267
3000,2662
3453,3843
805,3435
2129,1990
722,1442
5445,7393
2093,2470
1367,1402
4673,6589
3005,3562
3813,2653
308,1038
3095,285
6615,7319
2299,2120
3764,1549
173,1394
6620,5998
6913,6624
618,619
2365,3180
3682,4181
950,4994
311,1167
1919,2345
5709,6566
695,1901
201,36
42,356
3172,4964
1961,5484
3614,4527
1470,2653
3457,7561
587,589
366,28
48,168
5697,5423
1997,1151
3380,5378
4598,4875
1374,5605
6469,2620
2940,6595
4536,5058
6,604
2919,1705
3636,3926
3028,3922
4219,3106
6252,7813
988,2535
2387,1648
1420,2165
4632,3554
2510,2707
5079,5133
1492,5412
173,432
4712,7632
341,959
6243,5872
74,2004
2102,1211
5684,5936
4781,737
3634,5773
3452,5375
1848,3089
24,3898
2699,3059
1594,937
4966,7047
963,4875
7080,7813
3955,3720
6772,7289
1748,3976
6239,3873
4967,3843
4071,6296
776,549
3622,2727
2768,2547
3683,4884
457,6613
11,325
7052,7088
1814,2547
2240,1842
5531,7143
1055,948
6595,5295
5482,5828
277,274
1748,2774
1050,1022
2658,7927
11,2193
7053,4940
3417,3404
6460,7799
5166,4361
3378,1385
1133,8294
6563,4981
1305,825
2062,1997
2326,4181
544,6458
2156,762
2972,4828
4010,4011
3028,3529
993,2106
3,182
310,1888
1374,3348
3691,3452
580,1733
2256,2685
3660,3806
2565,8192
4138,5737
1608,4712
6,1032
86,989
5801,5817
11,978
5811,6634
3404,5482
825,5233
326,152
1286,299
1835,1315
6020,5529
8048,8235
5022,5482
1037,1374
173,1501
6772,4507
3965,5178
7,38
4587,4662
4353,4828
6876,5818
2654,8294
826,2815
2576,2805
1391,1394
371,2625
4077,5308
2991,2066
1166,7280
2701,2371
1166,2940
7055,3459
1221,3956
321,704
1319,1808
5174,4653
2549,1956
3394,4373
7691,5179
986,1191
5179,6948
180,2114
143,590
2231,3104
3527,3772
635,3489
1549,2765
7511,4037
5772,4536
7054,7059
2703,3253
5454,4530
1746,1848
988,2240
2369,5022
71,762
2842,3253
1024,1549
11,989
4099,6789
4224,5022
74,958
3661,825
1549,2687
5187,5061
6305,6700
710,3456
6394,6571
2565,3892
7225,7730
312,1425
2072,1521
6896,5543
68,5123
697,4964
4441,6162
2981,5886
1098,1969
5915,7890
1720,1726
3660,3854
4324,3309
5166,4037
4632,8295
1525,1253
2246,3130
2357,2625
1395,1604
306,2657
2549,1919
1137,2724
2968,3026
182,647
3451,978
4948,5026
2063,2425
2323,72
2217,5631
24,1234
3343,3028
2653,3026
7052,6924
2565,3480
2062,2593
3394,1297
27,282
157,663
5160,4929
1111,1548
1000,2120
2585,4448
2547,204
1098,6976
315,2456
2557,2416
5079,5449
5787,6124
5254,6840
6327,5404
4824,5848
3568,4448
2365,3516
4733,2517
1185,762
1521,1199
346,2838
6174,7839
7400,7414
68,6682
2381,6400
1201,1489
5796,5902
110,895
3786,4173
1733,2364
9,228
1384,1049
1074,4712
3682,3291
4099,1548
3457,6505
5871,6980
4795,7391
719,715
5582,6783
1986,2193
5010,3447
634,626
109,6001
4623,3443
1050,2398
6916,7225
1552,4266
1875,2828
3456,6098
7720,6924
1972,2955
3461,5452
4039,4055
3634,5817
5179,2620
187,373
2972,3635
2904,3265
2747,3568
5811,4536
1796,3897
407,1723
1608,1612
1293,1485
1428,8290
3031,2016
3026,3117
3615,2252
1522,3922
1701,4373
3402,3014
5140,3291
5002,5844
6618,8169
7601,7653
5531,6442
3956,1990
2472,2102
4116,8168
2508,1835
3081,3117
2120,1621
4310,5484
4879,3334
1972,3007
4221,5459
3787,5083
813,1730
805,1658
3995,5273
7024,6913
3455,4551
6627,5773
5615,2398
2565,3140
1279,1267
4943,5100
704,789
4355,4653
697,665
2299,2746
2246,2210
853,2910
4828,6098
6305,5605
2560,3670
1754,2066
319,2535
4550,5651
6618,7040
319,379
2411,3030
1501,64
4044,3447
4482,4712
1031,1186
4967,2765
4563,5092
5796,3897
2565,1637
1125,3516
1811,2332
4138,4254
3586,7021
722,36
766,8293
5484,5780
313,999
1075,259
2686,3538
2972,6166
5796,3498
795,321
1135,971
6962,5697
5998,7279
706,1919
2232,2591
6993,4981
1615,1965
4487,5298
3352,2655
2114,3099
5928,5936
704,1241
2713,3439
208,771
4653,3897
2565,7788
7099,6714
151,637
5591,5254
3748,2485
2323,827
8211,7238
1193,2160
2323,2747
1167,3446
1374,2135
530,243
2831,5928
1125,810
1542,6097
695,3580
4715,5020
1549,4303
4486,72
956,1023
317,677
457,2273
87,999
71,549
1966,2686
4550,4355
1062,2587
766,2014
2488,4646
6063,5543
2252,3026
312,1375
1352,1811
4189,4666
3092,2689
974,3580
4128,1239
1549,2242
2565,1211
4364,4432
5053,6955
6460,7835
6223,6306
3101,1919
3118,1919
7228,7225
1151,3456
1032,311
733,1026
7052,7400
6596,4884
663,3910
26,421
766,4500
6,1752
2210,3562
2105,1111
348,941
2691,3291
1550,2612
1098,6323
3274,2576
3453,5215
11,806
46,368
825,2411
78,1654
4140,5605
5440,6462
996,1247
4967,3537
1495,1816
310,1672
5812,6560
2688,4175
2228,2234
6,1556
7043,7238
4347,8168
4296,4299
1133,2651
166,152
766,2251
2688,6777
7357,7233
2559,3371
1534,1538
3929,2508
5531,6567
6359,4604
46,857
5103,5605
72,1026
457,4482
5524,7280
6486,6715
348,1418
4574,1310
4828,3586
5189,8249
766,2693
1521,937
769,3148
176,1468
7685,6618
6205,15
113,838
128,2625
2084,2091
127,2237
2839,3334
6885,7646
5814,5064
5179,5012
1965,1285
36,2381
3799,3892
5796,3634
4899,5437
3468,2324
94,402
697,1966
4994,5800
5821,2285
173,2871
1236,1661
3985,15
5524,6328
5185,4828
2972,6246
788,1836
1103,2946
11,2535
1990,1622
457,3408
457,946
5079,6946
1603,3479
67,756
996,947
6712,4764
993,1603
166,2398
1605,1168
2411,2955
663,2535
2237,4453
5301,6498
5524,7899
2256,3324
7294,6523
3917,4384
319,6930
5022,5624
7594,3293
1980,947
4381,4384
1352,2004
4335,4448
6886,3803
1621,2205
4001,3660
2790,3180
1151,3092
695,8292
4967,6528
2688,2256
310,5239
4756,2001
2298,4199
2372,1964
6993,3084
6714,5822
6800,5714
5423,6832
2456,2285
2387,2193
2688,417
2972,3926
1612,6270
4547,4999
2688,3265
1286,35
4844,2237
663,922
2560,3506
1151,1549
1305,1403
1496,1754
3456,6560
1236,1230
6,1490
3614,3459
1000,765
383,762
5020,2785
2618,3562
3447,4551
5596,6496
2972,5415
978,1234
1492,1253
1471,3334
2236,1783
1991,2828
2398,8293
306,1236
1299,791
3175,3937
7049,7788
865,1222
6618,6924
1386,1389
3352,3005
7086,7238
3188,2565
5482,5445
6006,1159
5934,4065
5173,7497
6596,7924
2987,3126
1492,764
5166,4709
5188,3796
25,415
3795,3797
2485,1754
1684,2102
4099,8178
6,1679
1166,2237
1547,1097
315,1321
5263,5837
749,697
6618,7115
6275,8295
3381,5582
3024,3253
6043,5545
3055,2231
3028,3580
3317,3439
3762,3912
35,960
3457,3028
1098,7047
2967,3587
3615,4463
4152,4233
6272,5020
6993,7890
1496,2001
1549,2607
6023,6474
1133,1190
1386,1555
6483,6599
4894,5335
4818,5375
996,3479
5984,4310
2371,2354
766,4338
2687,2657
948,2815
4070,896
2411,3506
6185,15
3555,2973
5189,6229
2326,4384
1915,1658
1062,1492
3641,5527
1762,1000
2145,4735
2785,5423
3459,6432
1235,717
2859,3557
2967,4551
650,936
1972,2324
6615,6347
626,2066
3455,2326
7279,7726
3479,2364
1526,1279
4191,3456
766,2016
3449,5928
2651,4013
4483,5459
2689,2958
7080,5012
2972,3453
3527,3871
6,895
2702,3099
6603,6600
7378,7795
689,2128
1614,1592
6616,2565
1023,1700
2072,2593
3835,5922
3284,4712
2274,1250
5263,5790
3569,2900
2290,2687
1555,1966
5262,7707
2369,3796
6232,6218
1075,2137
2871,4181
6327,4944
841,4828
311,2504
5691,1733
4964,737
58,154
313,2838
3402,2799
7277,6913
633,319
122,4099
5262,6021
1029,1044
5524,6714
457,2440
269,609
3658,2485
1075,5452
2565,3910
1623,5130
3591,8294
24,1754
3168,3631
3355,8044
3728,6347
7614,6174
608,609
1105,2654
8070,5819
870,1487
5807,7498
7238,6907
465,1307
26,93
3624,1247
5140,4712
5185,5614
2326,4256
3522,2328
1127,1758
109,6328
4846,5545
6772,7012
3615,825
5110,3417
24,5254
2706,3408
6072,8141
26,325
988,1842
5243,5809
4795,5288
542,372
2713,1633
3463,3106
113,5936
4978,1310
5680,4530
2744,1026
1762,7047
5814,1403
4547,4946
4511,3835
5655,5738
4828,4791
5479,5543
1098,2016
5276,4713
3090,4201
1748,6634
1772,2580
425,4373
3747,2485
3522,6148
3586,6942
215,2240
1503,1506
3274,3460
3614,5684
1305,2830
1441,8290
3225,4103
7056,7763
2356,3650
3655,3002
2651,2510
1185,771
6241,7092
5285,4335
4632,7620
856,4014
4001,2145
1538,1802
6976,6097
2410,2576
1462,1919
172,1297
2264,3937
7666,7397
138,849
5166,7620
5800,6982
312,1186
946,350
24,391
457,6498
4036,5651
2702,425
3001,2654
312,795
1111,5543
6497,6498
4124,737
6,1035
6618,7765
2612,2594
5184,5568
6736,6788
1542,6555
3439,4712
5800,4310
2559,3580
6271,6571
104,1100
2093,993
5022,6347
2256,3871
2133,1621
1922,2721
600,1075
4070,5245
3453,5822
634,2542
3352,4024
255,608
6790,6555
1835,1035
3460,5289
5810,7809
708,545
1279,3956
7626,5028
5772,5020
457,6447
3402,4828
3350,3028
4136,5928
6624,6907
4353,5925
2660,3408
5172,5079
1462,1497
308,908
3624,2516
1566,2801
1885,3130
11,204
1395,1701
110,8285
4123,3394
1074,3792
1521,2375
3381,5524
7376,7063
1009,1165
3357,3769
2256,4795
306,1428
3458,1024
2713,3291
3449,4846
3144,2485
4044,1769
1133,4814
7231,7694
3587,6869
5313,3027
3032,1239
1542,3498
4219,4261
1166,5714
3260,2576
2145,947
2256,3635
5697,6994
5820,7449
5151,4645
1032,3136
6070,5524
3969,4875
2285,1679
59,2963
280,304
6272,7839
4076,4662
3960,2516
7744,7810
634,5827
6,6965
3814,3258
3631,2381
6182,4875
5455,4712
182,590
3969,4940
7055,7443
5188,6097
2696,3324
8,439
3009,3547
3585,3587
1064,3822
960,1564
7299,7301
1098,7201
5171,4041
1550,4384
3635,4297
1542,5479
340,918
6327,1403
3479,3276
2967,5106
11,1022
4036,7381
313,958
319,5020
4674,8212
6,1798
87,4712
1803,974
3402,2381
3000,2411
2724,2973
5609,2398
7057,6560
2565,1310
2504,4962
2713,2328
1966,4055
2215,5463
5177,3976
5077,3284
4036,5605
2272,3089
311,1330
1589,861
6524,6914
3454,4953
23,700
1922,587
5179,5524
7430,3334
1608,2205
14,182
2851,6437
11,2508
7737,5671
28,670
1065,4011
1549,5524
2657,1297
7057,5466
5802,5897
1566,3059
493,299
1496,2667
2972,5757
6620,7168
2384,4600
1055,3117
6458,6330
5915,5529
704,1633
6619,5404
178,405
306,675
457,4994
3787,2565
5172,5421
3454,3887
2702,4983
3794,4335
4960,6006
1705,2922
7405,7618
1766,1297
1441,2097
215,1732
4632,5760
5079,5775
2576,3125
813,1534
998,1152
6241,7400
7280,7833
7052,6712
11,2754
2369,5375
561,282
127,2790
4948,4547
4864,5902
852,3976
904,1752
3642,5775
1012,3301
1697,1633
2474,2805
4980,4099
407,1525
7691,7778
3666,4448
3658,3005
825,4417
988,8128
5079,5020
68,2765
6736,5871
14,2475
3010,3005
2658,5872
4795,4536
4073,3808
457,4041
1319,1793
1748,3661
2605,1992
3691,3568
1151,4828
3641,1688
3567,2595
4431,4261
6272,5839
3453,3796
4045,3453
1550,2516
1555,2117
1055,1279
5316,3643
2565,3352
12,810
3642,6161
559,2076
3310,2658
1645,5886
3041,2697
689,2157
4038,4043
1691,3000
255,1538
3452,3447
113,1717
3641,2576
1922,3018
4072,1769
6914,5288
1614,2297
2696,3020
1549,1613
3965,3976
6075,5121
215,3755
3352,3661
784,4179
36,1783
3439,3260
1614,3253
6305,5479
1202,907
5285,5255
1470,2768
5423,2940
29,274
5697,5262
2605,5404
8211,8249
4625,72
1623,8290
715,1075
3498,3969
7086,3726
635,714
4632,5262
457,741
6611,3459
689,299
3788,4574
6736,6901
90,417
637,789
4316,4987
1769,1416
5655,7839
5189,2831
2297,3059
2256,2926
1480,1103
5691,1648
3453,3274
5800,3297
3159,3748
5916,6599
5121,6599
3813,3346
5489,5812
564,895
407,1997
1492,1774
4462,4463
854,3456
6615,6790
2555,765
1151,1747
3872,2384
7279,6618
691,817
6941,6913
996,1547
6218,6032
5802,4981
2516,6589
922,1484
2872,2225
4045,4717
4045,3092
2249,6736
825,6590
943,1425
1234,1587
1469,1603
403,2599
879,3453
407,2811
1111,3352
3032,4323
4926,7050
1350,1619
789,4953
2109,3394
4219,3956
4818,5058
3692,5423
2598,2117
2072,1250
3522,5697
766,3516
6714,7315
769,56
1867,1411
3026,4536
5102,7618
87,8287
2619,1754
1463,5822
5285,5189
4046,6980
4725,5073
7379,4632
7744,4401
5524,6873
1489,1234
4222,3274
1925,1983
6976,2851
6360,6327
634,282
999,432
2972,3433
633,4534
2686,2651
5804,7386
3381,7695
6615,3631
310,2297
3641,4795
5839,5871
3480,1915
3615,3645
3586,5335
4980,5639
4045,6600
1151,1781
3615,3125
2790,1633
1305,1808
2842,3617
2936,1211
1111,1193
1151,5828
3956,2859
6657,7279
4899,5178
5814,2535
26,756
4310,5807
6119,4781
2237,5848
5655,5289
5445,2507
319,4994
1135,1416
841,2828
2958,3265
3449,4483
3806,5072
2326,3745
4633,4212
3026,856
812,817
13,214
1074,3634
319,3691
290,1284
1202,1604
3515,3587
7232,6907
2576,1705
33,167
4813,4689
4756,4776
2872,3970
2485,2993
838,204
1552,935
66,2237
1124,1564
2323,2654
2988,737
1655,1520
98,56
3796,2871
347,1165
6619,6299
3568,1990
5103,4666
1501,1437
2746,2328
110,979
6538,7116
4353,72
36,2145
4275,2696
1733,7620
5655,5844
3394,2653
1374,7021
5984,5950
4450,4453
55,8
4077,5463
5217,5178
6202,4037
319,826
3917,2456
993,871
5189,7092
2323,3897
2371,1492
3180,2654
3456,3274
6596,8168
308,1039
1922,1549
3642,6409
1133,4351
5582,3634
5423,4786
6,1489
3000,5800
2688,4583
109,6934
841,2763
4468,4977
6619,7315
766,1310
2072,2137
5188,6869
982,407
1549,1243
1608,1444
1210,6337
695,2686
306,5543
5181,1352
1670,8290
3586,7651
5079,737
7063,7620
4948,608
173,3443
5189,5103
20,252
2497,3089
71,80
2851,967
2967,2859
1128,1564
766,1243
6523,6330
2699,3587
3458,6337
173,789
1125,2195
705,922
7350,7726
6494,6946
2688,3092
3352,3114
2686,3903
1193,72
7055,3000
4967,2565
78,56
2654,2900
1151,1983
3568,4124
3031,2657
4415,3433
5184,2822
4441,4037
157,707
36,857
312,1464
3461,5539
5800,8121
5022,2774
4036,4986
993,1236
1707,2371
954,1836
2369,5963
1132,56
3453,3334
1835,5100
15,893
6320,5079
2326,3352
3527,2657
5524,7992
3461,4631
2290,1990
1098,1419
2913,1705
1767,3352
3835,4037
1496,579
556,1164
3786,4574
3622,3903
663,1498
2560,2912
2686,2325
3682,4351
1707,993
2328,3615
1037,1592
5600,6029
68,7094
769,1190
5871,6523
11,514
290,1165
2565,4266
5531,5947
2706,3243
71,151
5316,5140
2440,2470
2688,3009
1428,1811
6232,5263
2559,3140
7649,5839
2133,1646
1166,741
3541,3007
5605,15
5885,5891
457,1563
7906,4401
4175,6006
7391,7924
1151,1485
3614,4938
2981,7149
2387,4276
1151,204
766,659
1166,4483
650,1734
4757,4266
1055,5683
7080,2658
3032,5651
1470,7553
922,1774
6907,2851
6108,6229
1151,3537
3352,5132
2229,2674
1166,5288
2272,2877
2256,2102
11,1997
58,55
6224,5262
4652,5543
2504,5527
766,5650
2186,6913
23,616
2414,1700
4295,3284
6023,5233
3691,3480
2003,5819
4879,7378
7740,6980
280,1007
2504,1185
3380,3005
5624,3586
6165,6554
6580,2285
2651,3958
1278,1774
154,178
2326,2660
6,723
4638,4639
5246,6832
1522,1893
7675,5179
553,560
4072,3562
1615,1857
6305,6006
4045,2144
7405,6980
2326,2416
3457,3084
47,2007
6619,5465
1367,2324
5043,5092
1835,2993
1006,1402
3059,2696
1306,1808
2274,425
981,1164
4828,2516
2264,1186
2145,3393
826,1596
3661,3352
1742,1780
127,7632
7744,8249
5079,5588
2565,3607
86,3310
4653,4645
33,144
3191,3456
3447,5775
3786,6311
35,377
2788,2410
2365,2859
5714,5226
122,2646
1644,1661
1614,5848
5802,7040
763,5222
47,271
1480,1901
5180,5790
5616,2398
3634,4646
4550,5392
2256,8291
3109,737
600,579
3402,4792
94,1123
4948,5671
7056,7277
1487,1638
6772,5524
4326,5994
230,559
2094,2470
4152,1688
996,2542
1608,1672
2842,3193
1305,1211
601,321
5817,6765
766,1437
1922,5092
36,859
1615,415
1127,1734
109,5563
7449,3962
825,2625
3763,3933
4813,3897
3148,4011
5796,5465
2700,3483
310,1619
2667,5543
789,722
78,300
2565,2251
3631,8295
1462,1549
1215,7632
1835,8141
1279,1277
1151,4310
5630,6278
1357,1482
3521,2485
3469,4827
2651,3910
1305,2958
2174,3351
6327,1823
6538,6004
1608,1798
5439,5543
11,1260
1596,3352
5550,5563
825,3796
4045,5301
1151,3892
3601,974
3026,3643
407,2066
3641,737
789,4811
4127,4999
5179,4899
4964,6770
1151,4103
59,2946
6018,4175
1717,3338
136,584
3458,3873
110,1492
4632,5539
3119,2625
6619,6934
1799,6595
2653,3028
3461,5075
5110,5263
371,1322
769,710
2258,2145
311,2071
259,2506
4212,4103
4099,4875
1374,4632
1013,1014
1549,1555
173,1296
5295,2785
2744,5872
2379,2900
182,7620
3728,4261
5195,5204
4056,4110
5591,6400
854,72
122,2135
3787,2328
4916,4037
3691,7422
407,5524
24,2595
3394,1706
6248,6337
2972,3274
136,6634
3015,5780
5816,1982
11,259
2223,8148
769,887
737,4037
1965,993
7901,6875
587,1286
3460,2326
3258,4531
5171,3634
1006,1983
1350,1164
690,310
1374,5246
5079,4798
766,4780
8061,4940
2832,2323
1769,1966
1305,2815
5524,7620
2546,2660
5834,3191
1473,1357
7829,7879
155,2398
6719,2940
7282,5378
2231,15
762,5902
3842,3926
6,1062
5691,5743
154,989
3348,8044
4673,5638
2328,6770
836,1805
3562,2973
1734,2727
3541,2145
904,1678
3162,3164
6270,3885
457,3812
6946,4879
2691,5828
2686,1166
3447,4954
1792,1861
4899,7373
766,4510
3728,3106
1613,763
3454,4557
2133,959
6622,6736
2472,1521
3452,2831
2859,3976
4223,3976
2146,2151
259,1402
2176,873
3455,2517
6627,5254
5696,3873
588,999
3306,2535
3378,3635
2855,2264
311,5543
310,3408
2387,5263
2667,4715
710,2542
6551,5524
1701,2595
4040,5745
8182,8178
3375,2923
3454,1769
1931,1542
1470,4687
432,691
101,1478
425,7054
5179,6124
705,941
704,1903
1749,2398
2617,2102
6305,5037
5524,7961
2435,2781
5806,5811
346,853
784,4875
94,613
1151,1035
1972,2550
2472,2809
2298,4031
5188,6576
6619,7440
2707,2325
1009,314
2326,3483
3404,4310
346,2326
6097,5814
1697,6255
1789,1783
457,5827
7125,4037
80,29
55,402
5591,4335
7301,7890
4041,4719
2658,6043
3647,2585
3378,5022
4843,4247
6270,3459
4276,2516
2115,1211
5189,6105
3518,2398
127,982
3480,3007
4967,5026
5814,6714
7421,1982
6241,6496
6242,6251
2116,3529
1006,1039
4527,4748
406,681
1201,298
3787,2506
946,2799
306,681
4524,4875
1506,771
1621,1888
2001,5863
6270,5980
1885,2657
127,1157
1165,993
2948,1781
1098,5811
8270,7833
2174,2276
996,1243
6907,7054
1542,3460
5802,3803
749,5584
3247,633
4891,1305
308,2004
1395,2685
813,1964
6314,6765
154,28
5171,6739
2700,2506
215,2625
2704,3164
5807,3334
5176,4247
2693,4687
1922,2587
2618,2665
2688,3251
3976,5083
1483,1798
1922,2550
5822,6832
6408,6409
285,993
3453,4191
3587,1166
4045,2811
311,3253
4067,3562
3081,3082
1500,1167
1055,1752
2192,2195
2989,2565
2688,3548
2226,1166
2972,1972
1496,1164
813,5543
1582,1199
3456,2658
5188,2398
2118,5092
2791,2547
56,415
6971,6784
2145,1705
879,3321
1466,1701
3568,3352
6043,4828
6976,4037
4074,2328
737,7422
3586,8121
978,979
2660,2900
157,2979
826,948
1151,2165
5802,4966
172,761
1917,1658
371,1956
2677,5932
2559,2859
205,150
5179,6328
600,311
2972,5273
2384,4536
784,2685
1510,871
310,765
1571,1482
6627,7587
545,960
1473,1730
127,2877
3276,3661
4292,4290
3956,4219
6359,6739
1044,941
5524,7373
4813,1972
3610,2747
3447,2871
36,304
5445,7280
4099,5262
865,2669
2323,1990
798,978
5524,6892
2972,5817
4045,4719
4662,3276
6616,7040
2912,3021
366,8287
4126,2328
5190,737
310,844
1922,2593
2585,3537
3557,3871
3642,6130
2559,2809
1585,2114
10,609
5188,2511
4273,3192
3813,5133
639,823
5188,4709
29,55
3391,2660
3402,3106
66,600
3056,2593
2474,2669
28,86
3447,4037
5102,3293
72,567
3855,3483
1215,3089
2688,2134
2328,3352
6907,5465
727,665
48,271
1142,1297
5022,4875
1848,762
1473,856
6,906
42,2128
2688,1679
766,4994
4828,5545
457,3755
3447,7961
6218,5814
7415,6914
2822,4021
4148,1990
789,5539
1549,3443
3345,4964
3191,4977
856,3307
3086,3099
3631,8293
109,5404
143,28
11,86
2958,2585
5543,6029
5655,7306
2371,214
2326,4247
5301,6789
319,730
1538,3580
3033,2135
103,656
1691,4435
2822,2968
2688,4256
2559,1956
447,3321
463,8287
59,1131
311,2542
2120,6321
68,4351
959,313
6620,5922
3352,4355
1837,2060
7086,7860
2765,2257
5454,5563
1166,5162
5796,1026
6347,6006
2859,4051
1352,1864
766,4263
3453,5721
5360,5072
3056,2114
3144,3251
5822,7295
644,271
5179,5509
853,985
4046,5384
4460,4463
3812,4811
7000,6774
580,6043
7682,7620
3958,6123
171,227
1767,3680
3796,2381
1769,765
2964,1385
5739,5254
410,433
1487,2638
1691,4981
2792,4040
457,1284
4310,5839
4712,2398
20,2324
604,600
7057,7225
766,4777
4974,4574
6443,7890
6123,7204
5739,5871
4948,5925
4479,4480
4070,3458
937,1277
3709,6595
5915,7912
87,5072
2653,2693
1767,2955
5802,1403
3982,4099
2251,2651
1137,2594
825,2794
58,2877
1037,1297
865,5423
1133,3455
25,549
695,789
1608,1137
1982,6327
4671,2398
2613,762
2009,665
312,743
2118,2667
2114,1734
2230,3033
1319,1322
1428,3104
7047,7389
3457,3871
2658,4654
871,826
2065,3443
2688,3145
5123,6124
3728,5506
4788,6833
1374,1679
3196,1571
2541,2708
6906,5404
2658,8134
1200,3243
28,224
172,1166
2871,3007
306,743
3830,5100
2384,5162
2972,4899
1133,5947
1767,15
1919,1697
457,6044
3456,4795
2967,3346
231,439
546,6784
2560,3253
29,604
5543,6784
132,407
825,2328
457,1062
1767,2932
3381,6417
4044,4466
1356,1732
1480,1230
7564,8124
5810,3897
3787,7517
5177,3919
1614,204
5185,3291
3352,4263
3006,762
6522,5596
4005,2595
489,514
2842,2693
1297,2585
3728,4719
5839,6123
1064,857
103,7618
1319,6789
4967,1799
2411,3615
90,600
2411,3680
5739,6328
1236,1221
650,932
1098,7262
1234,35
1055,2654
879,2612
5016,4071
6627,4361
854,4712
5796,3291
6,271
2693,2328
6993,3310
6596,5028
6676,5738
5173,8224
3343,2974
66,5529
6934,5012
1374,7510
5697,7101
142,363
5053,3969
5301,5753
2967,4024
4944,4044
47,667
3317,2210
3354,4796
3615,4290
5802,2851
7378,5465
5655,6464
766,3089
978,2900
1151,2506
3819,4181
6151,7620
3724,4289
1848,2328
2565,5215
5822,6424
922,1103
1608,407
1661,2102
5485,5022
1473,1780
3498,2326
3812,4448
1442,1538
2851,6980
959,1842
6391,6400
784,1164
7865,7021
3252,3352
8050,8249
6619,5020
1211,2535
582,4536
789,3433
1872,3529
4483,5179
2118,2805
3586,7143
2256,2174
1032,5683
2472,2770
686,1524
2655,6337
7054,7557
2909,4534
4899,3274
1583,1619
1701,2686
1569,1718
6460,7857
3144,1157
4347,7021
3381,5432
315,930
3454,4269
2135,2289
5201,6665
2576,2654
1549,2660
1603,2240
204,1608
2972,4653
3787,3346
3571,5801
3615,4384
3666,3843
4044,3724
3724,2289
813,2475
282,255
978,1661
1084,338
956,686
691,2117
311,1322
4673,3842
4310,5973
27,719
1098,6913
1357,1603
6698,6699
7967,7553
457,4824
6812,7662
89,2657
634,5543
4310,4986
2688,2708
2576,3033
4792,6665
5009,3027
5600,4099
614,938
25,650
6907,6946
2472,1808
4338,6789
28,659
4536,4795
6045,6041
3394,2790
6221,6715
315,1259
24,1360
5799,6432
3787,2535
2510,2371
7227,7533
1644,6914
221,390
4046,6523
1555,1319
143,35
2240,974
988,3871
2688,2974
5796,5022
3812,3417
1997,1772
695,769
6906,6123
3641,3854
4712,8295
4280,3192
3724,4247
3603,1310
128,1166
1756,1390
7294,7225
3786,5321
26,564
2546,2674
1202,2968
904,1629
4007,2210
1542,3293
4813,6441
5110,2785
2387,5925
3658,4666
7818,7874
2102,2638
1892,407
5262,6096
3381,4713
15,2229
36,6496
4045,4661
2688,6156
127,616
722,1637
3460,5083
1799,1966
780,407
2160,762
4099,6006
722,2101
5612,2440
766,4986
2321,8293
1549,1035
1497,2145
5822,5563
686,1836
1615,1802
432,4400
7317,7318
5812,8295
7226,7557
4964,6755
1462,2809
265,282
3787,2774
4748,6590
2565,1185
3631,5392
946,1396
1492,1689
825,3321
5324,3191
29,4011
810,977
7043,5378
762,659
3645,2066
457,4269
1037,2654
11,2595
6577,8297
4045,5404
3092,7146
766,3772
2972,4796
2796,1808
3447,4529
3995,5848
2287,2968
3256,3483
5439,4748
6875,7965
7267,6784
2576,2760
1496,4099
1549,1284
2172,3897
1701,608
996,5022
4433,3454
2964,2859
2504,4400
1470,3813
2133,2490
1074,3291
2474,1992
7032,7033
68,5902
975,1714
3394,1688
5172,4099
946,2571
2285,1393
6875,5922
3925,3634
813,805
5524,7225
77,604
4045,5132
21,370
708,2193
766,5096
6151,7301
7580,4884
5857,6305
2576,2926
2062,7478
4767,6832
86,4962
1102,2654
6299,7632
4261,4661
3352,3921
1638,1103
36,1566
1701,1723
1319,813
4006,2210
1922,3946
1922,608
24,3843
546,6523
1042,2504
5531,7561
1374,5412
20,402
2063,2470
2550,2589
4795,5459
5110,5423
173,1629
3956,5871
1151,1697
1751,3371
1151,5061
110,228
6523,5932
4500,2433
1167,1580
2932,2955
1211,1661
4441,8237
6848,5020
4673,4099
5263,5321
6,4037
2398,2625
2651,3114
4632,6481
5822,5799
5768,6251
3752,8073
2654,1291
2768,1596
5933,5254
643,798
4400,3976
2727,4323
6914,6784
432,4827
5022,6632
2925,2979
3098,3285
1537,2240
1800,1908
3059,2016
1661,3253
4666,7063
5811,6441
2686,4828
10,746
3956,5499
6865,6869
2871,4962
922,1137
556,299
1487,1279
826,1557
4071,3460
650,829
5524,7927
5301,6098
1594,1969
2473,3145
3461,4658
6217,5584
5177,4994
2790,2973
3453,15
3191,5683
1378,1726
1137,1286
2565,5693
7719,4071
1997,2593
8131,8132
6323,6976
280,2775
706,963
1922,2323
6596,7391
71,2801
766,4065
346,2747
710,1377
317,1167
4,28
2972,4031
1166,4536
311,1097
6,317
5531,5829
3678,2923
959,545
1589,1261
3642,5827
4673,6327
1297,2411
1006,1595
6596,7646
28,216
2256,4335
3447,5705
5857,6458
3642,2925
2557,2547
161,2619
259,3192
4982,4964
3571,2871
2236,3099
6934,6907
2118,3433
5542,3456
789,5327
853,857
3641,4124
406,2369
2585,3892
2411,2797
2379,4247
1875,2693
1230,1437
6736,6783
2485,2653
4456,7351
5022,6417
4879,7362
635,730
1151,2834
5176,4099
1636,2499
7293,6299
68,5061
4846,2237
2674,7381
1985,2323
2326,3520
6,584
1470,2579
7744,3770
2009,3460
988,3371
2145,5800
1892,1893
1997,1018
635,1566
2396,2397
7578,5096
7390,3238
4899,4098
121,659
4974,6913
311,6330
5800,6270
2289,2669
3634,5994
3456,4587
637,742
766,1250
173,1613
311,1385
1151,4191
4792,7788
2497,3050
1032,3253
2565,7225
2565,4820
2605,4653
3728,3456
109,5200
4483,6618
7400,7450
2774,6347
4948,7238
996,4510
11,993
715,644
201,681
4325,4384
3949,3717
2686,2951
1639,2651
2371,4361
2276,3614
6596,6914
3454,1729
3641,4662
789,2210
1279,1587
2381,6665
9,421
904,35
6906,7185
7023,7052
3787,5148
127,2066
1487,559
4070,5963
2838,1211
383,2297
7137,4037
1135,1199
2326,3933
53,2657
3854,3456
2476,2900
3463,3027
1795,2819
3417,4448
1803,1842
2114,3140
8,226
2485,5509
1133,2066
2231,2604
3380,1982
4899,7860
1205,941
2740,2560
367,2643
2264,1961
4315,1680
6371,6218
1468,4424
5188,4795
2667,4828
68,2072
457,4653
2658,4820
6618,3297
2145,2210
3394,3562
2972,5106
6934,5800
2473,2763
2535,5020
5179,7054
856,6833
988,2517
1203,2055
1489,2345
769,332
3056,3033
2774,1705
1885,2322
2713,4384
6618,6832
4944,7839
1799,5950
789,749
6081,5596
1133,5977
311,1593
4045,6790
2737,4510
11,3014
469,5714
1055,1236
3720,3260
6767,4709
1972,3027
946,1521
6359,6699
383,282
2967,3724
3635,1729
993,403
3976,4684
2547,2724
3046,2724
737,7233
2435,2801
201,80
841,2625
3452,5790
4967,6296
36,271
5172,5832
145,1377
2617,2667
4310,5417
173,1758
2653,2619
4063,2144
4632,4940
7772,7833
2254,1888
600,762
2872,3720
2842,3435
1296,3537
2435,2770
2135,4463
3394,4578
4981,2398
4884,7632
5524,7871
7295,6299
5524,840
6,216
2871,2977
4431,2144
2507,3253
3459,6576
1221,765
3477,3557
1522,3346
4686,406
4550,3103
7744,8209
6097,7214
8085,4401
1610,1726
3160,3164
2792,2625
2653,2686
5998,5273
2174,2328
5454,5743
7623,7647
2559,2510
3390,4899
6946,5028
1767,3334
3453,3321
2485,8192
1037,5902
6624,7277
6913,7185
6280,7351
371,304
710,8292
87,4099
1678,1977
173,2181
3041,3030
3352,2747
922,1296
1032,3587
5445,7803
1127,1489
5524,3346
1733,5210
5177,4536
2237,2257
1305,1498
3447,4040
11,763
854,2499
4151,3660
4140,2328
1203,1307
615,700
1133,5061
2658,5132
426,586
6855,8128
93,153
5164,5162
1487,8293
1707,1285
4542,7434
5172,5972
457,7478
3103,2822
1316,904
265,6328
5696,15
24,849
1549,1963
2014,2470
127,346
1221,1284
6995,6790
3635,3937
2972,4846
2651,3631
2658,155
319,3752
7100,5432
122,2968
4128,3192
457,4448
143,6979
689,86
2872,3313
6305,4994
457,4964
788,643
2870,214
766,4717
5262,2914
1470,1956
784,2456
826,1908
7070,7115
1492,871
3366,4310
406,6624
1374,5465
128,2470
14,178
2237,2585
4828,5665
2619,6955
4967,7561
1427,1307
2811,2066
3084,3646
1814,3291
766,6901
6483,6156
956,2669
2967,2576
3813,737
2688,2727
306,36
3642,4574
3390,5637
3402,2516
2831,7912
4938,2822
6486,6913
5802,6869
1463,3892
5009,4899
1622,1701
1247,1166
4361,4365
4221,7063
5457,6149
3641,4645
2012,665
5807,7094
2326,3661
7993,4037
2672,1992
865,1497
826,3136
6560,7386
1496,1593
3639,3144
1661,2433
788,1131
2700,3538
6620,7144
1167,871
766,7757
6596,7788
2564,3456
6220,4713
2972,5199
6460,6993
3787,6560
1006,1396
3454,1706
8107,8249
2688,5928
2542,2787
5644,5439
335,5545
3576,6855
8196,8198
6560,3459
5524,5872
2565,5806
5796,7301
7471,7649
4967,6001
7052,6736
863,637
6242,6930
5275,5210
2565,2805
87,5732
1772,2618
3568,6162
3912,4323
7055,6665
2156,8290
1811,2643
2688,6505
13,30
6221,7839
5189,5404
7697,5179
4310,4527
4099,2925
89,1192
2667,6432
1236,2999
2114,2993
2510,2594
426,368
1267,2955
2052,2193
795,171
3586,5760
2118,2822
1733,6481
5002,4713
2700,4103
4862,5254
1701,5123
1051,15
104,377
4353,5506
3482,1297
4144,6262
6619,155
236,636
3402,3018
647,2397
1684,1416
80,798
5181,2398
4967,3958
2365,2593
4448,3140
46,371
1980,2329
4894,5543
3965,4065
55,308
5616,1473
4746,5178
2646,2721
1919,2119
1166,6523
3352,2516
78,428
5524,7833
2565,3027
1166,8122
35,1075
3526,3887
1991,56
4128,3291
5437,4527
2688,3506
104,150
2597,2117
6299,6833
1184,56
7092,5902
2095,2185
1615,1297
1428,836
1151,2240
813,2643
6758,1498
1259,1296
4036,2384
7724,7544
310,1191
5691,4483
4662,3796
6299,6979
1835,7115
2506,2871
2688,2325
996,2333
825,3926
763,1717
1868,2091
1838,1407
11,1520
269,3
87,2900
813,1374
5263,5863
113,8287
2660,4712
7057,5079
2506,3480
1985,1622
2989,2371
626,579
1003,2851
2264,5714
634,5509
1772,2409
615,650
36,3456
6616,5697
2658,2252
4040,5839
7052,155
1166,6023
5896,5529
3388,1919
2062,2066
921,761
5952,7237
1285,4600
113,2479
1972,825
2120,1997
1549,947
7639,6280
2939,1211
3754,2485
6346,2774
1137,2165
3498,8293
371,643
3634,4846
6921,5543
2565,2830
275,405
77,175
254,756
5285,4536
2912,1919
4816,1360
2133,2504
2688,5824
2237,4661
4938,5452
8,681
4981,4587
11,2787
3034,2398
1608,2587
2274,3080
7675,7778
11,1127
1796,5200
4688,3458
3470,3489
72,2774
35,153
5800,6953
805,2774
346,2999
2118,2587
5173,3809
290,2508
3586,7414
4076,3321
5020,5204
4329,4463
4468,4557
6272,5739
6836,6833
5531,6528
86,1585
3375,737
1977,1772
4795,7101
7057,6174
686,1221
1522,3809
556,945
1751,1103
3144,2625
3451,8294
4966,6472
3920,2585
1164,6424
3641,6098
789,6606
769,8178
5404,7620
3830,5073
2747,4735
865,3291
5802,7882
5811,6624
1098,2785
3447,6261
813,1597
1610,1201
5188,5886
6755,6503
44,154
5102,5012
6993,7414
2411,1140
4632,7005
2559,1734
3652,3537
1166,3002
2842,3580
588,587
8216,8051
941,1859
813,2655
6913,7101
3659,2289
4598,5871
1701,1888
5125,1385
3457,7131
6327,6462
1395,1842
11,15
467,1151
6934,6913
1029,803
4437,3238
2619,2535
2118,2693
3817,3200
311,2999
1075,1018
4079,3562
6170,6251
3443,2456
5645,4777
3624,4299
2369,7928
55,942
1142,1097
7080,7108
4441,3664
4507,6634
4290,3394
3447,5273
4219,2369
7198,8219
2688,6226
122,2651
996,5650
1820,1521
1977,1353
4065,2775
7055,6523
5802,7237
5160,5452
3010,3059
2356,2958
871,784
789,875
1382,1297
2338,3348
5466,6634
14,54
7236,7553
5125,5850
1608,1384
4686,5210
1305,3007
3039,2660
922,35
3562,3800
556,1717
1767,2834
663,1166
3027,4247
2116,2206
2062,1035
4036,6044
784,204
841,56
788,2397
2504,5886
36,3192
125,710
2306,2504
5006,4797
2229,1437
3477,3529
1466,2764
6665,6221
5655,8169
5591,4687
2237,1769
5452,3554
5855,5482
215,1610
2565,2256
5805,6424
1487,8290
1990,5285
805,749
6624,3726
4795,3842
1005,1497
2654,2724
856,4103
313,322
4718,3691
3457,3650
2229,2234
986,993
7449,8219
1032,2912
237,2794
3450,4613
695,958
2972,4351
988,3439
3350,4662
3814,4088
1487,1489
2206,2777
1701,737
3463,4531
2871,2932
5185,5697
1259,1166
1747,2479
4673,6632
2653,3276
87,1055
6221,7517
109,6555
4846,5115
5114,7908
2135,4777
423,1747
4483,5524
1037,4037
4013,4014
2507,6164
993,1061
7280,6918
173,1783
546,1963
3028,3084
2001,6029
8183,8178
1098,5932
5079,5737
556,3458
4412,2398
4488,4875
6239,6306
5255,6255
3144,3661
5457,6261
173,975
6,226
5921,4037
1622,1487
5175,5721
128,857
784,1752
1951,2565
1919,587
5606,4899
1350,1658
4832,4361
3641,2909
6907,8163
1707,2805
11,907
5920,6044
439,86
256,298
143,1062
2328,3562
6075,3015
1374,1855
5020,5245
7092,1191
2909,3352
3142,5378
3028,4099
5622,5623
1024,1592
4488,5200
432,798
2871,3073
29,2252
2135,4266
3488,1157
11,706
3456,6869
1492,1587
3447,4011
407,1816
5177,8297
5404,3334
1915,5200
5809,6124
128,1524
2411,2210
1011,447
5524,6437
3352,2257
2290,3541
2411,2727
3366,5527
4045,6589
3624,2485
2326,3629
2608,2828
7052,7094
1335,5683
5802,6789
7055,7005
2688,3473
7598,7699
4314,6594
988,2713
3877,5484
2654,3126
3568,2506
11,2646
2510,2174
3456,2144
999,789
2103,1035
166,897
172,878
1592,1792
1428,1966
2649,2650
1378,1453
4894,5620
7005,3962
109,5829
879,4550
737,6780
1305,2708
6624,6442
6305,3842
5524,7694
275,2669
6032,7238
59,1604
5445,5947
1997,2210
3910,4735
826,1973
1166,2411
4948,4929
72,2398
27,1092
7280,6241
1133,1240
2688,3452
4036,1769
4310,3897
6327,6665
6229,7301
6359,5814
1592,3089
1594,1732
5028,5814
8012,8042
1496,1501
6204,5563
3666,2134
3208,2384
4310,6299
2485,5790
4219,4962
11,1774
6323,6783
3965,3352
7045,6414
151,402
3394,974
3804,4201
2560,6523
1670,1124
5524,4748
4534,5178
1919,2120
706,1573
7092,6327
6914,5406
3542,2660
766,2579
996,1888
304,1927
1862,290
1537,2655
1183,1389
255,864
5273,4764
3481,3538
1820,762
2658,2686
11,3114
72,1597
5524,5500
2237,4261
4070,4338
3451,3453
1542,3897
3168,3958
3292,3631
4065,5624
1772,8292
634,5103
5103,7512
6,363
3461,3034
3561,3856
2871,4037
1537,5226
6702,5079
1608,2193
2217,3276
257,981
5487,2001
457,2240
3877,3643
7057,6980
2523,7890
1201,1580
600,5404
2565,7701
3581,3587
722,1218
4040,7662
1769,2619
5815,6871
766,5432
7057,3000
6596,5605
11,3807
1542,2333
2972,5178
1350,1597
42,55
3586,5020
426,515
2658,3014
1279,1513
4948,8237
1133,4999
4711,4261
3452,5155
5787,2775
6907,7052
7231,7544
2092,2095
637,838
173,1752
5175,72
7053,3459
4063,5697
2760,15
3642,7620
7047,7694
5857,7699
6411,4687
3642,6739
584,590
432,433
6327,5199
2964,3351
3611,2923
310,2325
3457,7237
6479,6595
24,3164
3895,2307
1506,1679
3453,2822
2286,1621
4899,4099
3027,2576
6444,6006
2264,1353
1357,907
7682,7874
3568,4263
3586,6505
3453,5637
2688,3130
5543,5822
762,1222
5714,6458
1972,2815
3256,2746
3406,3408
20,681
5966,5335
6941,2851
2988,4335
6272,2620
1480,1000
340,1413
2229,3155
5952,5963
7236,7620
1098,2385
4653,3691
5022,2433
4948,4981
1151,6174
1608,1124
5468,5511
854,2101
3796,5083
2356,2595
993,2071
1991,1808
856,2411
5524,6043
295,300
2542,3580
3457,5467
2713,2307
27,310
634,15
963,966
3976,3958
407,697
3456,4792
1279,1580
6645,5254
3453,1769
2909,3643
312,1259
2660,3291
2585,3351
7131,6032
5524,7063
7088,7533
1133,4011
2474,1393
1278,1425
663,1538
1210,230
1329,299
922,2004
805,1425
5391,3498
600,647
3666,3910
3305,3018
6611,5563
689,4021
72,6004
1166,6164
2290,3970
2504,7092
6443,8224
3142,3681
291,2790
109,6788
457,7587
29,611
5079,6784
2325,3320
4065,3873
5320,2909
5022,5739
686,966
5053,7587
813,1167
2497,3745
1691,6151
1538,2120
3615,5130
2693,2576
5079,2001
6911,6976
715,1193
4368,4373
3453,5178
1167,2157
2535,2981
3453,5239
1098,2805
5232,1385
5591,15
816,1193
3642,7478
3787,3554
4894,6424
1041,1026
5796,6148
2676,2366
1658,2297
2134,4191
3402,2517
2297,2801
224,282
2449,2470
8170,8174
5179,6306
7237,7233
1210,1230
8046,7553
1203,1357
854,8192
4967,4980
7280,5466
5531,5321
7092,2785
3119,2830
7020,6832
8,592
4748,5640
6272,7279
3614,3455
11,922
994,1393
2964,2237
583,789
319,5563
2693,2426
2297,2693
1847,1953
871,697
2674,5828
3482,3114
996,2240
2948,762
6414,7839
1711,1855
5697,4604
988,204
582,2456
1367,3537
4764,6221
2651,2811
4065,4373
742,4385
4072,2790
1549,1248
2585,762
3417,1688
1291,2815
3787,2696
6618,6000
2871,2411
1717,1284
6218,3962
1124,993
3862,3059
306,566
1470,974
1506,1680
2713,2289
2062,1111
3094,3089
2688,3307
3404,2585
1972,1706
5697,6663
3479,5482
1166,3251
5177,5457
341,1222
3454,3615
5796,6665
4045,5753
2510,2474
4683,3460
10,33
3646,2210
1549,2968
3449,4646
313,8290
810,817
5811,6833
2677,5773
813,1542
87,989
1951,2686
4036,5637
2485,4099
2762,2654
3352,4269
4964,6407
789,2592
2435,1297
1395,2241
597,86
1306,3404
457,5037
3447,4846
3454,3084
53,3646
3010,5445
813,3276
87,2754
3630,2398
5934,5210
4040,5757
6902,3752
922,1165
4044,3460
6951,7553
5264,3554
1578,1580
5920,4435
993,3352
72,2066
1151,2135
2371,4256
1111,4247
166,959
3928,2328
5022,6595
2851,2774
813,1319
3562,4021
3488,608
3786,5651
4219,4401
2145,6784
2557,2877
5262,5848
6619,7186
993,1394
2688,978
7055,7618
4824,5650
6313,6004
4073,2535
4034,3843
1922,3843
2272,2785
2983,8192
674,1222
3032,4013
4948,4653
3512,2981
1667,5620
4564,2326
4141,3125
1471,1532
3315,4613
737,4432
1549,1416
3024,2746
3479,72
6611,5969
4829,3460
15,54
663,1573
200,214
5321,5188
2660,2594
11,28
171,1297
1756,1964
2516,3792
457,5121
5313,5780
4355,5780
2256,3776
2975,3541
2456,4689
7092,6914
2900,2625
3073,3892
1471,5079
311,304
2256,3489
3056,3148
176,1603
2230,417
7189,8174
5020,4068
3297,5262
2605,3489
11,1506
3615,4485
1972,204
5800,5835
2565,2834
5189,5140
5179,5798
2658,5179
988,3645
2686,3191
4310,6979
7401,7510
7057,5406
5697,3479
1521,1842
3276,4290
49,517
4948,7924
1098,2117
2135,3237
4347,3806
2549,3615
7021,5872
1133,4846
1374,5693
1537,2289
2145,7632
3354,4791
2231,2504
7049,3310
2653,1734
6097,7144
3451,4780
766,4191
1549,1510
72,1319
4099,4781
3854,4124
1521,1919
312,929
1395,1322
2790,2747
1098,2781
922,1525
1285,2066
3456,3691
6299,6334
4943,6914
2472,1705
1701,2322
1210,1203
663,214
1622,6327
5697,6246
3072,2662
24,321
223,406
2369,3393
24,1658
161,154
6984,6790
6207,15
2707,2958
3380,3506
1623,1487
996,971
3053,3056
872,1653
759,259
311,1164
2702,2225
5802,7624
3072,2597
2280,1664
4488,4530
996,1049
4076,6720
3304,3408
203,5123
3462,2398
6951,1498
5553,6930
722,2940
5439,6097
122,2474
2378,2571
68,8287
4415,4706
4070,1648
4899,3897
1357,1963
3453,5651
2376,6774
1151,3643
1133,7040
1166,2485
5217,5760
109,7092
4653,3455
3202,2651
7598,5529
4099,4110
1808,2475
3969,7316
4430,4621
113,4940
5321,15
787,3635
6994,7222
1184,2145
1467,5144
633,306
3062,3258
25,857
2506,2535
2744,6229
5179,2565
6,1026
6696,4412
9,258
1538,1482
5224,5231
4441,6098
6941,6665
7870,7871
2871,4551
956,311
1471,1636
556,405
1470,1622
311,1022
5263,5305
3275,3410
2688,3002
457,2811
5246,5392
2297,1847
1487,3473
2135,5539
2976,2974
3026,1706
325,1211
310,665
2707,4899
3258,5902
3960,4099
1835,3002
3026,3092
1167,1633
710,3537
3611,1297
4077,3456
4073,5467
4401,8033
5809,6148
996,5079
2842,4191
2135,3792
1538,1496
21,150
5582,5714
1542,4043
6649,5563
1374,1637
255,607
20,34
789,1787
4441,5439
4846,5189
1489,2066
5531,5584
1065,243
7047,7965
2912,3034
1769,3898
6494,7351
5053,7620
4967,5073
2527,2625
6460,7996
3032,8083
21,219
11,1165
4070,3455
4430,3958
3028,6668
6563,5465
3457,2619
1769,2560
1972,6600
311,810
1235,922
704,1396
5143,1403
6946,3238
5193,5863
5709,3919
1470,887
231,5737
1608,3307
1555,1629
549,714
6,2409
3404,1159
6169,6855
3845,3887
2688,3099
2654,1267
794,966
5179,2160
31,8286
2332,3556
4205,4297
308,789
223,28
270,2079
3815,2595
2323,3014
1808,1419
2504,2605
1441,761
7052,7005
3631,3946
2411,3089
1733,1352
5915,6523
2485,1267
1497,6229
1428,2550
311,1547
766,2764
6272,8051
4310,2620
3352,3291
1395,1501
5822,7646
2688,3284
3402,1688
2510,2593
5181,2552
1374,1982
8050,6737
825,2485
3092,4795
25,696
1470,1310
5079,5570
5153,5188
5099,1026
841,3034
2744,5020
3096,3099
1166,5936
1496,1428
4795,6634
1306,2375
24,600
5940,8174
3352,5430
20,918
766,2324
2249,3291
5817,3631
766,4448
2872,2544
310,1250
3910,3976
3096,2697
2323,3130
6359,5037
3457,7400
4717,3334
4310,7381
2174,3253
180,2604
1980,1842
2660,737
5811,6432
5816,2565
3746,2485
5,93
265,5254
556,1858
457,1230
1814,3459
130,439
5189,7094
650,2234
163,2871
6666,5950
1940,1835
2133,2794
17,50
1691,7871
643,1534
826,1428
8,301
150,607
695,2777
1530,8178
371,756
789,2456
813,1566
2504,2328
3813,4797
5485,6784
5818,5626
704,1201
157,857
2145,2822
848,228
626,893
1253,2801
16,857
2384,2822
3168,2653
3642,5582
7586,7809
2703,3020
5796,2940
71,1518
3026,3313
2135,7632
5806,6789
5123,1159
1352,1787
4550,4247
1166,3033
1879,5002
2700,2912
1013,644
5818,8295
7047,7855
1496,1000
3447,4994
6945,7529
1336,2237
4894,6529
5532,72
2658,7855
4070,2859
2940,2240
2822,5963
6422,5020
1029,784
3028,4331
766,6001
4441,5132
7390,5671
5053,6934
4099,4677
24,33
5773,6624
5191,4846
227,1497
2653,1166
28,2801
5184,5693
4310,5449
2510,4124
922,415
3973,4269
1151,1621
1583,2565
3453,3806
110,1836
5775,5902
2699,4797
5800,5807
6305,6218
3227,5140
2658,7373
3658,3089
937,2968
1335,1726
6031,4875
5584,4964
2565,4162
5079,6976
3641,2653
1749,1783
6829,4713
24,1473
5189,6004
4666,7961
5177,5123
4924,3015
2842,2328
2257,1919
173,5254
2842,3410
3032,3681
1424,1927
1253,1297
1708,230
1230,2066
2290,2660
3634,4335
10,93
4967,7119
6479,6000
7379,7529
5301,6229
87,3117
4964,5819
71,989
3794,5392
1639,935
2069,2470
3995,4201
6747,5773
7120,7544
865,626
2967,3009
1374,3238
10,89
1335,1000
2594,3005
1537,3024
1352,1622
2760,4828
825,2958
3291,6246
701,230
5998,4944
3569,4021
2003,3084
922,290
1608,403
3028,4678
3447,1549
941,1521
5002,5037
3641,6855
1374,2095
6875,5818
3614,2787
722,1646
7096,6634
7679,5079
2699,3417
3969,4792
3614,4666
1467,4964
2229,2237
1167,1277
127,144
7109,7510
4310,5798
2237,4290
822,1315
7679,8219
766,7341
5796,5818
5180,5226
2093,2117
2565,4613
5185,6953
2932,1918
6598,5002
265,700
6280,7378
844,1026
1608,4234
737,5096
1623,4811
311,1992
2700,2114
3092,2225
7231,4071
6323,7620
191,1842
1233,826
166,8079
1487,1124
1951,6505
971,321
2256,3253
988,2912
1991,2665
2931,2877
6914,6665
2237,2968
2297,4528
87,1279
311,2109
4407,1385
5452,7073
7791,5079
4151,4247
5524,967
1374,3393
27,4448
49,2643
8112,4037
588,589
2387,3274
4098,4269
4948,5737
1885,2593
6907,5378
2237,3956
3378,4600
5919,5925
5617,3976
3098,3265
2851,2856
4276,3586
686,1389
306,838
1357,1580
1261,763
4310,5804
1566,2877
2565,2819
257,19
3352,2144
3453,5210
1166,5179
7231,6174
1278,1622
226,966
6305,6306
4795,2658
2229,3150
6666,6699
6615,4944
1063,2145
1549,5947
4409,6496
2225,3007
6359,5254
47,1420
4618,3014
3985,2511
3196,3926
816,304
5189,4098
7086,7021
3028,3009
737,7819
3645,2328
1492,1734
2369,6875
7052,7662
6596,2223
1545,771
1062,2144
5189,6560
4441,4962
5612,5848
4485,4712
457,1416
3965,2535
5524,7588
6075,3498
3787,6634
3796,5072
1151,2410
4829,5392
188,214
308,1418
5543,7143
5017,4099
1697,3970
5102,6029
3787,4315
2485,2510
2948,2856
3032,4780
4437,6634
3379,974
2237,3660
3291,4786
4661,4261
4044,4987
2440,5760
1305,2697
986,1035
356,1043
2790,2544
308,2828
981,789
5543,5527
1922,3937
2565,6980
2488,2625
7086,7910
1674,7005
3691,6833
993,663
5524,7012
4169,6789
4212,2516
2328,2570
3350,3443
1915,2237
2967,3309
2507,2794
6339,6218
2458,2470
5796,6528
7047,6737
4788,7924
3274,5262
1483,1507
5524,5423
1132,2014
4536,5073
993,1908
3114,3117
7818,8042
6900,5605
6245,7116
5524,4875
686,1196
6896,6934
1033,1053
2473,2174
4632,7587
4781,15
5177,4798
5915,4071
3026,2595
4045,5437
3666,3260
2071,2066
5179,5188
3678,1935
1354,1297
2118,1571
3601,3646
457,5809
173,2095
4989,6946
2842,3538
737,7186
20,592
2595,1297
2859,3258
737,2940
789,5392
1166,5210
3211,3408
766,1608
2093,2966
7993,7992
4041,5121
5802,7277
789,5743
6360,5798
4538,3812
5529,7510
996,2587
3323,2325
1029,1039
2485,3351
971,1167
5182,5743
1167,2662
142,147
789,2516
1167,1585
282,609
142,34
766,2297
2968,2697
12,299
5553,4335
3461,3796
140,390
986,1166
2646,2620
5684,5947
6618,4934
4828,7593
5179,5802
805,4384
4212,5375
35,379
1483,579
3691,4359
1811,2240
2593,1049
1808,2576
157,697
3586,5811
710,991
2398,2400
2871,3089
4242,4247
1497,8292
1757,1730
1542,2354
5166,5814
6885,5079
4415,2696
4550,5705
311,1030
215,1758
6327,6006
5189,3634
1133,3568
1151,908
5524,6789
1259,2900
2688,2871
5189,3103
6975,3334
2326,4578
2062,2339
2859,4055
6934,4944
2371,3150
2485,3148
3454,4485
1820,1992
6690,6691
3692,2654
319,8
4598,5178
788,1585
1032,2128
36,1353
5800,5812
2547,4266
4310,6032
3902,737
3787,5457
5301,5897
2070,2073
6649,5596
2186,1026
5175,4666
585,371
1964,6621
290,35
825,2456
1972,4179
59,1125
666,665
125,36
3191,2277
6218,1982
2699,3480
749,3873
784,2565
2698,3548
2972,6994
1487,1253
1381,6347
3092,3726
6484,5998
4967,6148
3470,1744
6023,5936
1267,2135
2981,7381
3731,3480
3521,3443
689,310
1386,2071
769,290
1549,1802
2549,2727
856,2594
4416,4417
2655,6498
205,282
6612,6938
2516,4875
1549,2285
5787,5527
4739,5028
5110,3479
1127,2062
6305,6474
5868,5925
1482,1297
853,230
1808,4103
1084,1080
697,4953
7774,5210
319,907
4297,2440
280,1026
5543,6337
1221,3021
4948,3843
2651,4055
1608,2348
457,6432
5110,4547
707,1593
3754,2657
634,1966
1210,5818
3366,4365
166,2843
7055,5671
5796,6784
3661,4365
4310,6006
1215,7168
1483,1428
7279,3000
2256,4179
3394,3812
1166,1323
8162,8168
7378,4037
5932,6789
4474,3453
2658,7450
3615,4798
173,972
3445,4335
710,2290
1985,2834
3643,4712
6627,6979
3960,5640
2676,1992
2859,2398
2699,3812
4632,6618
5622,4777
1166,7059
5802,6913
2145,2794
2693,5780
6577,6227
763,7862
7172,7649
3447,7186
838,1718
689,3393
6615,7763
4040,2871
1166,2490
3232,3235
4151,4587
152,589
2951,4531
7092,8121
2474,2856
1473,5254
2565,3976
4045,4715
3976,2565
2258,3334
11,3125
6906,5582
5295,4530
2129,4531
1537,2707
136,2535
2560,4341
1748,4110
4488,3084
7391,8192
7380,6123
879,3456
2822,3029
1063,2381
3276,3291
2134,2328
5553,6151
637,271
2145,2774
5022,1549
5140,7587
2972,5055
3191,4600
1132,3027
2297,1307
1483,871
3642,5596
23,674
23,300
2255,1565
2618,2651
3086,2775
6934,6634
5002,5432
5119,2764
2565,4846
2446,2470
978,1026
2229,2597
722,1597
3798,1688
1919,1987
3039,1297
7180,6914
1948,2625
1167,2323
5531,6481
1151,4510
7241,7373
2379,4162
1135,1284
21,2202
2972,3376
2102,825
3321,4999
1127,1507
3631,3787
1482,1164
5833,5837
3026,3724
1286,1394
2065,2871
457,4953
1215,1026
6907,7254
1319,1402
908,2801
6993,7912
3110,3439
109,5022
3350,2144
1538,1618
1496,7890
1374,2137
840,837
1166,6251
3447,5932
1571,1031
1164,908
4967,4986
3456,4709
3073,2251
4044,4219
215,994
6570,5872
7818,5079
5171,3796
1247,407
7053,8083
1482,1953
2371,3080
5532,1352
860,934
3026,2516
1210,1964
937,977
1500,2801
3453,4717
813,8294
3814,8293
127,1014
1228,4463
2497,2225
2328,2193
1235,299
3453,2354
3352,5323
5531,6004
1041,2747
2485,4938
5829,5680
634,3755
3615,3691
5871,5178
1991,3251
1608,2160
3301,2114
2504,2066
5342,8174
2120,2501
3192,3404
1381,3634
5484,6044
3449,4041
5839,5457
291,4233
2674,5288
4511,4103
3787,3456
122,4964
33,2165
1358,4884
5342,6913
909,439
3798,825
826,2785
457,6503
11,372
46,609
5655,6235
1352,971
3026,2485
1151,7961
353,356
7057,7050
2258,6571
4666,8043
1615,1641
993,789
4970,6229
87,771
7520,7649
90,2398
14,589
8,140
2667,4712
3660,3568
3020,2356
1386,2241
296,8282
1442,813
789,1247
11,2570
127,2072
2792,2922
2297,608
3032,7054
166,75
3614,4530
600,417
5454,5459
2988,4483
3799,3028
3601,4977
1621,7620
3642,5844
3674,3557
5190,8296
5741,5321
2472,2805
2688,5739
4150,4875
2768,1723
1319,2474
11,1442
311,2120
2871,5222
269,895
310,2106
2688,5204
1098,2940
3394,3635
2174,2825
998,956
6596,6712
3498,4811
1062,1243
3451,3912
2964,3021
3635,3117
173,803
3631,978
2326,3480
2464,2470
2307,3117
23,1039
1623,2341
1483,813
5190,4600
1260,1261
87,407
1749,3173
151,246
7769,6414
6280,6789
173,1811
1813,7279
1127,1610
5952,6414
2120,4261
7120,3238
2277,8291
737,7675
4829,4866
5836,5624
1615,1732
106,579
706,2801
3642,6918
255,299
2145,5563
4045,4072
6865,5543
3002,2323
4483,4485
312,1007
46,681
710,1734
215,1802
3066,290
7828,6709
6494,7688
1055,2535
4310,5814
1374,2643
1380,2193
1985,3460
1482,1622
1538,2665
996,4323
865,271
2688,1297
1761,559
6784,2658
769,2210
2473,3068
5057,5058
1374,7620
914,439
1390,2599
9,1618
5819,5753
36,6437
3175,1777
5079,5684
465,8283
2972,5092
3033,2289
1200,3089
1549,3926
2677,5739
831,1858
2133,2332
3643,737
292,477
6560,6198
1374,4247
122,4013
283,771
155,15
1496,633
407,1014
2153,2625
5020,5740
4550,6523
2651,4993
1549,2117
5553,6496
4076,4266
1639,2016
3796,2760
3456,1385
1034,1585
2485,5189
3960,5254
634,417
1492,1603
6714,7214
14,192
1098,3310
2578,1646
2940,825
2818,2821
826,946
941,1425
1129,1569
2171,1679
1585,2411
3498,3089
7878,7879
1284,2079
319,1987
2822,2114
1055,1471
313,2151
2674,3007
3459,5321
6624,7510
17,127
1202,1585
11,2900
5532,6833
1137,1706
763,3752
457,5950
2120,1049
988,2356
4653,4777
1542,1842
842,1124
2972,5100
1075,3192
1011,4365
897,227
5773,3803
3586,6976
3611,2693
823,439
2299,56
1179,4719
650,1375
1587,1585
2972,7115
3579,3580
3055,3148
2594,2501
66,2014
3586,5886
2258,5963
7231,3084
3604,3629
1984,2871
1221,2685
6615,2940
2116,2234
7239,7116
4653,2689
2658,2290
1041,6311
3479,6739
3786,4712
1691,2117
4673,5799
425,6833
7,105
27,586
1922,3284
2541,1549
5263,4530
6624,3381
879,3892
2544,2790
2908,2910
1306,1484
6907,6789
3439,4365
122,3453
6624,6555
407,1199
2508,2470
2565,3871
1029,314
6486,7386
1167,908
2560,3140
2240,3014
3031,3130
5102,5022
5871,6832
769,1018
2811,5412
6649,5739
1352,904
5524,6004
5189,5829
820,2400
4066,4480
1034,2612
546,908
2576,2507
5796,3238
3231,3235
40,257
2871,2617
3445,5947
5176,5430
6327,7214
1074,6665
3615,2871
1583,2707
2667,5798
4829,5506
4353,5509
4073,1239
1399,1402
6320,6006
635,1160
1212,941
1496,1492
766,3812
2688,2696
1031,1842
4408,1385
3525,3541
29,415
3667,3352
139,228
457,3464
14,1496
180,1701
6619,6097
4894,5844
766,4110
3556,1915
663,762
3086,4338
4957,4189
2365,5773
3787,2145
2967,1734
3641,1060
138,1193
4948,8042
79,864
1922,2918
306,2932
2565,2508
813,4162
1553,2323
4967,2490
1113,2398
71,1636
71,1966
5933,4791
95,108
2535,15
7047,7092
151,719
727,2775
3370,3371
1820,2643
7047,8235
6414,7632
4487,3456
1111,5254
3815,2114
1482,2066
2747,3772
1165,871
1009,1026
1489,1680
5198,2689
5028,3962
7451,7131
4077,3537
4756,2576
1074,5827
5940,2774
6624,4071
35,261
2226,2128
5814,5835
3148,417
2594,2322
1608,5100
315,308
2285,3258
2688,5596
7183,6914
1055,5780
3682,4173
4099,4662
5696,6432
5816,7422
3439,4510
4527,4528
4530,5743
58,50
6946,938
4967,6955
5691,5891
1644,2535
3454,4058
1977,993
3787,4099
7659,967
6726,6850
697,941
1814,5737
813,2328
6305,2285
3453,1305
1608,3843
157,243
706,1501
1137,1428
742,4261
986,1861
2542,2356
922,1859
7052,7646
5819,896
911,304
4310,4099
4036,2775
311,1893
1612,4134
3456,5639
2560,5671
4725,5204
3641,825
1133,2151
635,665
3180,3529
1506,1849
1542,7809
6907,5897
4632,5684
1795,2510
719,1811
1470,7092
1167,1963
173,1836
6359,5802
4127,3787
788,893
1350,1608
4295,4299
6859,8204
1210,1185
128,1322
182,2696
313,35
763,2560
71,937
6458,2160
1717,1164
2062,946
2237,2595
1098,350
5321,3191
3642,5760
4076,15
5799,6218
1814,2972
2983,7791
5741,5743
1055,2323
4799,4212
5462,5511
1441,1253
2657,5254
3643,2354
342,55
4818,5162
2206,1374
166,7924
5179,6078
5254,2160
106,55
1800,4175
3435,2384
4249,2932
6859,6634
3454,1307
127,3180
109,1261
1137,1374
7593,7225
1522,3404
1661,7092
7893,6914
3228,1267
6548,2940
1200,2053
319,3843
4065,7052
1919,1983
8,567
2257,2686
5189,5697
1384,1956
749,3892
1982,7961
3227,4191
2560,1307
2237,3307
72,7478
1127,1166
6949,6790
3478,2693
4138,2001
1319,1267
109,6770
838,3548
2765,762
4879,5760
59,1836
3982,15
122,204
215,1496
2686,2790
988,1744
1374,7803
7357,7553
1542,3892
2565,7295
4099,5545
1571,1279
2387,5559
1496,1621
3290,4531
1042,1267
1006,871
1132,2411
2967,2696
24,2707
2145,737
74,271
5661,4653
3276,1157
47,216
1279,3005
2113,7561
11,1124
178,4578
663,1266
1755,1758
766,2565
1097,2653
2981,1990
4027,4402
5644,6417
2411,1754
1565,2329
3028,5467
3682,3404
5800,6327
5802,6032
11,4266
6993,5872
109,6505
7279,7054
1202,1531
2535,5817
89,1425
5561,5563
2658,5406
280,626
6615,3310
2252,1744
4967,2689
722,1378
1382,1777
1799,5804
5179,4797
1380,1772
7047,7879
988,2655
3352,3835
6615,6555
5655,4361
4712,3885
2317,2285
8054,6634
6596,7047
5233,7862
255,1123
1043,2787
2791,2794
5059,7110
3969,7062
5002,7620
628,1154
312,624
3306,3376
5691,6151
1151,1772
3199,3253
6,358
72,1718
11,837
1166,6006
1891,2618
5816,6948
3642,4175
813,1603
7052,6953
8251,6618
5908,5301
28,144
7104,2851
6789,7442
2504,3892
6443,7646
6,761
1594,2922
1619,1487
1468,2397
1381,1688
1127,2145
23,981
1395,2456
1720,1453
2576,5713
1608,1211
1305,3516
6248,3634
1319,1573
2109,3489
3916,4899
319,805
403,75
789,4040
2249,1353
2935,3452
6460,6555
3032,4536
1468,1385
4653,4448
4879,4341
6615,5922
86,6930
896,1053
136,6953
4045,5182
4947,5026
1542,6029
1812,1855
4363,3352
1133,1836
4441,4310
6824,5829
1907,1908
3458,7855
813,2076
8085,7553
1799,4792
4099,72
918,904
2467,6221
635,2801
663,1688
2473,2828
3394,1633
4233,5204
312,838
1167,1413
3786,3910
4285,4962
1305,2411
6916,1403
6563,6982
501,704
3445,4422
1241,1549
5190,5463
371,1261
6043,7961
8171,7233
2328,978
2565,6780
3910,6270
986,1266
667,2958
2981,7120
2967,4117
5822,7835
1571,1992
46,54
3666,5511
5171,3089
553,259
5188,6790
27,5412
5378,8042
481,477
1734,4037
2369,3541
2135,3253
1767,3937
6656,5255
1537,4335
4152,4562
5176,3089
5816,1549
3567,2654
4441,7108
2375,2828
3404,8263
2109,3843
24,696
457,1849
5121,4715
1647,4796
2840,2922
3869,3871
737,7162
260,1360
6563,6414
4948,6875
3447,2822
3084,2411
3453,3284
1700,1893
789,978
290,2654
7980,8134
4632,5092
1098,7874
1166,2225
7471,7632
5731,6528
3751,6337
2565,3334
2972,4500
29,259
3498,5449
1990,3562
1496,1618
345,39
3258,2923
3614,1799
2623,5605
1201,1482
2135,2657
3092,737
3092,2369
138,89
340,1464
2967,5132
1744,2508
143,402
1075,5341
2700,1100
712,1555
4441,7279
73,95
53,2900
2507,2324
1374,7047
3402,1990
4099,2790
707,290
1549,298
2859,4719
6772,8021
5022,6955
749,3607
1891,5784
1132,2440
2326,2655
2677,1992
1483,1537
922,1610
127,1026
689,5637
1062,1444
1542,2384
3813,3568
7236,7695
1166,2700
1037,3130
2859,2506
1384,2655
1583,2202
737,8192
1335,2517
2442,2470
6914,2851
1700,2638
1166,2646
4353,3027
1279,1453
1549,4041
1820,3253
231,549
2651,3803
7902,6946
2306,1049
4099,3460
2831,3103
1006,1286
7616,7620
1814,4299
7286,5432
2485,2114
1374,1103
3480,2660
1621,2341
5819,6589
1749,2653
2062,975
2883,4448
3965,4269
4045,3726
4335,4846
1380,1468
933,795
3447,3464
2113,2420
3459,7301
2145,3787
988,2819
457,6528
6483,5002
2256,2993
5814,6004
5179,6270
1133,4942
3615,2544
1549,3007
909,6953
7270,5897
1594,887
4721,5817
1608,1746
1151,2768
1500,3480
1374,5384
1492,1407
5328,5327
1029,299
4988,2276
788,863
2565,4666
4214,3645
4416,5254
2133,2963
3960,3806
1133,4323
5773,7855
4297,15
5462,5780
6007,6080
3562,2958
922,2411
108,8283
3615,3260
5179,8295
2369,5404
1185,1780
3378,6934
4967,4175
852,4453
4774,4814
7047,8237
3642,6714
3631,3026
1046,978
2565,4071
20,606
3995,3394
2326,2209
7092,6043
2258,5760
1537,2066
60,1717
4550,4712
2371,2416
556,853
1783,1621
4661,3321
4045,5818
3555,3892
1151,4981
319,904
4483,7553
3454,737
4792,4666
87,4453
5970,5971
21,28
4483,5200
2704,3117
3902,3956
407,2400
457,1600
2832,1596
2565,6624
1734,4929
109,5140
2474,765
1356,6388
7964,5096
3084,2727
950,5454
3804,2066
5775,6914
6714,7520
1470,3614
3073,4796
306,722
3381,2819
3642,5753
2871,2662
1713,1319
172,1357
5123,2490
954,1218
6170,5824
2686,1297
5591,5814
766,5103
2724,3439
6486,5872
2565,7924
7744,8051
1305,1935
766,3792
2619,2665
4598,6261
5110,5457
143,3631
2972,5326
5262,5814
2384,3028
710,993
6,978
4709,7119
2688,1247
3462,4776
1378,762
3192,2660
1098,5806
3519,5459
1374,608
3598,2654
1184,2963
270,1585
1305,1389
4757,2456
928,579
5812,3897
1922,2724
4547,4828
742,978
2133,722
3381,5295
3571,3634
2565,7835
1746,1378
5020,4929
5188,5651
1203,1549
5524,6715
3032,3803
5811,7351
1075,1476
600,798
4065,5037
2967,2325
1151,4335
6,1662
304,989
647,1390
4347,8130
1352,285
3498,3309
3463,2871
2565,6227
1428,2119
2695,2325
7666,7277
5022,5404
7146,7144
5016,5509
3568,4536
695,1411
2557,2174
1098,6784
5189,5559
1772,8291
5246,6993
2256,2794
2660,7115
2693,4037
4310,4175
2474,2951
6486,6327
1756,2547
2660,2542
5531,6306
1729,1200
2145,3800
4076,2932
5543,6930
1814,8224
3910,5179
86,1525
1286,2398
2133,2720
4221,5714
4056,3452
2062,3803
3026,1385
3631,5539
6248,6554
1538,1752
1133,5335
457,5991
11,286
1608,2951
3456,2398
3571,3586
2790,5412
405,56
1310,644
1835,6833
1166,5872
4441,6570
2838,2727
3379,2252
2560,1596
7138,4037
1470,6552
1305,1393
5181,2764
2297,2619
2740,3807
5813,6417
2299,5148
4814,7301
954,1131
3560,1297
956,764
6608,6770
1549,1749
4843,5254
2592,5484
4564,4448
5445,4940
2428,859
269,1811
1767,3029
2328,2397
3642,5178
3439,2655
742,1241
2872,762
5582,5998
3568,3910
3055,2585
1009,1486
707,407
5391,3334
2565,2981
1114,1394
1647,2144
4767,6715
6596,7961
5022,6229
71,3334
90,1956
1549,2231
580,7400
3976,3643
4687,2014
6902,5739
3041,2542
4673,3897
6626,6682
974,8294
852,1649
2704,6229
2102,1166
7294,6618
1350,1124
1661,5817
7774,8121
2972,5743
1201,35
3508,417
1237,1232
3659,3887
766,1842
2688,3631
6598,5902
825,3026
3786,2273
2686,3334
1103,2708
2651,5100
77,1193
2565,7965
2237,4040
2822,403
1166,1836
4980,5637
312,761
2398,3026
171,1125
6218,7168
5814,6699
3458,2958
236,590
339,673
2326,4201
6305,4713
7378,6523
3394,2654
4947,2364
346,2252
248,28
826,2571
5818,5829
766,5509
697,1757
4485,3453
2072,1653
5123,6422
2485,4781
5606,5061
94,23
2842,2746
1814,5412
3961,1549
1137,2768
4036,5827
1166,3587
280,3089
1585,2433
7047,7839
3667,3117
2472,2618
5811,7434
3073,1498
321,439
825,2416
1097,1201
2688,2251
7052,7115
3452,4201
2651,3562
4266,3352
1711,1697
3379,2597
2114,3068
7391,7620
3439,1166
14,968
173,948
5806,7510
4317,3454
2507,2510
2585,2252
1483,1167
2323,2585
1661,8293
4557,3586
6128,6094
4899,5484
3470,2252
1353,3976
5437,6098
1820,1808
2583,2625
1756,1836
1374,2966
4353,5454
1756,1842
993,1842
2192,7131
2696,2237
5445,5437
8,506
1985,1992
3404,465
3274,4466
1756,587
4045,4041
1608,1253
1319,1537
3522,5305
3452,4942
6443,7510
1470,5706
948,2516
71,86
1972,2585
2951,1385
3456,3660
2009,4037
94,3034
5606,4574
5163,5162
4792,7899
7428,3459
3794,5484
1992,56
3614,5563
71,600
3,39
4894,2364
11,2328
172,2542
1615,1805
179,549
3456,3661
3433,4661
3645,4531
1966,1723
822,3854
3454,4103
771,2643
2967,4124
3,8283
1700,2669
3447,2354
1542,762
110,1700
5123,4712
215,348
1419,3807
1380,8292
3902,4780
3445,5182
1990,1352
315,806
1247,2570
21,75
2576,2411
3453,5650
3877,4266
7280,7005
1757,1973
4964,3664
7262,155
1552,2116
4124,2129
769,2651
686,1534
1357,1774
5190,5321
993,2475
3499,8293
3631,5449
937,1919
6916,8090
334,1203
707,2843
6305,5799
600,7912
1151,763
6395,6400
6538,8141
447,350
3000,1744
4894,4786
5188,3830
3969,4040
3456,4613
1062,1836
838,1124
3525,3807
5531,7422
1377,1034
2230,1419
5177,5839
1811,859
4074,4199
3477,2510
6941,6784
1029,1372
5998,4536
2328,3607
5612,3634
2768,2416
4128,2932
2647,1564
122,4712
1701,6229
5495,5737
1628,1629
1615,1880
1594,1802
3454,4138
3453,3812
3611,2654
993,1014
5942,896
1972,2338
6913,3803
173,5100
5800,5002
663,2560
915,918
3028,2485
853,904
2289,3352
5360,4191
3010,2251
5378,8224
2509,2720
1701,6221
319,590
1608,2341
3217,2237
7080,3381
2328,2517
5175,4530
3292,3956
2658,5083
111,80
5770,5784
2274,1492
4211,4706
5796,5298
825,5963
3024,2510
6443,5902
4441,7795
87,6174
2688,5073
954,56
1661,5092
1305,2973
8100,4037
1169,2508
1386,1842
2576,5721
6323,5563
7741,7763
29,3643
6886,6790
2256,2963
1807,1811
2372,2479
291,72
2435,2618
2790,2651
3009,4400
1041,7052
1808,1919
7413,7414
2169,1836
1098,2625
28,1428
1245,1062
24,803
3034,3615
3523,1915
1471,3238
6914,7833
3624,3404
1164,1549
4557,3643
737,6227
742,3568
2799,2686
4433,4661
1734,2128
4948,4666
3678,2727
2297,3258
4027,4162
110,789
1559,1563
1184,4037
4261,2289
5060,4653
48,28
784,2398
865,1156
1990,6501
6,8290
312,995
1357,1518
1661,2490
6947,6765
319,2145
1772,3812
1892,1953
1279,1619
36,2831
1395,1018
6243,5079
2379,1744
2860,1919
2713,3562
5022,5697
4211,5073
1549,2654
4982,4536
3813,3615
30,3352
2651,4365
20,167
4065,3447
346,2828
4212,2237
2686,3643
2692,2135
311,1374
173,2097
6223,5262
6305,8037
1312,644
304,1319
5524,3293
3049,3033
3196,2856
1615,937
4219,3607
6272,6523
36,999
766,7119
636,1201
3402,4021
1221,1963
304,1963
3724,3026
2913,2922
1166,2958
265,150
5079,4980
2576,2674
2565,5432
784,1769
1492,1034
7049,4435
937,1378
1210,3580
2114,3680
1368,4051
2660,4717
182,857
600,8219
2256,6296
2967,1310
3092,5144
4819,4820
1166,1384
2473,4528
3463,4796
5529,8168
3449,2909
136,80
4749,4706
2707,2516
2565,4201
5179,5743
6941,7561
2256,765
6913,5822
2651,3807
68,4065
4964,5106
5529,7927
4485,7809
2612,4290
4632,4621
3470,825
2565,5406
7236,7088
5344,2354
7231,967
742,5002
3381,7073
3794,2696
1691,1622
5796,5596
2842,4384
825,4043
2688,204
6287,5423
2585,3562
7037,4536
3394,4124
7691,7871
2871,3352
1133,3661
321,955
6494,6873
1639,5189
3384,2398
128,3117
7357,8219
7791,7277
2576,2918
3561,3562
2565,7658
8,182
710,704
784,1836
555,1855
395,1389
2507,2504
2660,2605
870,1654
3459,6699
2605,3029
6665,4065
2256,2134
407,1284
1549,3787
2658,6596
5799,5200
1772,1955
1667,5844
3798,3007
6620,6272
6126,6229
860,308
36,28
4046,3002
4297,7632
2560,7649
2231,2720
321,895
4401,6897
4483,6715
1463,2794
2485,6032
2410,5178
457,4879
3290,2595
4632,3643
6325,5200
3276,4661
80,370
6976,6914
1552,1549
2667,5638
697,3635
7678,4940
4795,6032
764,3276
4045,4689
1521,1964
1306,1514
2229,3371
3320,5806
8241,4940
3180,3516
4190,2066
2099,2101
2440,2654
2565,4299
3568,4335
2085,2076
2237,4072
1167,3352
4828,3238
791,647
3172,3458
6900,6560
499,1186
2660,1814
3149,3150
1991,1482
3457,4468
2549,5743
2010,5529
3276,5026
2435,1992
1644,1956
7882,4940
4488,5969
2033,1026
71,2946
155,7604
6907,5421
3673,4315
1783,3307
4632,4212
766,2900
3498,3586
6006,6320
1200,1723
3032,5863
457,4536
1055,3520
3593,7115
86,991
2504,2794
165,167
1037,1622
5543,4310
1029,1160
639,985
2674,3903
1608,3351
1233,2066
5623,4653
6875,5289
5174,3796
5474,2831
6906,7144
4967,4781
1133,5545
3447,4792
40,273
620,741
5439,3873
3714,3562
376,1167
3615,2746
3965,6270
6217,4065
304,1953
20,1211
4488,3443
2174,2754
1816,5146
7054,6934
2135,1453
993,2128
3813,2258
312,1222
3902,3976
6270,6770
7047,7544
1522,1842
6319,4791
7231,7510
3813,4463
3127,3557
3015,4335
695,2654
3642,6296
2473,2830
8244,7050
946,3026
2156,2517
4070,2646
5524,4717
4598,5002
4121,978
2713,3516
173,1476
2565,633
24,722
136,5140
766,3351
608,5605
6772,3346
3009,3276
2214,1997
7052,4435
1549,4719
1062,2117
2365,4021
2565,7389
3728,4335
3352,5204
3614,3276
1193,959
1506,993
5110,5301
1234,545
1374,7277
1991,2922
5802,5188
3645,2289
766,5061
5177,5524
178,844
4222,2381
3144,2324
1316,993
3453,5061
417,1297
3731,3646
2256,1814
3334,2398
1838,8290
1749,3020
4717,3796
77,624
6151,6618
1385,579
2657,3811
28,1190
626,600
1701,4899
3615,3024
3447,4717
5079,1982
766,7788
784,1453
1805,1893
3456,3417
922,1520
1129,2790
4076,4269
766,7662
3910,2535
1506,974
3451,4349
1524,5683
101,405
5125,3479
74,1053
6959,4536
3998,3664
457,8295
6781,6523
6560,7757
5189,5481
35,362
6624,6043
2559,2066
3000,5806
1549,1733
7080,7225
2612,1291
1542,2909
4653,2592
3447,3297
2660,2325
5110,3873
1767,2256
1549,3338
4152,2381
6217,4712
3969,3615
5802,6618
2352,3117
210,214
5174,4712
4746,4792
5524,3830
133,7632
879,2381
1200,2922
6360,4687
2623,5533
1608,6246
109,5096
4285,4256
5582,3803
2872,465
6510,4713
3258,1688
2790,3537
395,4341
1501,1514
5818,3498
5096,5072
879,4661
269,271
1492,3020
2240,5814
6,972
6305,4786
3394,3483
109,5423
1267,1717
290,4037
2387,3554
17,32
495,4037
5278,4315
3276,3717
2842,1633
1210,2165
4673,6600
2410,3456
1166,3557
706,299
937,1260
695,3892
3969,4645
7047,6151
4565,4578
2297,4021
2623,1453
2654,2902
1489,2281
3751,5178
3635,2328
1305,204
2328,2809
3110,2594
5386,4400
1279,2504
1530,5459
3835,4266
6790,1982
3961,3800
695,5760
2565,2696
6885,5671
3586,3238
2967,2674
5532,6774
3352,4536
109,1538
86,4099
825,5623
2559,2968
109,7280
1922,2754
74,803
1352,1679
1133,4706
3026,5123
6907,5466
707,1020
2135,2707
1865,4666
3453,2605
5529,7699
5692,5693
1075,3352
689,2411
5524,5684
1697,2501
3751,2619
6241,4507
2935,4613
31,857
4598,6720
4077,3027
3646,4021
707,1248
6906,6784
3018,3371
1838,2073
6510,6913
4150,3976
1552,993
173,322
3692,4338
2559,4051
634,1842
1722,6151
3976,4220
2923,2256
5404,2535
3774,3776
5079,5709
826,2116
7086,7422
1604,2917
5811,3897
2559,3516
5582,4717
5189,608
3455,3034
2842,2231
545,7620
3456,8192
1395,2625
2995,2617
3631,3910
290,204
2871,5130
2658,3885
3641,3352
312,271
7090,7054
4298,737
6429,5439
988,2856
5178,5811
5059,6946
646,1412
3056,2625
39,6
5735,5737
3691,4944
1688,4827
842,1726
1496,1633
2298,2932
2093,1792
1210,763
2744,5683
5773,7924
2972,6458
2524,5246
3631,15
1305,4188
2566,3479
7113,7587
988,8037
3393,3752
6334,3792
3504,2623
7100,6414
4899,4828
6676,7092
4576,3897
1473,2871
2972,4551
5816,5321
4023,4024
2174,2651
6784,6000
432,7443
6907,7757
2972,2831
6711,6299
4673,6528
2256,741
4576,5463
6377,6833
1200,1592
2156,1621
1615,1984
3954,3260
71,2535
5804,5457
3659,825
1031,3104
1996,1151
3026,3650
766,3498
6914,7359
764,2585
2145,2651
5028,7683
59,1842
784,2951
224,402
6270,6305
5173,6736
2940,3800
2062,2151
5143,3726
5591,6218
4718,2354
1583,1211
784,1186
5543,5182
2135,762
663,853
2774,3084
2255,1291
28,859
5185,5378
996,2654
982,2151
1200,7707
3586,5980
1487,579
2172,332
14,631
2297,3033
2872,1705
5810,5233
2565,3005
4557,5743
3453,4574
5185,3792
346,3537
634,608
1097,3033
4441,6934
96,10
1236,1973
3176,6400
6934,6624
1326,299
1165,2707
55,733
1167,2966
11,227
5822,7683
2565,3010
1352,1428
1585,1165
3661,978
1835,2535
4967,6501
838,857
2700,2324
1919,2397
2085,5162
706,1672
166,6044
4673,6218
132,1151
3527,2114
639,943
7057,5500
7132,7567
2872,2619
4536,3000
2297,3607
935,1286
6082,5714
4843,2398
3642,6592
1386,1772
1098,6806
310,2700
2842,3506
5822,5432
6327,6873
311,324
232,34
110,506
3614,5245
3024,6599
11,1816
805,6770
7047,4435
789,3748
2069,2475
6,373
2069,2587
151,228
172,1717
185,2625
7294,7393
2485,4175
7579,1026
1552,1734
109,6596
2297,2547
6187,15
879,3537
113,1490
2117,2119
457,3634
3660,4201
1885,2114
71,1465
2707,3973
4441,7855
172,2135
2565,6327
29,6946
3062,2654
11,887
412,937
3792,5295
2612,3813
996,1678
5802,6437
4563,3092
110,306
8195,8192
5110,6255
2541,204
4045,3898
2768,2542
766,7277
3711,3713
1552,1291
24,3351
5020,5697
3787,6044
4310,5932
6299,6755
5802,6409
788,290
1374,4110
18,36
948,1453
3642,3873
1838,2079
789,6229
3969,3103
4964,4715
78,377
3258,2657
2651,1385
29,6198
7933,5179
2323,2240
5484,3089
306,5123
1374,7094
695,15
6272,8295
6555,6566
2541,974
4653,3291
4543,2398
2474,1357
1183,2754
4068,3346
825,2799
1204,5045
3352,3903
6975,4037
2237,2134
3750,3007
1051,1629
1395,2297
2967,4179
7054,7632
1734,2328
2657,1352
2565,3452
674,406
2231,2117
4813,4994
4673,5140
1538,1319
3451,3346
1538,1811
5697,4717
2871,3033
2328,5800
26,39
1151,1542
5176,8296
2135,4530
4008,3089
1835,1416
788,5709
1814,2653
6959,6243
2605,6501
4415,2237
14,609
1428,1613
6577,2440
1374,6560
3168,5412
5178,6156
6946,7362
151,171
5873,5457
1424,2819
4967,4124
5180,5844
4547,2760
5802,5760
5176,4310
1207,5620
1594,1428
1489,1253
996,633
3144,3446
3462,3433
6651,5254
5857,2851
319,8037
971,1966
582,762
42,743
556,617
4073,5233
5217,5459
1480,1802
1428,559
5818,4713
3748,4256
4266,1157
2791,2297
5531,2925
346,938
4310,7073
1133,1012
6068,2925
1918,3005
2417,290
2693,285
1210,1565
2713,4510
4764,7092
2560,3717
2102,1808
2674,5743
2775,1799
1202,1186
5819,4527
1549,2251
870,1569
1278,1286
7241,6875
5006,3459
1095,1842
2693,1633
1466,1428
4070,5775
3916,4099
4042,2066
7335,7381
1132,3871
5596,5886
316,1717
7329,6832
3976,6109
6736,6832
312,432
1062,1888
1997,1035
1236,1622
2744,6021
3457,3785
36,2594
15,38
6885,7553
6295,5814
2323,2660
3568,5176
5173,7632
2410,4310
311,488
4828,4748
2871,2552
1835,2504
2565,4713
2693,6869
432,6832
5179,2605
1135,2724
5184,2764
879,3562
6241,8219
1409,1412
1496,2114
3131,3136
1888,1243
2958,2510
4524,15
2689,737
2256,4218
5452,7115
1964,2765
2565,3529
2367,2579
5079,6417
1991,1622
810,1140
2460,2470
3682,1157
1368,407
4045,4706
5531,6723
6024,6218
113,1597
3454,4331
135,589
6032,6930
4662,7143
1381,1566
1549,1619
2689,3946
7901,8209
946,1808
3404,5465
12,30
7238,4884
17,656
4070,5263
4151,7443
110,617
90,3027
5524,7512
1374,737
6280,5760
2713,3021
2120,764
686,1038
4441,7803
3035,1385
4437,2565
2667,5564
4013,5863
5531,5802
4532,5179
2696,4662
2967,3026
6227,8212
982,4191
3748,3796
2160,761
5189,3976
3449,5459
1489,579
789,72
1622,1772
1062,2241
7774,6875
856,4233
2940,3792
7100,7115
5171,6164
59,1918
7271,4037
339,1186
1151,8291
2564,974
904,928
1463,1893
3084,7280
155,89
6615,7386
3381,6328
2236,1792
4099,4361
1297,2508
3691,2654
6563,3962
2872,1211
6443,4071
4036,2001
3636,3276
4415,1360
6023,6161
1416,1127
4653,5226
5817,6255
2688,6166
26,140
2504,7839
4917,4037
7280,7386
7578,6946
6620,6270
312,999
3568,3394
4531,4735
2935,3958
6032,7386
1111,999
3092,5245
5857,5421
600,794
869,1190
4726,3910
285,763
7772,7778
319,1186
704,1595
4757,4814
172,2625
2702,2323
20,6
2365,2328
1700,2120
1003,1880
2565,4510
546,1927
996,425
2667,3691
4818,4124
2665,2410
5140,6599
2765,7965
15,3334
2258,4011
7546,5421
2713,1100
722,2720
5079,5664
1937,4276
7150,7280
4824,5123
138,746
5020,5484
2576,765
3455,2696
5773,4944
1483,1573
5980,6532
2660,7855
311,6306
2744,5973
3457,3404
110,524
432,559
6712,6414
2883,1211
94,2128
1772,1836
7086,7478
6934,7512
2328,2210
2972,2787
2252,3576
3110,5459
1042,2073
3459,5624
2375,4528
5006,4964
3346,3454
766,5439
2120,1848
3568,3114
8211,7389
2969,2972
2693,15
4632,5215
24,1542
2677,6272
715,647
110,2193
988,4384
3965,3321
14,130
1951,3114
2871,3126
996,4424
2031,665
5452,8295
4974,3447
5553,5072
1374,8293
556,282
4151,4072
4744,4335
2964,1360
6020,7763
74,1284
626,733
724,725
4077,3460
1133,1780
5524,6914
4020,4263
2565,4983
1333,999
3643,3800
2859,3024
663,35
7733,5246
5110,6400
5176,2276
5427,15
2516,5245
5980,6553
1615,1768
1821,3117
247,427
2680,5103
2804,3260
5061,5215
2565,3631
1977,2004
11,918
5194,6262
1037,1353
3622,2485
3033,2550
737,4875
948,2834
178,183
7055,7632
1521,2117
695,4201
405,2790
650,3256
28,147
59,549
1542,5928
2703,3410
4832,2237
3274,4562
1800,1151
3447,3238
2790,2794
6618,2565
3614,1024
4037,15
3962,4557
766,1360
2972,2273
5342,6979
3033,417
4013,896
7237,6907
5821,5872
1748,3026
5606,5445
2297,1571
1482,1816
311,432
1691,5714
3032,6501
697,789
2707,4110
996,6400
946,2076
6043,7400
1808,2645
4347,7620
47,2240
600,2060
3641,1769
440,8284
5111,3813
7350,5800
6790,6624
3352,1185
5528,4335
6924,7840
722,978
168,3027
5194,6023
4076,4013
7045,7757
766,2593
766,1473
4045,3607
896,5465
11,1880
2176,2411
2258,4781
2660,2747
3209,1679
4828,5623
1694,1701
5524,7839
4329,4828
5817,3897
1367,285
2651,3253
6327,6414
5802,6501
3404,3408
689,749
3381,7632
1808,1049
4828,840
3020,3265
1594,3253
173,6833
759,5430
600,1835
5177,8295
649,820
937,1053
2651,1571
2638,2643
1473,1836
5655,7362
2186,4604
4221,6869
5250,737
3439,3334
166,6560
3032,3173
722,3056
1661,2923
695,1211
600,4289
2229,4402
1496,765
1319,1697
4899,5162
3614,1159
1487,904
1098,6967
1000,7436
87,667
3956,4044
4824,2775
304,810
2940,1633
7335,7414
321,769
2542,4261
978,761
425,6337
4948,5568
4632,7871
947,2689
2651,3956
4535,4531
695,3607
1466,4964
2565,4557
3666,4530
7092,6243
826,2550
652,656
2145,204
72,663
6244,6246
2972,4792
5981,5584
5173,3969
1151,1991
5457,5262
36,417
2307,2746
1510,1234
6624,4632
2062,2385
7025,6774
7053,7225
6072,4983
3380,8209
3479,3334
1972,5430
3055,3026
4045,7119
6323,7381
2440,3084
3541,2746
1004,4335
346,3117
993,1835
2276,4795
1291,1497
1335,3459
2144,4051
1552,1633
3010,1734
7733,7809
2686,2231
1210,3148
1204,2696
2654,3140
3659,2859
2217,4384
2258,7373
6327,6715
86,972
766,5543
1962,993
4712,3897
1762,6221
6220,8246
1151,3089
39,706
2744,5640
789,1006
4082,5784
2030,665
3568,2612
1428,1496
77,1550
2237,3404
6272,1403
1038,271
2417,2643
1215,7699
457,5188
3813,5079
1585,3807
457,3192
3449,6432
1352,761
2298,2560
3641,4037
2688,1239
1639,5693
6299,5897
1278,1418
2871,4529
1760,559
47,1956
7225,5872
2504,6560
1542,3776
3666,4828
1783,2241
5800,5819
3483,2209
7901,8192
3032,3106
4076,346
1783,2790
764,549
3456,2516
2706,3489
103,746
2557,765
5802,5804
2032,665
11,798
3199,2485
7099,5760
1395,1811
6676,5079
3977,4578
1522,3903
1463,1653
1111,1353
993,2655
836,993
155,50
14,396
6655,7301
4981,4191
587,941
546,5807
1608,1788
1006,1023
5871,5273
1062,1534
2516,3265
7353,6832
5531,6634
5940,1026
4324,3660
2658,4632
6006,4983
1368,1927
4967,6327
5301,6151
3062,1754
1952,1622
136,150
1375,1793
5029,4600
7471,3084
407,1969
2700,3971
290,1977
35,644
308,1156
1615,1774
4099,5828
7086,4983
5697,5176
7790,6634
3614,3537
5802,5210
1044,2114
3809,8042
432,4055
3028,3616
3900,5818
1919,764
6596,6875
4618,3453
978,1156
172,2345
5815,5798
556,659
7049,5096
3541,4021
1470,3002
1772,56
2299,5246
2660,8141
1166,4298
6714,3631
3976,5260
6624,7763
1769,1261
1395,1547
3447,4827
6994,6913
3098,2225
78,1514
826,2880
1034,857
187,739
3047,2411
1204,1201
2565,2297
5802,5614
695,346
766,1754
922,1618
5796,6897
2565,3103
3642,6590
2504,2364
5531,2940
1661,15
5552,4687
1501,1864
3297,3307
3447,3459
1896,4037
6552,5839
11,904
2485,5922
722,1534
7685,8174
1594,1319
5807,7534
841,2754
6,405
2991,4179
2133,1956
825,5454
2693,1024
3454,1239
3325,2667
4219,2144
2713,827
4599,3956
5872,8212
7682,7839
2616,2625
36,636
406,7094
1470,1487
38,589
3352,5335
766,6414
737,3919
3026,2747
6760,6618
904,1485
3749,2485
6766,7378
341,407
2851,5254
3956,3971
2925,8178
2707,3408
6976,6043
1756,1411
826,1718
3191,5737
1252,1241
5531,5596
2859,3073
5697,4412
3343,2594
2252,3520
1482,908
1357,1032
2323,1385
1767,5100
4433,4552
4099,5123
1700,937
2565,1688
2565,6330
2654,3193
1267,2963
2931,7316
5655,7304
2790,3516
1202,1927
1075,1127
11,868
1166,1186
766,3324
308,859
600,1049
86,2763
4727,4728
38,302
763,2095
4948,5055
2369,3808
4536,1982
6377,5798
5829,5527
152,581
3098,2856
3028,2297
4065,4463
3326,5817
530,733
1279,1672
1210,1707
1803,859
904,1747
8099,4037
6734,5802
4859,5026
1471,1880
3258,4183
6784,5800
2369,3976
1374,4335
2549,5459
5103,5178
3562,2328
4441,7449
2667,4687
29,829
766,2145
3090,2871
143,887
4347,4613
1184,1808
2688,346
2677,7060
2688,2508
4046,1769
3349,3580
8,1092
2871,4824
457,2576
24,2542
844,1468
1962,1482
4756,2456
3451,4831
3586,5479
11,147
2700,3887
3461,4677
7183,5179
1368,771
5324,5994
166,7699
1215,1492
5580,6924
2328,1637
1424,1556
107,517
1305,3529
5930,3089
7743,2223
1055,1700
1055,1593
11,19
5697,2507
4850,2237
4151,5714
1542,4422
138,144
1700,2618
432,664
6945,5811
3483,5263
26,363
40,54
457,5254
6032,5210
5103,5524
789,5123
403,1211
3568,3456
4144,896
10,28
2547,2328
6510,3084
23,617
3103,1688
2099,2091
269,1123
2384,5482
4967,5753
5457,4795
6596,7833
1496,1859
3842,3946
2120,737
24,415
1717,6337
2565,3173
1102,3276
7092,6422
3665,3691
2811,2433
2145,4827
5802,8124
643,715
4076,3898
2356,2328
315,2120
1374,7512
3498,5780
2290,3737
3454,3117
178,741
3118,2830
2713,3812
2485,5026
86,893
5783,5936
1210,2587
3560,4402
663,1374
1937,1548
3593,3803
2692,2338
3032,3871
6494,7871
3523,2657
1236,2097
6270,7414
3453,6770
1986,2211
4483,4547
2427,4687
1166,5811
55,918
2988,3404
5484,737
1151,1191
319,1023
4964,4124
110,885
3472,1305
1875,1837
5660,4653
3032,5254
7511,7620
2703,1393
2565,5543
5179,5263
5103,5106
4864,4632
6299,6901
457,5559
805,941
122,1393
1184,2375
1644,2091
1137,963
2653,2535
98,514
6471,6472
7900,5819
5480,5484
79,435
2688,5817
3315,2585
5079,3084
3461,2917
1097,2066
4828,5973
2133,1250
1151,7341
707,1506
1737,5624
646,1385
1501,1861
2872,2918
988,3284
1756,946
2547,3352
4099,6437
2507,2594
11,3321
2435,2809
2088,2091
132,656
6518,1403
1236,2560
865,2210
1769,2117
317,8288
6619,4536
3634,6784
4500,4199
1151,7763
4310,5200
4144,5457
1133,3453
308,1279
4076,4796
3457,4815
2692,2651
5011,4191
5285,2398
2510,2801
143,317
6907,4432
3402,3454
457,935
1374,7225
1470,6251
4044,4962
47,402
5857,6948
5053,7871
495,282
635,779
5822,6174
4829,5288
7691,7694
6355,2535
5697,4065
122,2252
1211,1966
36,895
1230,290
2549,2746
2775,2440
5819,1074
1547,2669
634,2073
1319,1734
826,2955
5199,5459
208,626
3352,3664
3267,2951
5009,5239
11,1167
5655,5697
1395,1997
453,192
4283,4256
6538,7620
3000,5210
4550,6600
2613,2790
2972,4712
3814,4031
6548,3842
2193,1492
4151,3073
5952,5182
791,5804
545,1296
1552,3014
1823,6979
5171,3498
6,564
5190,5568
4681,4792
2229,2356
1133,2700
1838,825
3015,2707
3976,5285
5802,6553
2249,5432
1044,1218
2646,1847
2237,4299
2578,2617
3026,8293
5185,6388
1031,2550
5478,3456
2653,3875
1037,1520
7055,7277
2565,7301
2062,2654
1835,1918
2565,3946
988,2700
4001,4678
912,214
3449,4875
1992,1808
996,1384
1204,4335
68,4201
7733,4037
6596,5466
766,2932
1403,2079
5188,5509
4442,5073
2935,2811
7279,6555
2565,5028
26,286
2565,1769
1034,1603
2832,3645
3910,5020
4824,5215
1701,5188
2411,3028
4709,6458
4967,6783
761,29
3614,3634
1227,922
2258,1026
971,1496
2689,2325
2676,214
5079,4717
6346,5596
2804,4055
3641,5412
737,2381
1210,947
1133,230
3454,4261
3366,4298
147,2579
3571,6327
3352,4179
5934,3919
2903,4735
5553,5693
3659,3352
71,1026
6394,1972
2972,737
1166,3843
3842,3404
6946,7391
1608,3813
2598,2625
5692,6765
1701,6723
663,684
2378,2504
1424,1236
6596,7341
769,2775
4536,7168
1744,3776
1823,5262
993,2693
7744,8263
986,2251
6316,6327
3995,4448
2237,4191
4632,5466
68,3498
3452,4530
3586,4712
5246,5245
5814,5950
1795,7186
3452,4266
993,4424
978,1564
2658,7899
3433,4212
5624,5626
4355,5215
996,8291
5697,5596
766,3433
7985,2658
4151,5115
2667,5452
109,5933
5173,6414
1395,722
5103,6320
3449,4527
1945,1816
6906,7143
457,3479
1384,1564
5549,6790
2972,6528
6359,7108
2369,4507
1050,8290
3645,4528
3665,1385
737,6004
7733,4940
6305,7928
3026,3024
762,704
911,942
971,1758
29,5404
3046,2411
600,321
4144,6296
2009,2456
2688,4677
614,945
7768,3752
11,2484
946,1585
1374,4846
6620,3631
5173,5148
2617,1646
1098,1772
4899,5130
2565,5817
1990,4712
1769,2655
6616,7301
1972,1823
7907,5179
4483,5994
6494,6938
4439,2871
2516,2587
933,1836
7047,5179
2145,1982
2328,859
2135,3537
1705,946
4229,3463
3641,5439
6624,1498
988,2830
5739,6869
870,730
3084,5079
3786,5936
1594,935
1166,1549
3404,2693
255,798
2240,2117
6523,5524
1549,1000
5166,4781
2871,5144
306,1473
6895,6897
4338,6229
635,803
4123,2066
6510,7694
42,259
6907,7809
1355,1412
4044,4588
4162,7620
3107,2932
4074,3664
813,4578
1201,545
5800,7120
5940,7890
5772,5811
947,3005
2274,947
3455,3453
859,1211
2326,3646
340,440
2256,425
1166,2240
5814,7553
4255,2917
2117,2517
2485,5028
4963,3898
1772,1966
1133,3321
1496,1393
784,974
207,214
4053,2384
2623,2565
3107,2535
5684,2276
1024,626
1129,959
865,810
3255,2625
996,4266
4353,1990
6976,7119
371,686
4828,6725
2549,2510
5907,5301
50,23
2967,3691
1133,2129
27,567
6305,6725
2297,3435
6272,3634
35,226
2565,3587
3472,3473
1492,2225
173,1689
5965,6337
1614,1549
996,3537
4899,5222
5915,3381
147,5430
3728,4712
3854,3443
1522,1521
171,432
1335,1835
6914,7063
988,1305
1210,6330
1538,1805
2240,5605
2790,3967
1097,5412
6223,4791
2698,2660
8167,6875
1549,2550
7271,6714
871,1193
187,600
1522,1261
5817,5176
3276,4820
4598,6634
2328,3260
5175,4335
1006,338
5188,2258
5053,7116
813,1055
2925,2651
4124,1157
3447,6555
2510,2794
6032,5543
407,887
7241,938
2804,2597
769,2225
3028,4831
3047,2991
3714,2859
319,1026
2674,2550
3028,3285
3639,3650
615,739
259,579
789,4551
2502,2174
4662,2398
2667,5123
3284,2623
3633,2114
346,4811
5697,4338
2660,3670
5802,6979
494,75
1356,1855
6,182
5123,6299
766,1201
2883,4068
2697,3562
996,2707
6,28
2542,2297
6726,6001
6885,7707
1717,8295
5189,5928
6624,2658
3463,3443
2832,4631
2972,2145
1164,3238
5871,6774
3381,5697
1267,4600
2356,2114
312,228
766,549
1564,1622
7237,5800
904,1487
5524,6241
1200,2416
8,54
4310,5188
2737,3106
4310,5072
1734,1969
2322,2625
2565,4662
432,3796
407,298
2565,3002
3352,1310
128,937
2326,4424
3528,2565
2485,1688
1997,1186
4273,6613
5697,5991
5172,4781
6706,8297
7598,7695
187,348
1367,2819
3072,1357
3144,3670
789,697
58,163
769,3002
2565,2811
2560,4290
1374,2665
19,89
4124,1239
407,2535
6900,6945
109,6765
3027,4335
3394,2252
187,4384
1215,941
3488,2328
223,636
1823,1953
2297,1384
312,725
383,1166
3787,3073
4045,4299
1374,1749
546,1969
3919,4587
6736,6422
11,943
296,299
3522,3394
2156,1678
2544,7553
1210,1418
3325,2653
2473,2834
4795,6980
6907,7529
2872,3024
5179,5998
3449,2517
1166,1482
6398,8224
2240,2657
2135,3034
704,974
7047,7120
2618,3307
1868,764
4124,2565
1473,1805
3969,4712
311,993
1585,3136
1098,3351
4136,4323
2560,2655
5772,1493
4329,3724
1990,5037
2651,3635
371,945
28,356
27,396
4980,2398
315,72
1564,1496
2003,4037
6241,6442
4138,4466
3916,5605
6305,4709
1166,4797
865,663
1772,1798
8060,6875
3642,5188
5176,3958
3965,5902
3032,1157
904,1864
3172,2775
311,1734
6299,5697
2672,1049
2240,4037
1549,896
6560,5811
5263,4824
2965,2966
3568,3720
1944,407
1142,705
1286,2851
8261,6737
2117,2456
1386,579
2683,2651
1480,1849
3969,2822
1717,3976
3452,1688
3028,2687
1062,1583
5079,5545
1215,3130
4652,2516
425,7707
4899,3456
2674,1814
810,705
542,75
4948,3393
41,837
2658,3660
1200,1413
2493,4748
1305,2721
57,61
6596,8130
4482,4587
242,28
5391,1982
5002,7301
8047,8249
841,5215
4653,5392
2972,3843
5193,6553
789,1564
1705,1596
173,1034
29,882
2619,6784
71,1014
304,714
3210,4792
1365,3238
4536,5563
2859,4332
7233,7386
1470,1501
737,5822
4899,5073
1271,943
1357,5950
87,5449
4079,4055
5945,896
5655,2160
762,4875
1608,2560
4828,6272
3787,5811
5524,5079
2695,8294
1462,1428
2697,3260
2688,4488
4039,3562
4792,7632
1823,3456
784,707
5816,5273
1129,1131
7644,7646
2171,2416
2156,1608
4297,2535
3238,2511
8222,8224
59,2977
5531,5963
204,2211
311,2940
3482,3480
29,667
2010,7021
2651,3435
3814,4110
1772,763
6907,3885
3032,4384
457,1604
383,246
3634,7965
3976,8295
1133,4792
2613,3059
4276,3027
988,3480
1098,7618
7055,967
4162,4289
7129,7666
80,619
6752,5037
4072,4578
2565,7238
26,590
3202,2662
2516,5814
3087,2696
68,4896
993,3537
1919,2251
2118,4297
5176,4777
1357,1808
2576,3307
1549,7168
11,1969
36,8174
1538,1774
6443,5800
1013,1144
5796,5928
2658,2654
6784,6414
1350,1322
4536,7632
3642,4980
5531,6850
5816,7279
1305,1781
5173,5384
1608,1428
2707,6913
5802,3885
6615,6892
2651,737
1496,2746
1835,3456
1608,2322
3394,1777
150,232
3459,3976
3666,5506
4276,2001
1498,1167
961,2128
5862,3976
3352,4424
36,1222
1549,2276
1717,2398
5179,6251
722,2754
789,1678
1922,2713
2611,2323
2172,1608
4483,7694
1151,1279
2696,2325
1395,4263
5543,4828
108,95
6443,7699
2381,3976
6615,7726
5802,7673
2276,7059
1637,1638
1374,6320
2230,2182
109,5871
7056,5064
3919,4547
2688,1360
784,1160
2135,5254
1838,1772
3643,4041
587,1439
5655,938
1794,2246
457,1538
42,748
4077,4613
4653,5454
4150,3835
6666,6299
2859,3473
2229,2231
2842,2654
1751,4021
1813,3453
1233,1024
161,978
1133,5963
988,5210
1137,5285
1796,5210
5697,5123
302,389
1374,5760
1811,1393
4846,5513
1800,1186
2559,3629
3378,1297
2485,3568
4347,7996
4037,4402
6620,5822
2967,2595
2062,1836
988,8134
742,682
3642,3191
1111,3084
935,1717
1236,3807
1166,3483
1487,1525
306,1518
6772,6618
5543,2940
457,3910
2832,1984
371,849
6272,7092
5484,4653
1769,1680
5817,6980
7281,6299
5189,5096
7755,7386
458,105
2688,2646
5190,5459
722,2117
5775,7277
2546,2900
788,2240
45,1441
4364,4365
3256,3021
663,259
2686,2285
3854,5061
2236,3089
7752,7005
282,428
4967,5222
1922,2963
7,1190
4310,5002
2565,737
117,95
1204,4938
2774,1403
310,1006
150,567
686,1842
2995,2323
3724,4055
6676,2658
227,28
5810,6311
2713,4417
1352,937
1166,1151
6801,3752
2510,1847
3461,4678
6914,7373
3961,2210
4712,6255
4536,6790
4144,6255
8211,4432
996,4098
15,105
6717,6778
5824,6994
1166,737
457,1805
1828,1849
2328,2435
3390,5743
2502,2918
4576,4977
2485,4040
346,2685
2476,2918
5823,7478
3042,2256
4045,3015
3660,3291
2940,2619
4040,2576
759,730
457,5022
4702,4261
3642,6422
2646,2979
1608,3265
1033,956
1492,2128
688,3967
3086,3034
2411,3893
7865,7835
7100,7143
1522,3887
5040,3537
2474,2375
2972,3958
3686,2384
1428,1654
730,857
1392,1525
1098,6980
4074,4417
2342,1918
1794,2828
5697,5891
5185,4798
2605,2620
4437,4646
639,760
4070,2565
90,1305
1236,1291
5296,4929
2560,6918
6900,5378
68,4574
1062,722
1319,1992
1734,4043
2740,3803
2923,2657
2651,3030
2744,4709
4295,3796
993,1166
3642,3643
6272,6946
2967,1166
11,1747
956,1026
614,798
3456,3238
2595,5178
1041,6270
3519,2585
1549,5155
3098,2951
24,3456
5768,15
3728,1473
1510,1032
1538,1973
2217,3787
3995,4653
2658,2565
1428,1788
4948,3976
432,36
5524,5932
5188,6600
5178,5753
5697,1982
7005,6032
5596,3631
59,271
3787,5002
2967,1769
2667,3554
1537,1729
766,3724
911,1044
7047,5819
2967,3010
1525,1669
2381,6613
1808,1969
5166,6897
36,2834
6,871
4231,3615
5998,7443
657,4110
1305,4233
1769,3117
3142,8209
2062,2877
3948,4247
2009,1166
5810,5022
2290,3537
988,3745
72,407
308,647
2144,4687
4717,4712
5188,5739
2565,3803
1814,6124
2560,7965
6619,5998
1799,5814
3813,8294
2231,3030
3786,5863
2326,4179
29,670
3615,3812
3845,4712
5125,5327
2686,3140
2485,5482
29,3
2062,1749
3452,4111
2565,2544
290,1836
769,321
2958,2328
2686,8293
2435,2490
1395,2397
3796,1648
3611,1744
968,7890
3148,4266
6994,6634
708,321
1594,1758
2120,1596
2790,3555
1762,6632
3189,4384
6615,6414
2001,5651
4127,4044
4034,2072
4219,4529
319,6774
1783,1416
2871,1548
5039,4297
457,1836
3568,1453
4882,5817
1428,1636
6151,8134
5814,4940
825,4024
4276,5430
6460,6759
4948,3910
2369,4310
3354,1823
4138,4530
4483,5596
3297,2210
5775,6270
3142,4964
2677,6624
5457,5780
1248,1402
1374,3417
1305,2231
2299,4448
11,317
5859,8249
6875,6980
1608,1393
1356,1780
1697,2328
2972,5694
5616,5404
6305,6498
6359,6560
1305,3021
24,6229
1290,963
1098,3253
173,2119
5427,6105
6525,6004
457,5860
996,1166
7874,7890
4981,4712
1380,717
2871,2398
3349,2667
3402,2364
5190,5465
15,2066
5822,6347
1374,3293
6486,6976
7055,7634
3508,2535
47,989
6097,7295
152,656
2241,2587
334,643
1619,1297
122,4687
2357,1521
6605,4712
3381,7280
310,2120
2674,5312
1046,1222
3010,2747
2658,5800
6975,7119
3443,15
8,243
4948,2831
4746,3276
2001,5459
1772,1700
6072,5524
28,152
26,236
4438,4400
788,761
3015,6784
3882,1706
1470,2662
1769,2517
5553,6634
3641,8294
1522,2595
1279,717
1291,2251
71,6914
904,587
2326,3645
1772,3933
1991,1754
1814,1919
6270,7381
1151,2433
109,4037
6665,6715
4144,1157
171,1240
7089,7301
2565,3024
2072,722
4967,6720
5121,3089
5079,5824
457,2580
2872,3253
3373,2328
4653,5200
3855,3615
2907,4605
1305,2264
3032,3140
7666,7699
6383,7855
3615,4547
1471,6272
3325,2356
2052,2117
4455,6832
5800,7646
759,1842
161,28
3641,5563
5857,4875
5020,4482
1772,1492
3439,6699
2560,5096
68,4247
2596,2790
1353,4276
310,2375
3902,4811
341,1201
769,1006
122,2900
2504,4846
3976,406
9,61
5321,5484
2700,3646
94,274
4767,5301
3527,2619
339,236
2356,4290
813,3724
6949,6979
7055,7450
8092,8198
11,154
872,465
2581,2587
4967,7021
2508,2625
7047,3381
2576,2381
339,609
7051,7059
1385,7478
3480,3650
5529,5022
5099,4276
1757,1855
766,633
766,1352
7862,8043
1137,1858
3252,3024
5404,5902
2302,1390
6032,8121
695,2240
2688,4715
1631,1758
635,1453
2972,608
825,465
4653,2398
1305,4043
3005,3435
7409,5811
5177,5798
5805,5423
596,39
1564,1772
5317,5020
6624,7225
7092,4341
1500,859
1184,2411
4924,4037
2565,425
1868,1613
642,282
546,1847
2713,3180
6305,7279
2940,4134
5002,5802
5217,6934
4647,3456
1043,350
6349,2774
1492,2251
3290,1571
5262,6262
292,299
7578,1498
282,579
3032,3005
2169,2329
1211,1819
4894,2764
7131,2658
4774,4776
469,893
4948,7890
826,1538
290,1734
14,1053
86,447
1612,7074
2233,2400
311,6918
6447,6498
3482,3769
352,192
1210,3926
1166,1982
1506,6296
311,5449
2653,3192
6993,7961
1111,1080
971,1211
764,1492
856,5083
697,4735
5022,6833
1319,1680
7086,6736
976,977
992,794
1279,2963
564,310
862,897
376,1402
364,75
3526,2485
24,50
3005,2585
2702,4099
1137,959
3301,3892
2546,3567
2440,3962
3562,3260
4883,6833
4448,4400
68,271
3261,3265
4051,4510
7343,7788
5089,5092
941,1593
5285,2516
17,214
722,1612
5821,4748
865,8292
3084,3026
1972,3029
2368,2565
3380,2485
3641,5459
826,1585
5177,2620
1594,1622
1075,3650
6784,840
7967,7810
3568,2134
2256,3587
2444,4600
6204,6901
6916,3459
5061,6407
457,7034
5818,6869
308,1131
3601,2324
340,656
3541,3887
1697,2484
2613,1777
6460,1498
4046,5289
6913,5773
68,2325
4433,4557
1098,2410
346,2721
173,1402
1948,2157
1041,4587
5016,5100
319,299
1135,1322
290,1484
2384,1166
3728,4587
4150,291
4000,2746
3381,3631
11,4706
24,417
1717,5780
2658,5466
1644,1521
795,304
3007,3914
5437,5848
2240,4351
5531,6855
6204,8295
2747,3125
5857,3334
1441,1752
2660,3018
1055,4530
2790,856
308,982
7211,7214
2133,2619
4138,5506
3455,3643
872,2264
4136,2134
1098,2294
1133,4728
6624,7890
1032,2328
2674,3253
5439,3897
3902,2145
3854,4297
1357,1792
634,1757
6624,8122
1221,2356
2328,3480
3402,3452
4276,3089
11,1965
988,2972
5807,6897
3771,3480
6807,6809
6710,6715
825,3587
4310,5199
1151,6914
2134,2144
187,657
4310,1159
5061,5950
5697,7094
23,1053
24,2760
3691,7440
24,407
2871,2135
1166,6918
5524,3842
425,2565
4709,4981
5472,3752
72,1279
5811,5818
3447,5288
1487,1633
7598,7890
2371,1437
3635,3394
3032,3587
1133,5817
4992,4632
1542,737
826,2055
1772,2178
3352,4124
143,183
766,5245
2507,5624
1733,1549
1762,6613
1927,1855
1980,3352
1547,8290
179,306
5185,6227
5022,6953
4899,3634
5313,5775
3394,1915
1193,1595
1374,3089
273,34
1549,4299
326,80
1783,1997
68,3028
5102,4037
5173,7422
2703,2625
3642,3614
1794,1633
8011,6044
86,761
5524,6337
432,1669
2686,3351
4948,6907
11,1927
3321,3417
2704,3099
3767,2565
3472,4037
1202,2053
771,626
1608,1842
5189,5301
2853,1723
166,417
7882,6618
822,3026
1133,4797
922,937
1918,2958
2062,1991
4632,7624
1813,3967
29,407
55,958
457,5630
2326,3967
5655,7994
2700,2923
1814,5305
405,2973
1041,5638
182,1473
996,6498
3325,417
935,2880
6323,4764
265,4266
2688,2932
192,8287
8,8284
122,1453
1074,6505
1482,1805
1749,2713
4036,3293
5697,5998
4044,4191
789,1428
5998,5254
58,274
5378,4401
5800,5998
988,2324
1951,1953
2972,2653
2541,2398
3043,2256
5697,6505
2677,6330
2838,2593
2909,5155
1608,2178
1376,1382
5419,5301
68,5484
4347,7992
5804,4483
4433,4072
89,3404
4076,2790
5452,5822
1471,3456
1291,1357
766,1239
7231,7047
3454,2958
5140,4748
762,7632
3812,3180
1962,1407
1095,1542
143,396
2664,2665
138,373
1050,1714
2694,4191
6510,7587
1000,5176
5532,4191
6976,3334
2928,2877
406,538
1749,8293
1006,1496
1615,2055
722,3018
2172,1111
2708,4820
6615,6833
1763,1687
2686,2912
3601,4138
1982,7553
813,1927
5176,5928
1734,7961
4550,1733
1055,2900
3924,3949
5103,5814
7183,8186
3127,3028
325,1360
1132,2101
12,8
4899,5827
3483,5545
1538,937
1098,7763
2699,3910
4717,3459
7790,5022
600,722
87,2456
2744,2785
1555,1672
3527,2544
3447,4099
5028,5254
317,1593
2912,1416
1547,913
7280,7225
87,1131
2907,2910
3379,2290
5190,4986
2619,2547
3645,3125
3225,3020
3366,5969
1542,2973
1202,1111
5173,7279
1621,1979
2472,1754
5773,7059
1381,1622
838,810
33,1144
2411,3772
4792,6783
215,1322
7026,6774
4025,8293
2565,4653
737,6123
4846,5092
2237,4384
39,341
172,1679
5194,5457
4792,5969
11,1987
11,2794
4547,5044
1542,2595
14,517
3333,2674
1428,908
1167,2322
3313,2651
5254,5822
1210,1658
2981,4043
722,2157
6218,7809
2688,5335
6219,6723
3726,2655
5697,4134
5796,6715
6552,5295
6123,3459
5022,6571
2472,2475
3225,3192
3631,3276
432,1628
5176,5592
2605,2542
2065,3454
308,1468
1279,948
7544,6555
1305,999
4550,5514
2697,3537
154,39
7047,8249
4001,3454
5189,6246
7750,7757
2983,6634
1837,2697
3890,4110
2688,3321
5620,7092
2689,2708
1688,2653
6714,7632
45,1507
2872,4088
24,4944
311,2106
36,2241
600,4709
3007,5563
759,4191
4224,3309
6990,1982
5246,1982
5185,6272
42,1604
11,1688
5479,7809
2474,5539
998,789
7153,6327
5800,7277
2237,2660
24,5037
2940,2135
1203,2168
4441,4964
4063,4689
6555,3459
922,887
237,5254
6665,5697
5484,4099
8152,4940
826,3089
5246,3910
708,930
759,313
3037,3021
2674,2713
6900,7092
36,1489
737,5239
3835,4808
5002,4315
5079,2285
3453,5467
371,897
784,4373
2365,2801
859,1492
1305,2972
2229,2754
2923,3026
1055,1573
2713,3192
2478,2650
2565,4289
3555,1935
1211,1836
7810,6875
302,349
2587,3568
870,1966
788,938
5188,6699
4363,2398
1496,1514
3221,2237
7769,7946
4824,5459
2713,1297
87,372
2369,3459
5079,4846
663,637
971,930
6158,5404
3720,3568
24,762
784,2225
1018,4728
6082,6720
789,4338
72,370
7052,7225
1075,2354
6072,7544
432,868
1814,2440
3724,4162
6486,7108
6608,5827
813,3173
6525,6790
2688,5828
3635,608
3787,5568
6460,6032
4335,4735
5800,5199
11,2696
2688,5630
4224,2517
586,616
3642,6328
5022,5626
2129,3724
6006,6334
2148,2151
761,304
6914,7054
2655,5684
4547,4648
3835,5341
4138,4417
36,5822
171,559
2872,2135
1549,1111
691,1969
6488,6628
2871,1315
20,1062
7055,7400
2508,1374
1128,1799
556,1973
8094,7928
5179,4964
5316,5714
1305,1592
7675,6946
6913,6555
1098,2542
7301,7908
5984,3586
312,1190
546,2071
1668,2091
329,80
1542,1919
3010,1706
7580,6712
4829,6699
707,1030
6218,5811
2677,7074
6596,6618
766,4261
315,8
4795,5200
3035,3871
7766,7803
71,2646
80,439
2145,5020
1428,2060
3092,5246
854,6715
7279,7588
2686,2856
173,871
6526,6840
2357,3755
6624,4341
3188,4256
11,1396
3645,3260
5818,6347
5012,6613
2160,1416
2618,3974
1639,1638
2565,5430
2746,2618
311,1026
835,829
7418,6442
2219,1444
1549,2951
2542,2323
2674,1267
2546,2322
7901,7391
68,1026
1756,2579
2565,3200
7239,5806
993,1556
3403,3408
4894,4310
5324,5392
2120,5079
556,230
4040,5743
3352,4299
2541,1918
2565,4269
4085,4086
1922,2256
4828,5178
1357,1641
2535,4044
432,2696
3457,7115
89,1270
5179,4712
2384,4999
4632,6555
2435,3089
1012,2247
600,7115
2719,1637
1380,1705
4859,3092
2565,2790
1925,2165
4401,5605
5616,1403
6421,6388
2326,2654
5697,6227
4564,737
457,6272
6579,2285
5179,6714
5437,5863
3600,4219
1129,1167
2693,3643
1006,857
1967,1416
2272,56
3256,1549
707,321
407,673
2323,959
139,252
2546,2340
4489,3498
707,928
5317,5254
3390,2516
6573,4689
5697,4709
28,135
2658,6976
140,282
2693,3352
7769,6174
4813,4795
1151,3338
3454,1984
2231,1964
2560,2653
6272,7620
5802,7908
7045,7699
3404,2114
4814,2364
1729,2014
5036,3537
1246,805
4948,2764
5110,5323
7390,7280
2976,2617
2297,1754
1797,1798
988,5614
6855,7757
5714,5828
4536,7054
1583,290
4487,406
2658,4311
1368,1542
1621,2211
2482,1608
6272,5871
3786,5683
4036,4037
5605,7862
826,1633
2560,2859
2174,2809
1470,4191
3802,3803
556,1144
2964,2951
7775,5839
1395,861
4046,1403
59,425
1350,372
5102,5254
4441,3417
2326,4110
87,3460
87,1585
1278,853
674,86
722,2145
1022,35
4476,5064
1614,214
1492,1903
1151,2323
710,2276
1279,978
1247,5545
5188,2535
1167,1411
80,945
1297,2535
3447,4778
7332,6299
946,2294
813,1385
11,1619
996,2510
72,282
72,762
3637,3117
633,310
6620,7115
3046,3489
2062,2211
7080,5819
2623,3549
1055,1538
1050,1284
2264,4797
1608,1969
788,6417
275,2322
2328,5902
8,422
2651,3903
2872,1706
5191,4338
12,675
59,643
3,30
3985,6553
2474,2774
1221,1296
312,1125
5188,5737
5543,5596
3848,3849
4338,4709
4967,3897
3787,2456
2369,7052
6714,6774
3449,5828
5263,4986
545,6560
1480,1772
3209,3235
813,2619
3258,2674
3144,2209
1184,2120
6270,5563
1608,1919
2252,3811
3390,5226
4441,7890
6639,6641
5531,6736
4099,6299
457,5683
1386,1622
2481,1608
1374,1521
3659,4417
5818,6004
6747,4037
1835,4632
634,1193
6494,1549
5140,4547
1772,1622
1612,7517
1549,3307
2909,5189
2485,7855
3453,4827
2440,4735
3142,8042
5658,5233
5655,6736
2559,3562
1487,2073
1823,1963
94,549
3276,2653
3568,3479
4748,3976
735,739
7047,6759
1236,4263
4673,4689
2615,3130
3796,3452
403,1166
1538,1487
2932,3439
2972,4934
3060,3033
3624,4529
3087,3748
5810,4604
8177,8178
3642,6305
3022,2707
3469,4485
7047,7908
6913,6832
319,39
5582,5922
1395,3192
704,2102
2210,3394
4211,4827
1621,2246
1730,2328
2001,4448
2472,2999
7378,6980
10,163
3028,5697
405,290
8047,8224
1042,2880
4717,3089
2109,4536
2623,4315
5796,2925
4310,7144
870,761
3449,5886
737,3726
1885,3155
280,677
6927,6227
89,243
2507,3408
68,5806
3449,4631
852,2323
804,749
171,803
432,1464
383,631
7023,7222
556,15
4550,4964
11,749
72,589
993,1164
1221,1394
2747,3670
6,7632
2560,2918
1985,4735
3352,3117
3144,3021
2658,8212
6615,5288
2001,1482
7884,7620
2909,3130
81,93
4364,7924
2667,6029
3173,2371
1281,1772
2020,665
71,236
3449,608
5457,1799
1151,6784
2686,3235
2547,3253
7774,8042
871,311
4964,5204
3449,5506
37,299
3032,5650
269,1717
1000,6027
166,4463
2566,8292
1421,1411
1767,2909
3642,5977
127,7012
14,3
7911,7912
766,1915
2972,2507
695,761
5262,5482
737,6595
4899,3092
3462,2822
6976,5079
4673,6334
7047,8002
109,415
3027,7450
5263,3922
1487,3338
4276,3460
3402,4400
2435,2657
6618,7553
3006,2654
2700,3556
5823,6417
2972,3452
4688,4796
1395,1580
1992,1700
3309,2474
2497,2256
5796,3792
1492,2746
1608,3946
3006,2356
1166,1357
1247,3873
425,3580
1972,2595
7409,7632
6510,4994
317,826
2576,2877
5998,6946
1716,372
2831,425
1608,2225
3568,737
6043,7726
2251,587
2365,762
1772,3970
5802,4709
810,1007
3028,6009
1756,1547
879,4448
226,2777
2686,5543
5179,2376
749,3537
1024,1307
399,1513
1099,1103
1769,3253
870,1603
635,432
2585,5412
5176,4530
1055,1247
1151,1979
742,663
722,2501
3447,5637
988,3024
6618,5814
3555,2324
3752,5605
4073,2790
3352,2667
5089,3897
4632,4797
6305,5140
1428,1629
5524,4099
988,633
2657,3260
766,7855
7104,1403
553,7910
6,579
177,372
4795,5814
1029,1557
2411,2576
7980,5022
2135,2654
769,1453
854,2484
5914,5335
5806,7620
6522,6869
1991,3150
2229,2570
3028,2550
5796,7063
1814,2775
1395,1583
2688,2456
7049,5148
3394,4297
686,1413
8222,7553
4099,3843
5176,4600
1200,2297
1492,1520
5915,7277
24,4338
5857,6566
2696,3456
3445,2381
5797,3897
5022,6788
1492,1622
5802,6774
1997,332
2049,1697
2831,2834
5243,4824
142,389
634,813
2686,1688
3568,4179
4310,4127
982,1220
1959,1963
90,204
3033,3024
4948,5200
1441,1768
457,975
127,2643
6280,7442
3787,5804
26,243
7761,7763
1492,1619
5179,1982
766,6566
68,5922
2120,2591
1885,2619
7769,7912
2504,2252
1075,1953
68,7115
4848,2237
1496,4071
766,6241
4764,5479
4353,6780
6976,7908
5802,967
737,6765
4257,6417
3462,2014
1547,887
4068,3562
1587,171
2565,4256
1814,6462
5125,6162
9,168
3787,5582
21,250
3390,2576
1236,1471
6615,2160
1380,1201
1796,4483
1608,1678
12,356
4266,1473
530,86
3276,3014
912,955
5551,6481
3557,4562
988,3348
1549,2589
6314,5210
4074,3660
2686,1679
1168,1186
173,1496
366,3976
3380,2510
4632,6327
813,946
2328,3529
1039,989
7120,6320
742,324
5462,5559
237,2838
3439,3456
6443,7517
1166,1622
5391,6712
371,1201
5103,8212
1135,1534
5524,5301
5800,7052
993,1966
2328,825
7774,6780
3457,3680
157,23
2594,3104
5802,6624
3453,1972
3625,4201
2692,2700
319,906
20,667
3786,4666
2842,1919
4447,72
1074,5626
5179,2774
7233,7422
2118,8290
4846,3691
2958,3516
3541,2595
4422,4037
19,6
1221,3903
4082,5463
6280,5773
3183,2651
1623,1428
7727,7620
6243,7092
2651,2416
2371,2504
4967,5651
226,28
77,271
3642,6251
1111,1836
3390,72
7052,7362
1583,3034
1707,4055
3301,3680
705,674
6658,6780
4653,5423
2547,2667
269,1661
3381,6945
3642,5640
5176,5412
2282,8290
742,6624
2328,2763
3615,3803
2375,3724
600,907
4748,4527
341,906
263,182
4361,4666
2473,1637
319,739
2693,4448
2276,5969
5079,4777
68,2371
2557,4792
5998,5776
4926,4037
787,2060
6213,5824
2410,5412
1483,1595
759,999
4792,4706
649,863
3297,7059
3498,1571
2851,6955
1062,2685
1381,1908
1028,1186
6624,7683
5316,3586
2593,1734
3568,3537
2983,4432
2249,6417
3340,6148
1305,2593
2565,7668
7055,4875
9,427
2174,2775
1730,4110
1585,2066
766,673
697,1236
3519,3084
5596,7359
6620,840
3457,4552
3633,4173
6906,2511
2967,825
4967,5188
1055,3976
813,3854
789,2669
2686,1437
695,1166
1006,1787
1133,3253
3447,6914
4828,7979
1050,956
3976,6755
2062,836
3796,5092
5524,8297
3956,2900
3642,4828
6398,6400
1133,3813
1977,1707
290,1956
2547,6481
2186,3089
2398,3800
1285,1956
1279,2062
5763,4041
25,545
6305,5563
1885,2475
7124,4037
789,1585
6946,7120
6620,5582
2713,4013
1050,2053
4353,737
1549,1199
2686,5936
1305,1239
7341,7414
317,1014
5524,7378
5630,6166
2686,2819
1114,1330
4550,3092
7057,7707
6865,3459
1395,2322
4219,4578
5112,2516
75,94
2688,2257
766,5055
1594,2375
1395,204
1233,1321
2842,2252
4829,6388
722,748
6243,6665
2413,2747
6443,6560
1165,2398
2237,2973
4073,6424
2713,1679
2473,2809
35,971
3456,3454
341,761
2851,5449
1835,2576
5800,6523
47,1585
4073,2653
11,719
5935,5543
911,439
7902,8128
1210,2697
2700,3307
5020,5321
7132,7561
1098,2251
3569,3537
7086,5432
2547,2662
2593,2751
2010,5020
4275,3748
1374,407
15,55
2968,4191
3527,1706
6270,5697
5796,2851
2686,2918
545,1297
6006,6272
665,3408
7080,7928
4853,2237
310,56
1253,1600
1820,1653
106,95
7132,7131
6398,6555
3452,4875
3919,4795
854,1836
3175,3024
2009,5162
3976,3830
4353,5262
1151,1166
1143,1416
4036,5780
4077,2381
2667,3092
172,3030
5176,95
947,1679
2328,2385
2326,2144
1756,1018
3044,3265
3682,3980
2654,3253
1630,1279
2231,1250
3394,2657
2565,5592
4353,4600
7675,7979
2576,3813
3026,4480
237,6229
978,1114
147,682
28,730
6,140
3380,2297
3027,5210
3394,3103
2474,2993
46,348
5872,7510
5173,6560
1919,290
784,1360
813,3404
2688,4269
7052,7910
994,1259
5584,737
1151,1374
132,1633
3522,3393
1305,3024
4899,3664
2871,4266
2972,5155
5437,5973
6618,7810
647,35
1874,6229
946,707
4076,4719
4899,5155
707,299
16,30
7810,2223
3209,5947
407,1648
2297,2859
2565,5872
11,1788
2699,2653
1985,3404
2765,3897
8206,7233
1811,3266
1210,2805
40,214
2340,56
1419,2297
59,5624
1454,1464
2237,3887
3020,3516
24,7143
1305,2290
2747,4021
1166,4719
1542,6481
1918,1920
1135,2322
1922,290
5802,7225
4219,2831
3949,2746
5173,7052
2145,2981
1215,2323
2967,3609
498,75
967,8044
44,3028
7492,4875
5827,5680
2686,3018
2062,1977
3813,6123
4937,5026
1808,5254
7055,6712
2658,2364
23,1638
1211,2922
1428,3717
679,1798
3027,5079
826,2805
1919,1419
5806,8128
2236,856
5173,5790
2688,2612
3172,465
909,5079
7293,7301
7468,7478
2134,3192
72,857
1042,1137
764,4269
1374,2794
4468,8295
1522,1700
147,2095
1428,1482
7348,7561
1098,2066
2376,2474
122,3439
3641,3027
737,5824
1293,1330
1133,1549
1792,1284
11,2580
3459,3910
339,334
2326,3460
2328,4323
4355,3910
72,881
1350,1482
6043,2276
2871,2815
3457,5432
2778,2433
726,739
7810,8224
2566,15
1701,1026
1373,1248
1707,1697
1098,2565
2145,4485
282,607
1683,1641
665,667
9,54
1769,7683
2967,3976
2323,3352
3026,5026
136,4717
5176,5936
3274,4735
2968,7699
1583,1166
4441,3634
2838,2619
1583,2643
1043,2660
645,1186
5196,5802
4894,6161
3469,3529
173,2137
6736,5697
147,5412
1767,2277
2176,2651
2163,873
5934,6805
4219,2381
3659,1729
3084,3892
2326,3059
766,2371
479,549
576,152
2871,3164
3787,8219
7697,6634
6596,5596
11,2091
1184,2877
87,3473
5697,6432
1211,1151
5185,6560
5061,5684
715,1296
1428,3080
2473,1919
2692,8293
5741,5254
2224,2102
4994,6832
1611,1596
3453,3911
280,178
72,8042
1029,707
3498,4977
5534,5637
1350,993
5022,6789
1489,1140
2225,3020
3006,2856
4224,7620
722,1918
5201,5378
2565,5106
1098,6736
6421,7701
3032,5022
2114,3056
689,5790
1374,4977
2696,3192
1549,1716
727,1864
650,1186
2236,3033
5995,2535
1062,2411
4967,6945
1279,1201
5823,5798
3691,3394
2842,2667
766,3103
5002,5148
187,415
2790,6869
3469,2686
74,784
4123,3615
7052,7529
3641,2160
4398,7757
166,7961
1938,1855
5915,7924
3917,7553
157,1297
275,2619
1608,2323
2842,2660
371,3796
6510,6850
5934,4781
4169,7262
1350,1103
2775,2871
3603,2917
2932,1211
2542,4175
5382,4666
147,4310
5479,5693
1639,3417
838,417
173,1167
2903,3956
20,257
1492,887
5816,6624
6069,6161
6993,7021
2326,4183
2038,2341
2516,3664
3985,6496
722,761
1875,2174
67,391
306,3976
4673,5188
1592,2963
4531,3454
5301,5806
1111,2062
6072,4940
5531,5994
789,3664
425,1493
2256,2053
25,377
3375,2542
766,1164
3630,1297
813,2871
425,1730
180,1284
172,2062
4222,1648
2688,2923
5802,6770
36,2579
3615,3443
4846,5239
9,1049
3447,6873
5811,4412
3216,8293
5454,7381
766,7778
4127,2398
7231,7443
4441,5130
1538,1322
86,762
3794,3568
6327,6784
3095,3371
6,913
3614,3192
826,403
5177,3586
6486,1403
197,324
5171,4310
29,1548
224,1633
99,3293
4712,6269
4189,2066
3922,7295
1352,1234
432,2669
5188,1473
7080,5210
2506,3631
4045,2276
3728,8294
4828,5524
1748,7809
4662,4780
2565,1777
1565,1798
6421,6001
5802,6218
872,1689
151,897
3447,2576
376,350
86,3537
20,325
6613,4037
7047,7778
1769,3615
1267,1534
3172,3007
319,1103
5800,4065
172,3435
1166,2281
3655,825
1814,2323
4712,5524
600,4510
1496,2856
5535,2831
371,7277
2859,2790
1043,8290
766,3319
695,691
3614,3393
6,1692
139,192
546,2145
2932,7301
310,488
2651,3251
3724,1140
1078,1193
2651,2747
2594,974
3642,2160
1133,3873
7390,7620
1823,4706
7131,7833
4409,6043
68,56
6478,4099
90,2384
2085,2128
789,290
6069,6148
457,6327
50,61
1847,3897
133,373
2658,7391
6907,7961
4261,4212
7057,7280
1424,1478
5396,3089
1037,1744
3088,737
836,1848
6946,7587
79,55
59,407
111,95
2958,4528
6596,4435
2683,5305
1473,1783
4828,6347
3806,4041
1151,2073
1098,7120
6218,5254
3031,2912
1808,4453
36,1196
11,764
1549,2348
4036,5693
3786,1453
3787,2258
405,637
53,2535
8162,8178
6299,6934
3949,4179
667,2763
3453,8128
1184,2504
3249,4263
1352,1497
2041,2654
99,5055
3092,5309
1063,1901
1424,3155
3028,3974
1133,4587
3631,5817
996,3238
5171,6481
1542,332
4920,4037
2697,1633
6772,7642
7280,7683
1074,2440
3380,2585
722,2237
4073,6422
1098,6982
23,590
5181,8295
2941,5058
5655,6833
2226,4827
842,3352
2145,1679
3297,5179
1522,1211
3450,3812
2702,3265
291,2958
5612,3459
1380,1621
72,1982
4276,3417
5814,7063
2612,765
1350,1253
5796,5897
2832,2979
6241,4983
1947,3541
6914,7862
312,1641
1608,1261
633,3253
2240,7651
6976,7649
5246,3586
55,714
1202,56
2871,4055
3527,2485
3728,5780
4044,4261
2233,2345
20,19
1742,1901
3658,5140
5655,7063
1732,1492
6946,7590
1621,2273
306,609
5822,7809
3072,1754
5802,7707
2231,2657
1749,1997
5263,5973
6156,6422
2257,2246
5173,6323
3660,4234
23,673
1783,764
5816,6441
2230,3623
6619,7642
7901,1982
1133,4824
127,379
650,663
5811,6950
7280,3238
974,4191
1462,5963
2326,3473
2658,2747
3028,2145
1253,1884
3642,4795
3995,4828
2688,5437
1639,3631
825,1769
3447,6913
3018,1357
1080,959
6024,4712
6902,5614
1630,1633
24,549
5079,3291
4065,3125
1374,7809
3191,3393
3088,4687
127,956
2145,1734
3461,5568
2236,764
1133,3284
3666,2369
172,3253
2677,840
2565,4065
5993,4037
232,178
7262,5835
28,280
3404,2324
4967,2001
1350,1261
6223,2440
27,371
66,6
2474,2707
1767,1919
1125,1564
6156,967
1661,5605
1811,1267
7132,7304
2667,4795
737,5807
3691,7042
4632,7381
172,2651
11,3615
312,1836
996,2182
1919,2066
4966,3854
4673,6501
6126,6094
3969,4662
1915,15
722,1847
722,1267
5802,6464
7280,7440
4073,4211
2988,3537
2469,350
4796,5226
6657,3293
5200,5463
312,707
6619,4218
3000,285
2120,2751
2072,2968
2105,2157
5802,3381
6946,7434
7047,8209
1305,3548
620,881
5775,7874
6916,5872
2542,2066
986,72
2688,6783
1350,1585
3032,4510
173,4828
2871,4662
3660,2653
615,636
1297,2322
5806,8275
6204,15
87,6337
1135,2256
1166,3007
5188,7979
1114,853
2237,3871
1319,1604
6596,7012
68,1549
5423,6441
5121,5301
6486,7391
130,271
1185,1662
5824,5563
737,938
113,829
2133,2828
2336,2339
1972,3847
2912,3099
3009,3650
1847,6566
1847,7168
5890,6400
3024,3109
3462,4212
2704,1837
6618,5179
5457,5624
66,4687
2817,2821
6174,3498
20,271
3409,3752
1374,6875
971,1557
2559,2651
1497,1956
5262,5994
1374,5509
3720,4183
7391,2223
4353,6296
5079,3976
6221,3962
826,1653
432,1531
5182,4846
5524,8042
5529,7813
971,805
59,372
5644,5543
1922,7289
7743,6422
852,417
5428,4712
2618,2066
852,1297
2237,2252
68,762
3200,1990
4943,7961
6790,6323
805,1496
6859,8226
2230,2638
1200,2834
2240,8294
2038,2877
147,1185
4099,5624
5802,6503
5916,5182
2387,7561
3352,3717
127,3007
5184,5623
24,6566
21,89
1377,1396
7231,4632
2504,3607
29,282
3815,3260
5802,2914
1319,1203
109,7649
988,8042
20,749
275,2508
2542,8294
1051,1420
11,2071
6299,5020
600,946
457,3274
172,2240
1480,1633
2872,1307
2485,5323
1972,3140
7055,3752
3086,5026
636,663
1259,1221
2871,3005
109,2273
7120,6712
1589,948
5166,5714
27,132
2690,2654
2560,3009
79,893
173,1848
766,2381
1374,4964
3642,465
2605,1808
412,844
5176,5454
11,5802
4967,4482
1098,7351
4688,4266
5543,4041
5800,6790
3452,3274
5262,5973
766,5818
1166,3926
3454,3537
3020,1393
2940,2700
256,80
5524,7443
7181,7131
1972,3260
6221,5814
1522,2499
4774,4796
5177,5963
3402,3103
1638,1637
1615,559
1521,1049
1164,1514
5806,5406
634,4175
2866,2470
457,7544
3335,3030
87,8174
417,422
3451,2517
1236,1439
46,396
1151,1243
3180,2328
7173,2511
3352,2369
1522,2643
4974,5239
4441,2354
1006,1538
1279,2674
2251,856
315,943
203,3903
140,402
2958,4299
2972,2001
3568,15
852,6255
1978,1284
5799,4786
432,722
3633,3028
8050,8263
4632,5683
3910,3352
1661,4323
2456,3238
686,1128
2988,3059
3453,2240
988,3807
1211,1193
1820,2290
1000,2410
766,7683
7743,7757
3047,3033
5802,6628
346,3926
2102,5780
275,590
6618,7119
1135,1700
1594,1770
5177,6124
2651,3809
265,748
5800,6442
4788,7879
3031,2231
2369,5210
993,2580
3665,1680
5189,5296
4443,2516
1772,1918
6179,7788
1594,1966
4988,5092
3394,3785
57,756
2660,3873
1374,7544
1549,5697
330,80
4653,5623
707,1055
7546,5028
789,1413
5915,7726
3278,2625
2703,2594
3453,4748
6624,2565
1357,1585
1966,1965
3586,6296
172,975
5697,4748
2935,3854
7885,4037
5817,6503
3568,2576
1166,3580
4846,2381
5499,4666
14,152
6784,6860
20,1859
4099,4666
6972,3459
3691,3847
3479,4929
457,5321
1868,2211
946,311
2474,3631
290,2356
1357,1966
3522,6306
1367,1571
2618,2660
371,1186
1374,2369
3276,3258
5697,6860
3352,1140
2967,4297
6906,7214
5862,896
2796,1211
38,56
5123,4037
7045,7695
39,878
4223,2240
5263,2785
2535,4098
1621,1816
3366,4175
2565,3854
6082,2535
4653,5459
1166,3607
941,1538
5185,4980
5998,4748
127,3615
4013,5215
249,28
4748,5335
457,4899
7045,6789
3666,1680
789,1026
2251,3056
5524,6156
30,7478
2871,4706
457,707
1098,3459
247,428
2135,2322
2790,1935
2904,2323
3965,4299
2516,2576
1615,1672
6241,8051
5531,3393
3057,7890
2702,4953
2256,6432
172,285
3057,3173
5177,6665
1290,1330
6976,6918
2653,2209
4666,7860
5187,5640
2565,2647
2822,2900
2326,2210
2855,2774
1360,5412
36,2109
5818,4099
2872,2470
1717,1482
1792,2157
173,1297
1133,2490
3459,5844
4981,1310
738,439
4712,7587
5179,7373
1922,3056
215,1124
7056,6980
5333,3910
2564,2660
326,549
4632,2369
1830,1855
4007,4269
201,817
3291,4385
407,722
7052,7119
2488,3892
2072,2665
1352,1658
5437,5928
996,1061
3451,4216
904,2400
2967,2411
5531,6458
6596,6151
4967,3873
922,1969
3842,3937
2872,1549
822,1566
7295,6914
3402,608
1165,1014
2387,7144
6991,4666
546,2072
36,959
5543,3089
6151,7624
1395,3892
1608,2669
6241,7280
1621,836
1622,1788
3872,4179
2688,737
261,356
306,960
310,2117
3072,4712
1313,644
5477,4929
1374,4233
6946,8128
6907,8209
871,2830
766,4587
3073,2651
697,696
6359,6555
1473,1855
313,3946
3642,4798
2376,8246
486,8286
5445,5850
7727,7391
813,1284
3303,3307
1395,1816
21,657
810,1029
21,1726
996,2411
2109,4735
5691,5301
749,2258
1428,1124
1279,1075
6043,3498
1596,633
3276,4289
825,2686
2976,3888
2326,3173
237,2809
193,439
2964,2981
737,5887
3969,7833
6620,7052
11,8287
6784,6790
310,806
865,1144
970,1156
5020,1247
204,756
3291,2290
6916,4884
1063,3103
2488,2328
6624,7839
3462,3464
3586,3634
1585,3580
1137,1842
3028,6685
5807,6001
3378,2657
120,15
6523,7115
634,4400
1489,2062
1009,1425
14,4055
3238,5839
2688,4335
6914,6832
1424,2251
4948,2822
3454,3813
1997,1707
11,4072
5285,4977
4899,2398
1228,922
1795,1798
3191,5341
2264,6029
2326,3871
1247,3843
1129,1377
3454,3958
4127,2381
2093,1416
2398,4578
28,673
2286,1997
122,3587
3728,3192
1608,2981
2186,2999
5185,4099
3449,4212
2237,3164
3032,3937
245,28
59,167
2776,2777
6635,5543
1783,204
1608,2579
4967,3614
27,746
7052,7666
11,1471
3586,5423
1628,1858
546,1230
4204,5204
2686,1357
4764,5721
3459,6606
3641,5454
163,6875
3536,2667
904,3084
4222,2433
2560,3238
1374,5083
988,3506
982,1186
5002,3796
1911,1908
282,236
67,515
841,1315
766,6481
3917,4735
643,1259
3081,1919
1428,1390
4718,2822
4151,4124
494,299
2256,3800
7057,7908
5998,7839
3291,4011
1552,1836
1462,2508
3390,5072
66,302
5773,5932
2702,2900
5179,6599
3622,2657
3498,3238
1324,1029
1210,5288
1204,2364
12,427
6624,6980
3447,2774
2542,4361
2704,2900
4686,5130
2565,1403
4788,4551
7477,7478
3641,5596
5184,4041
4119,2981
1896,3309
3666,2328
1855,3408
5117,4828
1542,4645
291,4261
1024,2384
4077,5106
8144,8141
7845,8121
3238,2225
3404,2290
1811,1473
3381,6156
2474,2322
5123,4310
3770,6784
4310,4791
5709,5811
310,626
317,1428
1086,1152
766,5106
2133,2665
996,946
1133,4534
3352,3529
988,3541
7010,6774
3992,4463
2547,4297
1919,1583
1352,1603
3196,1915
7505,5902
2565,4384
79,192
1193,887
1542,4483
5697,5484
1008,1026
136,1564
1253,717
1386,771
2065,4338
3175,4666
742,893
3350,2831
80,50
173,1506
1838,8293
618,844
5020,5559
1552,2775
6314,1823
545,1026
618,407
3764,6955
1639,5335
4045,2765
2297,214
5800,7063
4849,2237
3455,2364
1193,1297
3214,2237
6624,7450
1542,5800
6,1253
2328,1990
769,1378
1352,2119
2654,1744
4963,5144
634,705
3498,2775
2565,7803
3374,3376
2564,3635
2114,2585
2283,1542
2700,4088
1972,3059
1732,2955
1097,1549
2660,2381
2576,4071
3366,2535
2476,1734
2565,7544
5079,5061
3522,4441
122,2145
2210,2790
1374,4653
1247,3473
3454,4661
2792,403
72,4335
6486,5273
356,2323
1972,3307
1169,350
53,4235
1661,974
1166,4266
3333,3681
1615,1780
2215,3018
2323,4510
3614,3034
4310,4338
971,1277
2658,4315
2576,1416
3350,3660
1549,2091
1395,1859
3039,2398
5628,5321
1424,1425
20,214
173,4310
1046,1156
1982,7620
7225,6914
3006,2225
311,4098
109,6980
2381,2625
789,6505
4948,5509
1566,2071
3956,3537
2257,3435
173,2079
1335,935
3092,2654
9,517
7564,6934
86,1026
3969,2785
2967,417
3108,4485
4640,1984
2378,2062
4550,3897
3568,4072
1428,2137
110,682
1772,2294
2815,3029
4065,1239
5697,6496
2324,2535
1374,1322
3144,2338
11,132
147,966
173,2145
2703,285
5177,6979
23,168
1353,3352
3798,6875
2967,4220
5814,4401
1733,3238
4046,6917
1273,1277
7047,7924
1757,993
5177,6006
3297,7961
104,302
1086,2097
2703,2565
109,6407
1368,1261
3655,4103
5188,3803
722,2625
3449,3958
6870,6869
3796,4528
4065,6560
5857,6227
722,2662
2565,5384
7086,6759
2842,3005
3032,5529
879,2859
2842,3908
1888,2253
1166,2205
1667,3537
6398,6955
3274,3447
7386,4940
11,4011
1151,1111
457,971
315,674
6615,5233
25,75
2560,6560
722,3443
826,1636
4111,4290
4661,5804
1395,2686
626,86
1542,1035
5125,5963
2700,4179
24,3452
7391,7052
2677,7301
1583,764
5189,5626
457,2511
2435,2587
1380,1638
5404,5487
988,2625
766,2754
2375,741
6443,8134
2113,1154
4077,5132
311,4712
7294,5839
3041,3150
5312,5568
2951,3014
1167,1322
6913,5814
1585,1772
4151,3615
313,2565
2323,1297
1480,1842
7262,3969
2233,1717
1151,1319
1428,904
4127,3724
7431,3334
1470,6006
5524,5773
3642,5499
3015,3498
2757,56
941,290
4795,5096
4065,4620
825,6218
173,5335
1772,1103
1835,2240
3404,3586
1608,2181
1667,1680
2326,3030
4324,1385
4795,6914
4441,4219
546,4719
5188,5254
4967,5799
1922,1633
3463,4266
5079,3691
5800,7583
5531,5226
1614,579
4843,4879
7874,6914
5814,3293
825,3352
1386,1566
826,56
3009,2667
3456,5132
5201,7498
178,719
2617,2814
1166,7373
1465,1798
2193,1935
2072,873
94,1186
5812,4980
3352,3260
6615,7707
2651,2653
4355,3455
1055,3192
2909,3897
865,2182
6523,6555
6428,1972
813,559
1436,963
2972,4411
4550,608
1374,5511
5543,5624
23,55
1471,1501
7379,7088
2369,3554
280,407
5802,840
3976,4335
766,7860
1915,2516
5263,2576
6,863
2298,3028
1977,859
3642,4899
2328,3459
5296,4400
1729,1888
5697,5233
1042,2109
4828,6803
348,2612
1814,3034
1352,963
1522,4110
122,4191
4671,4666
1885,2617
5181,5296
4347,8090
1193,2328
1358,2354
3615,2932
4843,5651
2790,1744
1133,3346
788,4798
4756,2326
1585,1679
2145,4424
2251,2721
1374,7120
2858,2264
7902,7908
149,151
1922,2544
3614,5804
7391,5393
1506,1649
1151,7855
4948,3276
759,2754
447,4735
7228,7662
7379,5289
6914,3962
4718,4653
742,4605
3449,3464
122,2654
5263,2765
457,1580
3586,8295
1733,2657
6317,3479
633,746
501,325
3007,5484
1947,2923
909,7439
4813,4748
1374,2912
1164,857
5262,5977
6428,5439
2371,1964
4347,7979
2369,4536
4065,4424
3748,4557
3258,3291
2322,3645
109,7168
5262,5254
7057,8083
432,4706
5262,5524
838,3009
3787,4846
5189,6523
1395,1378
2262,8291
3642,6503
2560,3056
766,2923
489,8287
1615,1758
1200,1633
597,151
1151,975
106,299
635,271
1151,2397
5714,6328
2871,5288
1305,2968
98,86
259,2660
4140,5614
3660,2252
993,1489
1473,3136
5110,5222
3449,5288
20,2411
1748,2923
3976,4040
2569,1374
4705,4261
1098,7012
840,5002
1550,1497
826,2066
1808,1378
7597,4037
1305,2371
312,8
1166,2968
5839,7620
2240,2328
122,3393
5915,4981
2229,2951
689,2333
1585,959
4972,1769
1380,1127
2688,2354
4036,2958
310,4482
1615,1956
6492,5802
6305,1549
3691,7110
3724,4021
546,3946
4828,7604
3005,1307
854,3976
5531,5714
5020,3755
3813,3873
3404,4482
6,325
1487,3020
2237,2667
6772,7185
173,2273
4813,2831
3634,6481
2535,4335
2390,2193
3125,3130
3218,2237
3453,4661
4981,7063
4828,1982
1137,2101
2135,3126
1550,2871
42,3026
2072,1991
789,259
825,3970
5123,3456
5184,4824
1796,5814
1925,1717
722,746
33,38
4077,4247
7150,7052
7266,6784
2564,2324
5020,5545
5184,2605
2144,2653
943,2654
36,348
5020,4964
4948,4335
686,1805
3794,3453
4310,2258
2707,4179
5596,5103
1549,1428
737,6628
3965,5437
3258,3034
3796,5743
6220,6006
922,1297
5455,3089
546,1973
1549,3634
6097,7063
3642,5200
5439,1982
1278,1772
1542,3334
11,4662
2765,7047
311,762
143,1032
2651,2209
5697,3089
241,271
3645,4373
5020,5511
4536,5539
5697,3830
457,5980
6217,6594
3010,465
3956,4814
3381,5776
3554,2958
650,311
5179,6918
79,356
5919,4037
1278,907
6458,6869
3785,2565
2565,2652
2319,2285
3796,5020
7868,7871
1837,2251
2093,1964
1473,1953
1835,15
6305,6634
1305,2794
407,2587
3976,5045
1468,4796
5189,4600
4044,4297
6032,7116
4483,3691
28,514
546,1211
789,4266
8036,5605
3522,3910
3622,1744
2674,8295
2565,7839
7063,7414
5404,5200
813,4263
5189,5178
4310,6098
7080,5022
2713,3307
2156,2195
1612,6783
2009,5421
3056,3958
7153,5022
2485,1549
7181,4037
4099,3271
2134,1990
1717,935
546,5584
29,934
5184,4653
3227,4261
7132,5872
3032,4953
1653,1654
2651,3409
1919,1749
2693,5200
7086,938
6023,5799
306,255
3032,4191
5189,3089
150,280
1489,1487
2328,2652
2940,2912
5079,6299
1319,974
1098,3726
4632,5123
2229,2589
3453,4219
2276,4110
4310,7587
6123,5871
2369,2552
4009,3631
3630,2657
1483,887
7237,5738
168,663
5254,5321
4343,5527
2510,2120
2542,2871
6494,7695
3026,3144
87,545
4124,4385
1395,4117
7280,7994
7564,3238
988,2225
4981,7879
1352,1859
4587,3498
1550,2129
7251,2851
3512,1706
5454,5452
75,549
1062,2834
5802,7924
6360,6417
798,4365
1542,1234
2149,2151
3026,3352
5531,7115
4795,7012
86,5028
1487,2576
1374,5922
1114,989
6305,6323
457,6715
4076,3748
2326,825
127,607
2134,4386
180,2246
7086,5404
2700,3338
7012,7961
5110,5886
789,1977
2193,2195
3350,2237
2702,4276
3461,3447
6751,6757
904,797
6918,7965
6270,6714
3200,2565
1352,1927
1319,2859
3352,2289
5657,4653
3378,5178
826,2338
3338,2114
7131,7809
3660,2565
636,271
2871,3720
3453,4099
3969,737
2871,4719
1487,575
3447,6299
4353,5539
6522,6813
5011,4099
3056,3587
4899,4600
647,1547
2062,332
1823,5130
5531,4099
4310,7277
766,4099
3642,6111
8036,7553
2989,3192
1166,1705
5189,3885
1800,993
7041,7042
5796,6400
457,6606
6517,1972
6907,7391
2594,465
4760,1305
4712,7092
1800,1493
3748,5848
367,299
1137,1566
3041,3140
1236,871
2654,1935
3026,2225
1374,5012
2790,2654
3682,4323
1922,2946
3453,3014
1322,960
1542,7795
3028,8294
1102,3173
1754,2625
4414,4417
5529,7860
2688,4373
5176,1473
395,282
710,1525
10,280
4355,3661
72,636
722,1164
311,1114
3965,6124
722,904
7906,1982
1151,5714
1127,1662
1848,3680
3843,4335
6,61
3258,3547
304,906
2156,2211
1305,3173
5935,5545
457,6803
270,935
4335,4191
308,579
844,945
5796,6227
5802,6306
1772,2877
2972,4795
3930,2508
4138,3456
3453,5811
110,1014
269,697
3498,5509
1006,1920
854,2182
5103,7992
2260,8291
2651,3769
706,1322
2145,7279
2547,2993
4699,4261
1111,1243
7,6
122,2456
4315,3748
8045,6634
946,2828
5243,5245
3454,1310
3796,3453
3209,4792
4483,8163
3350,4510
1612,8237
2152,2165
4598,6246
826,3371
3508,6496
3586,5799
1098,7131
1700,2580
4045,2240
86,1297
6359,6299
7113,3334
1374,633
6538,3459
312,1297
5103,7510
27,616
6156,2774
164,628
387,259
1888,1893
626,707
4982,5459
99,5812
842,4055
1922,946
2274,2307
4441,5837
2967,3748
7043,7833
14,2193
2623,2746
737,6913
59,763
4952,4600
3402,2654
1132,2354
47,5922
4681,7092
5173,7378
376,977
311,1053
192,39
5189,5798
457,5737
1098,7647
72,152
6118,2620
1769,2774
2693,2657
3352,3808
2663,2076
3209,1267
7932,8168
3238,4824
5185,4748
457,4715
3187,2654
1133,2333
319,2181
5612,5697
7900,6946
3643,5452
707,1203
5582,4709
3451,3321
1236,1279
4805,4808
749,407
2298,3483
3614,4297
2707,5775
7554,7624
4598,3956
1859,3443
5543,2925
6790,1549
5796,5200
5439,6783
5814,5079
3024,2231
8134,7553
6245,6023
5020,3106
1024,3748
2700,4055
5123,5891
412,178
4437,4875
1542,722
2120,2307
28,895
826,2593
698,2966
36,2570
2365,3680
295,299
1542,5697
6607,6047
5180,2576
1612,5998
4948,5732
2088,2085
546,8290
1542,3634
2474,2736
3375,3026
5814,7233
820,2397
3380,7809
39,8
1820,2053
7812,7092
1922,3117
6316,6832
6359,6221
1922,2819
971,1159
2564,3720
1691,2328
3404,3548
4045,6496
6993,6784
1242,1496
1284,6875
3185,4124
4111,4424
1717,2339
3451,2932
3028,3480
317,887
6618,8130
2384,15
3449,2576
6113,4875
784,1006
1795,5092
5818,4432
2297,1723
3175,2595
1980,993
7317,6832
11,1919
3794,5072
2842,1385
2256,4677
1350,1901
410,402
947,3549
5189,3191
2967,4011
59,1201
1521,2727
4044,3453
2842,1990
72,1211
3156,1416
1350,1490
4967,2516
5532,737
5806,7092
3449,4463
6270,7397
1200,2474
412,868
998,686
6165,6606
4632,5148
4398,7561
5036,4124
1566,1847
2909,2485
2774,6006
6360,6994
4353,6634
4632,3084
2145,5226
639,1286
11,127
4044,1984
499,1080
982,857
2368,2594
2620,2594
8093,5022
5796,5739
956,993
4964,4574
5945,6094
5155,4315
1796,5739
2658,5208
2667,2765
3458,4795
697,2398
2594,2831
2654,3026
1919,2264
3144,3483
5796,5321
1215,2593
2871,3117
5295,4536
5543,2535
3032,4483
3521,825
457,737
842,853
2667,5484
2356,2134
8045,8271
1583,2660
4712,2831
1319,1357
7055,7052
4976,4041
6174,3962
46,377
4531,2760
4441,3691
4632,4435
1086,626
2688,3020
1549,4653
2174,2470
2811,3607
1762,2620
3010,2697
1670,2165
1286,1901
308,857
4127,3631
7055,8051
856,1596
1055,826
5008,2369
3568,1307
2981,2653
1492,1297
2932,4463
3642,5980
1377,1518
4943,6913
1033,311
8050,8246
6772,5872
879,4212
6241,7695
2062,1757
6023,6481
3787,4103
2557,1419
1549,2973
4598,3352
1500,1538
1319,3726
3728,5524
5454,4712
6902,4875
2504,5449
2072,1542
1380,230
4099,1549
2278,5543
4075,3562
2003,1814
72,1156
1305,1919
5353,3460
2371,2696
697,3274
5524,4435
1700,1521
6,1472
4142,3635
2411,2066
3482,825
6924,7927
697,6784
2645,4351
1730,3050
5583,2764
2144,4266
36,4712
90,2760
2871,4110
177,1592
3010,3338
3586,4099
3842,2619
4222,762
2840,1808
5531,6414
1247,3171
1151,1353
1585,3615
1188,1190
7900,8044
154,243
4197,4412
2988,3847
3814,2958
1304,334
2565,2979
996,4600
6779,5484
1470,1261
2118,3752
2312,2285
4795,4653
1098,8291
3447,5295
2109,4338
7447,7450
110,966
4046,4666
7225,6320
1384,1593
319,5430
3001,3192
11,2384
47,1248
2133,947
6624,3459
1962,1284
2313,2285
4040,2790
4036,6907
179,407
7056,6993
94,405
304,907
7052,7927
4355,8295
749,5637
1565,7862
2859,2014
457,5760
1211,579
2653,1307
5846,5680
1098,6424
1441,2101
2044,665
1594,1903
2217,825
6044,5484
99,6774
4653,4400
90,407
915,762
6770,5543
125,517
73,28
1013,1382
412,2625
2547,1549
432,3680
5140,2369
2613,737
5816,5798
6502,6044
5020,1548
432,4261
1772,2083
4632,3752
2832,4289
6398,5002
7047,8174
663,2364
101,299
1888,2350
2871,1984
5020,4500
4483,7012
2564,6600
6624,3631
1748,2669
1471,948
1411,1412
826,1154
2972,3089
3024,5817
4148,4349
2621,5412
24,3136
2299,4587
5696,6255
1062,3645
2249,2397
3477,4021
74,317
8046,7791
6305,3631
2667,6124
6486,7214
1374,7529
2585,2120
1374,2116
3168,3897
825,6251
306,972
1716,1920
1074,6632
3786,5545
1506,1497
1693,1566
1129,1022
1368,2325
2323,2958
7352,7378
715,407
2701,2654
879,4124
4152,2565
4363,4041
5194,4483
1552,4335
14,23
2297,3009
5714,5760
742,1200
6790,5822
3461,2760
1098,6714
5189,7498
20,2134
7239,6907
1111,2400
3631,762
1151,3192
4448,4717
2565,6759
5932,6599
3615,3541
3743,737
1350,2178
2102,2815
2703,1633
2660,4365
5188,5596
1667,5178
3586,4795
1137,2828
4127,2369
4970,6437
2371,2697
2972,4266
1006,1950
5920,6946
334,741
2001,5994
5697,7185
5883,3586
1521,2653
127,3580
856,3371
4686,3976
3191,3897
1066,2339
5437,2765
2699,3260
5246,4361
7337,6299
5689,5693
122,5335
941,311
3447,4735
109,6979
3449,3443
346,3971
5110,3498
1928,1855
521,3352
3728,762
2658,3812
6714,2785
2435,1646
5173,2565
1167,762
3301,3887
2297,425
633,1859
4046,3885
3032,3958
2003,2231
315,881
2619,3752
1133,2398
2440,4261
4717,3842
2120,4780
3642,6946
2565,7996
11,1453
1623,1014
59,600
3148,4263
6324,2774
766,6227
7944,7012
5022,5738
7052,840
3394,3922
3615,3140
5119,2381
5391,4536
5691,5780
4718,5267
4813,155
1537,1211
3479,1729
3144,2594
3028,6321
308,465
870,1322
2612,2900
2299,2794
1925,2654
1018,565
2790,3459
2819,2825
5775,7912
996,859
831,1111
2261,8291
312,575
2411,4051
4276,3092
1822,1880
2062,1565
2688,5891
2069,2570
2697,2544
166,647
2119,1814
5215,7414
317,1585
2160,2066
820,1514
3593,2237
4310,4653
7301,7871
5185,5760
6414,5022
5029,3027
6320,5563
4879,1026
4362,4365
1374,6151
2768,2323
4813,4632
986,2856
1489,1490
6758,8121
4686,5404
161,1240
7262,7557
5022,5487
1350,2157
1991,2375
11,3806
7086,8044
25,756
5524,8134
6494,7301
4151,3537
6082,4065
3175,3483
6913,5969
6596,7910
3641,3460
5020,5323
3965,6174
2507,2955
727,2323
457,1484
4899,5072
5800,938
2688,8293
47,3946
971,794
3642,5182
1583,1428
1697,3164
3455,3284
2541,762
1041,1319
3026,3529
4042,4179
2384,2511
2851,5288
1319,978
4967,6110
1033,1123
2186,1918
1500,56
1525,1628
6615,7279
4712,737
6615,7757
1847,1849
48,1211
4483,3238
1549,3351
3586,5527
20,994
5524,4604
4974,4653
2688,2765
6019,4175
5817,5321
1835,2587
3290,5563
5667,5969
1374,4435
4046,6560
1542,4527
7080,7478
7281,5760
311,859
351,5254
1608,2475
7047,7620
7808,6914
4829,6873
1215,2356
25,348
2790,5487
5427,4098
4483,6221
2272,2225
5006,3458
2871,5308
1492,3117
5809,6218
2894,2470
6253,6255
3969,2790
47,28
4898,4999
371,310
5822,4786
2972,3956
707,1600
1267,2251
339,817
2384,2237
3293,6665
3106,4709
2299,2625
1615,1772
7084,6946
319,3748
4764,3084
2323,2114
2967,2326
4222,3922
789,2909
125,299
856,3089
1789,1658
4138,1239
2230,2231
2237,3447
3691,3352
1132,4037
139,743
6414,7874
4509,5106
5796,5210
5188,5732
4653,4964
3634,1799
4416,4037
4598,6270
5171,4335
2595,2665
689,4666
988,2667
72,236
2968,1633
1043,763
2655,896
6241,7593
1319,230
5519,4191
1487,1669
1193,5002
371,960
7231,7855
766,5844
1820,2654
4709,4261
3,581
3402,5817
5188,5998
6068,5421
5796,6270
6550,5079
9,56
904,1997
2658,3643
1615,1788
29,838
1991,2777
5125,6498
2567,2398
2565,1360
1006,1603
11,1538
2686,5994
2651,3301
826,3258
1037,686
3543,3548
946,2114
3109,8227
4792,6124
3394,3446
5401,5412
4223,5850
1050,2617
47,290
6522,6789
3010,2135
6323,5524
2485,5289
4040,7351
1700,1969
1137,1585
143,3
5655,7695
3334,7632
5184,1247
5457,5487
395,8163
5140,4448
312,893
120,1186
583,1859
2660,7063
1608,968
6976,7795
3059,2237
1105,1836
1471,1489
7391,5179
4632,2689
5423,6953
705,714
7279,7910
138,2777
5857,5321
1291,1549
7866,967
3586,5839
4138,2859
4682,4261
8,864
311,407
7901,8219
826,2242
4662,5760
5478,4929
7716,5839
3777,4402
3032,3439
5872,7624
2688,2909
3905,2289
3459,2398
954,2619
5802,6784
4967,5880
2387,4098
2565,7632
1480,1585
1166,1211
4036,2506
1614,2654
7086,7088
3366,4127
5531,5800
789,795
1922,2576
3352,3615
87,282
4142,2646
2485,2667
1125,993
1822,2073
87,2764
263,746
5022,6262
7047,5466
1549,4578
4347,4349
1374,5671
310,1646
1542,7414
5189,6302
2974,4051
2256,2307
805,710
59,2727
2566,2102
993,1330
3394,3144
993,2763
2547,3068
2688,5527
5524,2658
311,1413
21,447
2115,2785
1305,1792
6943,5020
2332,3020
1009,6251
2209,3489
68,825
3714,4162
5942,3089
2328,2620
2542,4338
3731,2727
1133,1296
3380,3276
4070,4480
5747,4338
457,871
5591,6262
4829,6856
2595,1808
4632,5559
2651,2727
1009,948
4832,7478
1734,5002
854,2470
826,1471
7733,4981
8050,4940
457,8293
826,2713
5103,7115
3456,5902
764,2625
11,1186
8,379
3394,4528
789,2102
3587,3459
960,663
3015,5926
1717,2157
1241,4735
2258,5693
3796,5886
722,5484
212,2625
1166,3480
1816,3755
237,282
1006,836
1792,1987
1193,4463
3794,2354
6020,4310
2704,2993
4221,3274
2223,4401
71,1956
1549,4661
1717,214
6488,6496
11,332
2133,2968
4756,3976
2815,2323
1549,5563
6624,4361
4347,7574
2560,3173
749,1407
24,756
4142,4735
2240,4183
6596,8128
4136,3813
6783,5596
3148,3516
7608,4884
6563,7927
1374,2922
4077,5204
173,334
3569,3926
3814,2210
265,35
5150,5254
2565,7319
928,1211
231,255
4310,6481
5717,2576
36,2328
1247,2324
6221,6780
1137,1700
20,704
1074,2285
4310,3919
6914,7924
5655,5684
457,7050
5462,5513
2133,1637
1947,2328
3479,3631
3274,7092
5800,7491
2923,4547
1489,1164
4151,1185
3032,5828
5022,6474
5105,5106
3647,3926
1267,993
3519,3291
5280,5288
904,1261
7055,3238
6563,6832
7294,1982
2923,3265
5543,6873
5884,5123
311,895
5423,7646
3439,6634
11,2210
5857,6634
5524,6221
7090,3803
5038,6004
1542,6634
7260,7262
2576,1680
825,3635
1201,644
94,1956
3568,4189
3728,3034
5802,7649
3168,4013
5800,7620
766,3489
5079,2831
3691,3885
3274,5079
1078,271
788,72
5822,6923
1716,1747
5908,7238
6620,7101
2658,6555
110,282
444,55
3642,6924
2565,2623
6626,6634
4105,4110
3794,3284
1390,3020
2688,3796
1253,2797
1537,4536
2707,3144
4600,2237
7056,7280
5624,5321
4045,4212
6975,6790
1367,2576
5185,5684
2688,5368
6907,5605
5423,5798
5802,4037
710,1038
27,2917
856,4361
191,271
3523,1100
25,23
556,1990
1796,5273
86,794
3634,5028
5179,2398
457,4534
2240,2066
826,1613
1135,2102
2658,5044
1135,1152
5188,5837
6624,6151
3700,3645
5296,5732
600,626
5675,4530
6200,5484
2323,2900
707,971
86,428
7052,6414
1571,1956
1142,2117
5173,1026
1608,1855
11,609
2328,2160
173,1514
24,334
2576,6320
5410,5295
1278,960
766,2785
2940,4055
6323,6528
6945,7054
2356,2654
8036,8192
4717,5273
3953,3024
5802,7778
1395,2178
4795,5950
986,1573
24,3910
773,549
2713,2646
5179,6001
3381,5798
3948,3645
3478,5799
3394,2257
3320,3946
5768,4791
5348,2354
5993,5994
68,6083
11,1637
55,152
1555,1908
6443,3238
4338,1026
7266,5432
55,697
1013,985
6848,2565
3416,8293
5301,2940
4476,5539
6563,7646
1549,4103
5528,5640
1259,2209
1133,1239
6272,5697
7052,7101
4669,938
2476,2411
5670,4099
2694,7620
2832,3125
2651,4043
1065,1849
2504,6296
6299,5582
998,372
1230,2117
3456,5897
879,4463
2559,762
1537,3005
1492,1847
1879,6123
1492,2653
502,8287
3969,4962
3614,2790
2834,2072
1566,2073
7231,6712
813,1842
1097,1297
6619,5432
4163,4055
2859,1453
1807,5511
310,2485
1762,6560
1210,3634
6619,6976
2988,1493
426,75
5020,5288
4915,7414
3631,3937
4600,4041
1767,2794
2653,8294
4795,4929
25,439
23,33
1134,3005
7047,6980
312,817
20,258
5796,5524
2565,3238
5196,4875
879,3352
904,763
3276,2485
4292,2398
5125,5753
1197,1006
3615,4424
5591,6246
7092,5800
3658,3796
5079,4625
3390,3408
2565,6993
5059,7290
3948,3180
1098,7833
988,2252
6946,7666
1621,2128
5524,7351
5427,4310
2707,1239
2611,3130
1211,2195
3459,3464
3752,2328
5796,6567
2688,4719
5188,4534
3182,2654
2693,4179
1470,971
5191,3796
5796,4828
27,2369
3478,4289
1496,417
946,1565
2972,4040
6615,6765
805,1453
173,2397
580,2381
130,152
3665,3028
2229,2116
993,1534
1697,3408
1133,5103
6596,8219
3631,3352
698,4216
5937,3089
3028,4403
3785,4846
310,677
1948,2386
5184,5925
1555,1597
2871,2560
3192,1837
2120,2926
2703,3351
4468,5545
128,2768
6123,7497
346,2251
1795,3352
7052,967
7052,7054
3622,3028
2565,2940
1127,1621
80,151
3024,2747
2374,1964
4669,5800
3394,737
5862,5886
759,760
306,549
3571,2485
3526,2654
1098,1997
789,3089
935,506
1711,230
290,1411
1151,2246
3630,2923
3352,3026
556,1315
1127,665
6483,6721
1230,1234
4219,5162
4136,2932
29,5545
5524,7662
5817,4798
1977,1621
5961,4310
5028,6218
1259,3446
2988,2654
4712,3910
4201,4216
996,8292
2871,4269
215,1018
94,19
90,2193
1127,3030
899,2410
6900,5800
5423,3614
4653,4600
5079,4534
7449,5902
7578,6918
5179,5753
1210,2322
3144,4373
5796,7620
6359,6097
1615,2119
1285,5684
2699,2565
1767,2547
7452,7131
132,56
7733,7120
5822,6006
5814,4432
2831,6124
2866,1211
457,2517
5696,5178
457,3498
5173,7040
1135,1490
2587,5684
5096,8209
237,765
236,749
2276,5638
1424,2501
2940,3026
2485,2506
3326,4827
2005,415
5524,4483
7452,4037
3031,2594
6548,4071
937,1956
1271,1282
4894,5121
1908,1927
6075,5103
2547,3557
1374,7763
914,304
1166,2542
556,769
948,3243
290,299
3352,4828
12,725
1492,1496
2069,2593
3911,3643
946,1418
7245,6736
1749,3562
412,2066
1142,5886
11,1222
1608,1787
1542,6098
71,2095
825,826
6359,6772
6470,6472
1061,937
72,1848
1756,1697
1690,1692
2859,3562
633,2474
1200,8293
3455,4646
5916,5947
3976,6059
2565,8141
993,1555
842,2686
1606,1927
2655,4712
4211,2940
5179,6388
1769,3376
6,1573
4509,5092
103,4191
4045,4999
14,1123
457,2277
722,1603
290,4983
766,1992
312,1453
1063,1799
941,1193
1772,2797
742,6832
3456,4980
371,1023
1210,6934
6458,7386
6502,5022
311,2830
457,2252
5739,6765
5939,3089
2145,8297
2328,2643
2095,2182
2145,7757
3812,4578
2135,1837
1037,2535
62,2247
3830,1935
4967,4764
4438,6257
2658,1498
5697,6897
1024,290
1549,2435
3691,5141
6907,7063
784,3307
1297,2499
2565,4013
763,2097
172,1972
5802,8163
7092,4632
2241,1097
2328,3479
3661,1453
1623,3580
1166,1653
1564,1805
2560,2654
2585,1549
4666,8044
2565,4435
3461,3643
8080,8083
4982,5092
5624,5809
592,628
3806,3458
3234,3235
896,2499
71,1034
2256,2785
4211,2646
2118,2707
6299,5773
639,1453
6714,7651
2472,2754
6934,7120
1962,1927
3916,72
2585,3580
2297,2485
946,937
1286,1285
2688,3903
825,1680
244,56
2504,4827
1074,4709
4898,1769
3449,2774
6605,6156
457,2923
5611,2398
3648,3576
805,579
3098,3145
11,3847
3352,1239
395,6934
1032,1506
2623,5233
4046,6270
1202,1525
1838,2210
1068,1534
2654,4233
3462,2760
36,308
3792,762
722,1849
2699,3804
841,3914
4967,5936
704,1514
1800,1111
3402,5222
1428,1927
280,132
2384,4687
3949,2859
1137,2510
896,6979
5524,5671
3028,4510
139,144
1150,2594
6174,5022
1608,3034
6712,5148
4046,7400
1395,1111
7744,967
3815,3812
4948,8186
3642,5773
1166,2165
1166,1521
1305,4578
3607,7168
2411,1297
2135,2774
1500,1199
79,704
742,2095
2658,1166
3571,3926
7005,7788
789,3537
7005,7553
3615,2307
3453,3073
35,390
1098,2174
6522,6833
2133,1653
5934,6111
7047,6979
2747,4365
87,3516
3787,5415
6918,7054
1064,4212
5617,6044
7766,7871
5684,4483
2375,4365
722,3958
1549,2211
4746,4654
1922,285
405,246
5524,7862
6198,2620
3036,2819
334,2202
1792,2073
1888,4043
2693,5804
230,1610
1166,6098
5175,2764
3522,2565
180,402
1166,2409
86,918
1612,8050
6615,5822
766,4735
5189,3803
6270,6789
6467,4994
3462,1984
5818,5814
6501,6918
5709,5799
4415,3748
737,7647
1368,3717
4065,3843
2256,3443
3525,3005
600,1555
5809,5814
1510,1513
4046,5484
770,600
5806,5421
3274,3956
7231,7921
2651,2652
1151,2669
2688,4661
1857,2787
3917,4422
4818,4983
6299,6555
4757,4811
2657,204
1492,1487
988,982
3092,4037
5103,6555
3806,2775
5582,6833
1489,1555
4967,3274
872,2225
1644,7839
600,2475
1808,2517
813,887
5553,5233
2276,4298
4324,1185
10,135
3350,3321
1444,1446
407,1633
5462,1733
1390,2707
4717,2658
5184,608
109,6464
6618,7533
1467,2516
4127,4938
1236,1378
3449,3027
5187,5482
3634,6094
1374,5871
1042,1835
1062,663
2135,4604
805,644
6784,7414
2565,2974
2676,1374
1151,6226
1820,2297
1247,3106
762,1476
882,317
5802,4944
4219,3748
4169,1239
3976,4211
1583,1842
3276,4216
5531,7587
1424,1593
3453,2592
2440,7620
3345,2440
3381,6243
7047,8178
3345,5459
1528,1531
4843,5511
304,2276
4123,4179
816,1697
1000,2517
2719,2134
2518,7115
1167,826
2565,5055
3202,2700
6902,4037
1919,937
8085,4432
3039,3005
7350,7624
5697,5860
2052,1835
3106,1357
3995,3015
6758,5871
6941,6976
4948,3103
6635,6634
3055,3028
3457,5176
3458,4338
2256,2579
5998,7225
4899,6246
24,863
3883,3483
1062,2333
2109,5327
199,7442
5254,7835
6596,7094
1151,7115
4709,3106
993,1557
3488,2655
4441,6437
6486,6736
20,1402
2842,3587
5624,6044
6833,5404
4099,3455
5028,5839
1608,2580
3872,1307
7024,6774
5775,4037
8105,4037
3047,3034
5233,5288
2084,2085
7882,8033
339,643
2297,2775
1171,1186
6801,5714
1423,1573
3072,3117
2011,665
3258,15
3634,4448
7625,6634
1919,1848
6522,6770
6198,5829
2838,1633
11,1199
109,5543
1374,2001
3258,3117
3995,5780
5857,5563
1133,6833
2326,2973
1350,1858
5462,5563
4976,4587
3028,6474
6094,5121
7230,6665
2535,3443
5188,3456
306,3480
6941,7378
311,795
3682,3394
1374,1990
1034,372
2904,3117
1792,1864
1555,506
2654,3148
584,1638
9,1384
1925,762
825,5568
5787,4828
2328,4134
6946,6924
3802,3084
7086,8198
4310,5527
110,904
2702,204
3969,2535
1166,7092
1748,6442
1211,2066
6324,3614
5796,6272
1204,1222
2365,3030
3777,5239
4324,3140
3381,6501
6615,4218
2689,5092
2688,4662
6436,6803
649,643
3479,4828
1967,2595
28,302
173,4124
7564,8219
3390,2398
1278,1532
6280,7088
5591,5684
2612,2375
1701,5714
727,72
3479,2612
1132,3897
3352,465
5050,5020
31,2348
1522,1990
27,700
825,7839
5022,6938
3148,2674
5454,7908
4948,1310
1166,2828
255,2625
853,488
5273,7021
51,271
3095,2625
1247,5817
310,2643
2256,2814
691,1847
3032,1297
2257,2120
7697,7588
841,3664
988,2693
5189,5454
7580,7666
1933,1855
5382,3456
4467,4234
7052,5605
3610,2674
2510,1297
805,1201
306,993
869,1192
336,325
4587,3634
2456,4983
2693,2597
6946,7857
795,271
1583,2560
6272,6634
784,2651
2264,3942
3447,4261
68,2579
2234,2724
1316,3192
5920,7517
1794,2324
1537,2693
5531,4709
7047,8124
3032,3813
7929,6044
4534,737
3033,2593
3024,3029
1293,407
2225,1700
2688,5732
1390,2325
5612,5179
650,2625
5532,6869
4918,4037
7236,5500
2504,2544
6026,3334
3345,5037
7236,7529
766,5130
1608,2076
722,1026
3379,1571
3916,6914
5177,6576
87,36
5002,5721
1608,1471
6665,7618
3971,3192
1247,1482
94,150
3641,3238
7047,4432
2696,2651
3633,2411
1948,2004
2713,2932
319,5335
1522,3804
3469,3073
1614,2071
763,2643
789,3456
75,1077
180,1622
2473,1291
3813,4424
766,2550
1549,2667
5818,5798
1042,2643
7099,2785
1500,2625
1621,2210
5822,5596
5796,5800
1468,4808
2696,2790
5714,4715
138,228
3456,2433
110,730
197,2060
3658,3192
2237,3114
36,54
1098,7707
5714,2576
2964,2210
2516,5926
6280,5806
1142,2510
2940,2653
425,280
311,765
8,706
1717,1357
5173,3885
722,2647
1305,1637
2186,5848
2576,5245
4563,3140
6619,6123
1585,1700
1284,1966
5301,5596
6126,6441
1166,2973
1705,1419
4045,3125
3665,6946
2967,3635
19,130
3813,4534
6991,6736
2972,4173
5543,4065
3366,4448
1744,3024
650,955
2322,4349
5697,4994
5802,4764
11,1000
4076,5100
1918,1211
4310,6720
996,4574
4036,4335
5529,7443
1352,1985
192,432
68,75
6032,6634
6909,5484
4662,72
3021,7890
3055,1549
2072,2643
3691,5513
11,2055
2655,1211
3461,1548
11,6
1667,5760
4037,3717
4547,1688
2618,8294
3032,4299
3835,2456
1151,2398
6305,6553
2967,3276
1537,1969
173,2202
2546,3034
128,895
2855,5210
341,431
1615,1855
3142,7389
2411,3529
7131,967
2328,1297
203,5254
2713,2667
2326,3804
679,407
310,171
1055,4058
424,427
6804,6770
3194,3195
2972,4482
3642,7225
825,5545
600,4037
1305,2900
5739,5262
2968,3089
3969,1729
2504,2256
109,4709
7055,5800
2474,2928
2274,1267
2256,3803
136,1893
813,4181
5016,2775
1621,1353
1549,1018
1151,5437
457,1848
341,922
2233,2117
7922,7927
6702,7225
2292,1977
2740,1154
4441,7695
2174,2619
2384,4233
6537,4791
2703,2912
1521,1772
742,246
766,4938
319,857
1711,1211
5020,6327
2565,1935
2983,1493
2557,3898
5398,5714
1055,432
4824,5902
988,3473
805,813
988,7391
2851,15
5185,6491
2065,2385
1166,3635
310,1633
2365,3443
1374,4361
407,1991
6494,6305
4,10
306,2754
2883,4211
4071,5684
132,428
138,668
1001,789
4487,2354
2923,2746
5321,1648
6714,1403
3519,2328
996,722
3457,1799
7092,2851
762,697
7744,4983
457,15
6502,6914
312,1286
2145,3807
5188,7168
2693,2516
842,56
1594,1248
2791,2955
1029,1261
3839,3014
4041,3643
5079,4712
3404,2667
2118,2345
1386,1901
23,151
4663,4588
5188,7063
2134,4290
2009,1964
1297,417
1470,1836
1596,2328
6548,6442
1756,2253
4681,5055
2693,737
3634,8295
4796,737
5181,5680
1133,5179
2618,3473
3026,2307
1608,2264
5697,3459
2290,3681
5534,5775
4211,7478
4297,5415
1874,5452
5696,5254
6535,4791
8107,4432
1151,1842
2968,1357
1111,2106
5395,3103
996,4661
1135,2547
7930,5179
912,994
2667,5994
2133,2322
3455,3843
3610,3148
2932,4661
5915,7871
3006,3021
2233,1035
11,4613
1352,1396
1114,1062
2258,2246
138,252
140,39
759,5072
1166,8297
1549,2972
1055,5412
4846,4191
6241,5178
26,261
6305,5738
5140,5144
6032,7351
3452,5620
5188,4846
1319,2693
769,3371
7747,5148
171,1043
2713,2297
1319,1211
6201,2535
3635,3813
5103,7225
27,604
3449,4127
3375,2510
3366,5233
2565,56
1549,1729
1823,6715
1811,2160
2093,1608
4899,6029
1583,2225
7053,6307
20,1585
6360,7108
5802,5393
3647,3007
1614,1621
1847,959
3522,4831
650,2587
1814,2560
3447,3291
1977,1243
1133,2811
634,5922
3144,3568
2688,1549
6486,5404
4223,1157
5624,5782
1756,1658
4967,3092
3350,4706
3724,2210
2231,2332
663,1125
1521,1319
2688,6124
1549,3024
2697,2535
310,35
2660,3439
7086,7561
4273,6788
1492,2595
650,978
3381,8134
5802,4071
2988,4717
4045,3352
5176,1159
2796,3056
7598,6934
3633,1777
1872,1297
1816,8290
813,1723
6523,5697
1542,1473
3456,5204
1245,1286
7744,8178
1210,5563
6774,6243
3453,5204
13,271
3009,204
994,1039
2660,5482
3026,3847
2547,2654
3601,2276
7902,6737
5952,7632
2651,3607
2838,2660
5316,2831
255,993
2485,5506
24,2323
6766,6347
2727,3007
2688,2411
311,317
3276,3615
988,3140
649,995
4970,15
11,30
110,981
3568,4712
3787,346
684,1833
1374,7908
1097,1393
5811,2785
2508,3892
109,1982
310,723
4967,5423
2686,4621
2290,1777
1228,4299
3458,2727
5859,5246
2967,2237
1814,8219
1751,2016
3527,840
5812,5545
791,5902
7400,5806
1705,2241
1305,1814
3088,8174
1236,2338
3449,5100
762,2790
68,2612
7142,7144
996,2332
5179,6299
1733,3433
2686,2654
259,8141
1549,3803
825,2290
1885,2587
949,271
1166,6994
5784,5925
865,4276
1487,230
2237,4600
2229,2587
993,317
1166,4276
1374,3251
2485,3537
856,1305
1554,1556
80,311
1796,5871
1922,3028
5201,6980
2290,3646
2686,3319
982,794
263,5222
3498,3796
3304,2623
2332,3562
5768,4534
3314,2651
4297,7168
560,750
9,715
173,2157
4036,7400
1765,1487
4070,5732
3566,2667
3456,4929
71,706
5998,6934
4151,5055
1492,1377
5596,7052
2688,2565
2381,5743
166,3562
1772,2246
7970,6422
26,168
4765,3352
1564,1992
2690,1267
68,3454
5644,6251
4661,3635
17,108
72,3479
1734,4310
5915,1191
6016,7833
3728,737
5423,6328
5020,5312
5960,6094
7929,4037
8,806
3028,3914
1166,5083
1991,3140
3586,1026
4428,4044
4688,3843
4795,1403
6068,4781
80,664
825,7250
813,3489
5807,7440
4507,3806
6726,1493
3321,7493
7294,5148
5524,7855
72,1842
2859,3803
2323,8295
6801,8174
742,6712
1166,6979
127,6156
7481,7279
1922,2398
3555,2667
766,5144
1167,904
710,861
23,163
5176,5539
3900,5925
2135,825
1062,3404
2236,2135
5802,6606
346,2926
3394,827
6045,4310
1169,2117
2510,2754
7564,4037
3877,737
2535,2775
2967,4044
7045,6523
1814,762
173,1230
4152,3454
3614,3643
3665,5288
407,2517
1424,1428
6487,5802
1129,1585
1758,1802
4967,3664
2565,3847
6504,5479
161,299
2229,2720
310,5288
1506,1880
5172,5028
766,2307
3394,3410
7701,6320
3276,2595
2452,6784
4441,7809
946,697
5448,5449
3366,2328
5872,6665
5189,5513
7231,5028
2549,2474
3094,3099
6608,4441
36,817
6305,7073
3456,5822
2371,762
749,6498
5697,4689
2651,3576
5181,5321
4829,6788
4441,4798
5524,4983
2651,2597
1424,1595
3682,2686
5457,6096
805,994
3284,3942
6523,4536
2576,2697
2326,2727
5999,6044
1919,2385
4673,6424
432,1893
445,4547
1748,1592
1151,6414
3586,6907
941,1127
695,4480
6766,4361
1151,1521
7055,7788
312,668
457,6739
2559,2785
1621,946
635,600
2145,3024
4566,4400
3956,7063
21,613
5342,7921
6327,6832
2109,4044
5184,5947
2967,2134
946,1166
1428,1157
2547,2946
1305,2560
4416,5543
2699,3460
6,431
1202,2181
304,1123
1717,5341
3658,5148
7239,7131
6305,3803
5125,4534
5006,4124
2790,3301
663,439
5445,3381
14,567
313,857
634,5539
2700,3028
766,7965
2935,5083
6488,6770
5036,4654
3786,825
1772,2101
3381,4980
710,2381
1164,1573
259,2210
583,3897
2565,5058
2707,2625
152,665
193,1211
255,371
2369,332
2233,2251
1542,5886
5812,5200
3498,3897
1352,1420
2565,1267
1297,2145
865,4247
1429,1319
826,3473
1035,2062
4828,5465
4653,4041
5666,72
3015,2328
6596,7730
59,6166
2658,2689
784,4820
4212,5362
2411,2544
5294,3417
5913,4037
1549,1705
2328,1608
5194,4653
3352,3680
870,857
3055,2114
1037,6299
6596,5529
5179,5775
1463,4944
4948,2689
3965,2790
5022,5037
26,147
2688,3104
5960,5963
339,402
2236,2654
782,749
5624,5445
4123,2811
1032,3024
1102,2625
2701,2264
1055,1679
255,878
7744,5079
922,1661
813,4735
4212,5123
4045,3956
2871,204
2842,3192
2473,765
2704,2411
1838,1285
3350,4846
640,282
2063,1378
1919,1151
1374,2322
6907,5028
1915,5459
5802,3830
1730,2576
173,1444
1098,1973
6620,5404
280,2071
6620,5807
4717,4828
2365,3580
109,5839
7910,7912
3770,3808
4662,5947
633,282
1705,2834
6108,5753
695,2877
46,394
3381,6913
706,710
3352,5083
1583,2297
6790,2565
2120,2625
4211,4386
8060,8168
3919,4687
2298,1385
7053,8043
5172,7553
1922,2697
308,1525
759,1425
5177,5804
139,793
3092,4448
3453,4400
794,895
7045,7683
2550,1437
6900,6918
334,989
11,723
457,1953
1428,1585
4222,4578
7153,8141
312,887
3854,5430
2655,3089
7080,7882
3028,1814
3897,3568
1049,1044
6907,7879
47,6875
5423,4099
1098,1613
6229,6833
2941,3609
2371,3026
7047,6993
1991,2963
2688,2785
3461,4011
5188,6306
813,1496
5020,5285
803,659
789,1749
7882,3752
2688,3164
6913,6946
4036,5936
171,1241
766,7651
77,49
1767,1802
3390,5511
1749,2754
3906,2544
1183,1592
161,2579
1354,3136
5152,5204
6907,4944
2369,5182
5002,6784
1278,1538
4964,4604
663,3253
646,3140
3047,3068
5012,4335
4829,5002
5938,896
3639,3537
5188,5568
2665,2251
3930,4719
5800,7979
1395,2168
722,1441
600,271
6624,7378
645,271
4483,6739
15,4645
561,236
4036,2831
126,2576
5421,4777
2229,2135
432,4666
1248,1241
1386,1927
1167,1261
647,545
836,1997
6217,5273
1470,1744
6914,6123
280,1956
1097,2516
3406,4587
1081,271
2967,2328
215,1374
311,3506
749,4335
5819,4175
5531,2276
826,1600
3032,4791
4138,4231
904,2385
1374,1888
1772,2339
1184,3455
1008,4037
1792,993
2972,2144
4364,5817
4045,3433
564,761
1751,15
3457,4124
3813,2398
3982,3910
1935,1548
1879,7624
3393,5897
3976,5267
4020,2328
1286,2856
4401,5022
993,1707
24,636
35,1203
1701,2828
1608,3253
2660,762
1875,3903
1362,1701
2384,2328
3447,2364
2472,2815
3024,3650
769,5412
1922,2117
7916,7012
1211,290
2133,214
432,2819
6976,6774
3614,4824
3026,3892
1055,298
2559,2225
28,252
3765,2411
11,2182
36,7632
813,2324
7518,4037
1151,1961
7294,5246
4036,5680
4557,5182
311,647
2654,4013
6043,6560
182,1919
8085,7924
312,1556
1055,2923
1395,1705
5543,1549
4162,7912
1465,1049
3381,7108
39,319
915,1580
6483,5827
1006,1297
1492,1633
3568,3439
3026,2775
1542,1648
1549,1357
3479,5963
1006,214
7682,5148
3447,4713
6146,6571
4137,4402
1135,1164
3791,2974
3452,4938
7294,7400
5998,7510
1922,2585
5079,2433
766,6665
109,7763
2646,2830
4718,5375
1210,3586
766,3634
4041,3498
6280,4884
5179,5288
1279,710
1166,2163
4967,5739
5802,7280
1566,1908
1608,1847
826,2670
1074,6498
871,171
4976,4824
2130,290
127,737
5739,6892
36,439
3498,2456
861,2625
2696,2485
275,282
5179,7642
1055,5790
237,636
24,2587
4879,7553
3969,5412
766,2662
5896,3922
5439,3027
2713,2016
4788,4791
922,1927
4795,4666
789,5222
44,3813
996,3456
3454,4297
4353,5449
1594,1585
946,3050
1167,56
759,4777
684,756
11,1849
928,2707
2411,1992
6518,6980
696,1125
166,859
122,2700
6272,2440
5612,2535
2594,1297
6934,7214
104,282
5020,6094
6443,6832
2456,2440
4077,3034
2176,2322
5296,3089
432,1608
4899,1648
4483,4795
1814,8192
68,2912
1098,2375
1286,2657
5582,6170
36,4099
5301,6094
7047,7391
1133,4422
7047,8204
1733,3073
3453,6875
2952,2955
3854,3813
686,8290
3454,4299
5697,6156
1583,1754
3787,4962
2326,4011
3813,4088
1596,2565
4828,6218
766,4179
122,765
261,258
4070,4297
5531,3803
6618,7144
2258,2508
7280,6151
2605,1688
3084,3555
5246,5543
5814,7237
5179,8044
3629,3537
87,299
5175,4964
122,3010
1972,2693
2932,4191
5140,6505
1756,908
5188,2764
3586,6914
3394,3629
9,439
6951,6560
1549,2686
87,958
6223,6437
3252,2674
4598,5784
1756,1700
2133,1835
813,2747
1966,7961
3439,4220
557,560
457,3394
902,849
1549,3089
2972,4335
4828,5596
4486,3443
1062,3352
1042,5254
2713,2747
263,5584
1352,559
5110,3103
1098,5432
1522,3806
1868,1848
865,35
3366,1024
414,39
1381,3144
310,1603
7865,7238
2697,3192
24,5714
5819,7620
6775,5871
1042,2801
4948,7695
2093,2174
319,749
2613,3976
1670,913
637,4037
5915,7809
5008,608
2326,2595
4036,5452
5721,7115
2547,3587
2398,3555
1520,1018
643,3338
6032,7397
650,429
2359,1621
425,5384
5857,1403
3015,6869
5582,4944
5684,2258
1151,1847
5932,5121
766,2968
1506,2504
5053,5835
325,415
4947,3643
3449,5335
3334,7381
1549,1908
75,152
6305,3479
5531,6589
1644,5210
317,863
3813,5863
1555,2809
956,2341
4828,6044
8,428
2667,4600
409,402
1990,4384
6619,7108
4653,3460
5543,6953
2939,3529
241,132
1374,3005
1748,3635
87,3897
2510,2485
4041,5141
795,963
336,271
7052,7092
6993,7855
383,3480
1048,3479
1899,2066
3787,8295
1697,2072
2062,1717
6766,4401
3607,6715
6619,7101
2967,3394
3470,2667
5814,7618
686,1518
3614,5463
1419,3489
5802,5738
5189,5639
1352,1842
7279,7225
1135,1330
6620,6897
1985,1919
7047,5887
2256,2501
3630,2958
3274,2620
1133,4466
7183,6665
2011,4687
4574,4781
2145,3005
5966,8219
2565,4551
2972,6555
172,1571
5478,5650
7449,5887
11,560
6494,7047
2905,3830
2687,2708
2790,3334
4899,4482
9,658
7490,6560
810,1758
791,1053
4,152
5714,5799
2472,856
3607,6833
6100,6101
2565,2612
1838,3562
319,5273
3454,3180
5140,2440
311,946
646,1781
1918,1492
236,182
3658,2932
3543,2660
1783,1903
42,1903
1374,7301
2578,2323
1496,3830
3252,3028
5524,8128
2935,1808
8,435
1236,2981
1098,1956
2118,3351
3813,4359
4073,4181
5002,4310
2658,7961
1166,1842
4212,5311
6241,3238
1808,765
2713,2066
1667,5022
1644,2237
7733,7862
2658,1982
5952,5697
6994,6560
2317,8293
730,739
7054,7510
6280,6123
1395,7649
1210,2297
11,1811
4065,5760
6327,5479
311,1847
4712,3755
5263,4587
66,665
3455,4792
172,3307
4550,2516
2485,3393
3457,6833
3456,6595
20,723
5684,4338
3803,7101
310,674
1498,3456
78,214
2139,8290
1352,1000
6,1478
2297,6914
215,1849
5824,6323
5821,2565
7901,8042
2564,5848
1522,4424
1500,3193
4310,4709
4355,4953
2135,1729
6770,7063
722,1201
2790,1549
5184,1733
5551,5963
823,243
3028,4191
5697,5994
3453,3238
1740,1199
1074,5002
3813,2775
4111,4422
6270,1982
4456,5671
2062,2085
5185,8237
5807,7434
4355,3897
5125,5863
2700,1706
7638,6280
788,1166
4310,7012
11,1992
1814,2724
5800,7050
7236,7478
6305,7144
4319,737
47,1236
4588,4261
5922,2851
180,216
5207,4191
1748,3452
2967,1984
4672,4666
7227,7225
5816,5295
1075,1353
7236,7662
1700,3616
1210,1966
1489,1201
1922,2599
2328,2117
5800,7996
1207,1211
5028,7632
2957,1918
2473,2955
4929,5144
3175,4021
805,1385
5582,2785
708,2790
2972,5298
2254,2805
312,1649
1756,1749
2410,6151
2297,1888
3060,1919
2967,3717
1644,1859
6560,4401
4310,5592
7164,3962
556,1855
2485,4666
1489,2570
147,319
2972,6462
2314,8293
1564,2178
1470,762
3661,2210
5487,4071
3658,6790
3404,3103
986,1062
3258,2871
6624,7400
5800,8219
2171,2651
4070,5323
5103,3634
5874,5482
1462,2398
5188,4574
1594,1652
11,230
8036,7391
2256,6409
2237,4578
1151,1230
3796,4796
3000,3830
2297,3352
1991,2968
4342,4349
3999,2595
348,439
6218,3334
36,1372
457,2364
1915,6328
1350,1520
6552,7052
2667,2708
2328,2535
4045,5273
8243,6618
2576,974
47,1111
582,56
825,4103
3642,5705
8156,6618
1766,2435
2328,4043
1549,1608
122,737
6729,6665
203,2660
1319,993
5334,5301
1124,2625
3454,4037
7386,8275
4076,4212
3691,7450
1306,2707
1006,2178
4152,3660
3560,3320
1470,4297
3642,5800
2940,1919
2686,3030
1885,1097
5543,4527
1034,3680
1098,2072
36,8282
2326,2686
1042,1100
4036,1648
3454,3464
2256,2928
3661,3463
138,656
6916,1026
1006,1375
2713,4181
707,794
3449,4792
2667,5506
766,4808
546,763
2321,5375
5022,3842
26,339
2565,7860
3456,5028
6305,840
546,5298
406,178
6270,4009
4828,6930
2052,2246
1098,1542
3854,4706
23,765
5188,7795
1210,2475
5262,4828
6916,8002
2883,3408
6624,7414
11,1848
6596,8051
4310,5539
2842,8294
4828,6982
457,1987
310,733
11,3830
6,435
1075,579
6221,6306
2326,2746
5627,4777
4076,5285
2387,3958
399,715
6270,5233
3032,2516
3449,2144
1097,2972
5616,5732
3276,3026
3451,4040
7400,6417
2276,6156
5022,6151
1765,1407
5820,7809
24,2385
1031,2585
1135,1413
3304,2693
3597,3059
5827,6913
645,817
172,3140
457,4717
2822,5412
3006,856
2972,2958
737,7295
2699,1935
2010,5466
4211,2565
6624,7908
3479,3002
988,3010
1468,1471
2379,3192
3642,5790
2565,2386
1530,1859
5015,6422
3641,5506
2375,2612
151,1654
2326,2646
1151,1749
5184,5392
865,682
6220,6262
1991,2707
1614,1811
6006,7699
706,407
2560,2686
3461,4777
2093,1566
2256,6388
808,271
2186,6229
5013,4448
1166,3650
1374,5773
2209,1416
593,39
6994,7289
1608,761
1151,7835
6001,6596
4587,4483
3615,3903
1550,3650
7744,8225
3026,2328
707,803
1055,321
6781,5697
706,1297
996,1783
1261,407
55,549
634,938
5176,5994
3770,5432
3870,3888
2009,946
2003,1679
854,6496
7104,6784
2384,3435
3457,6235
2691,2576
2686,2416
4771,7277
2859,3486
784,2145
1144,941
1928,2654
3270,5254
4040,737
795,4735
7980,7860
1215,1621
6032,4361
2565,6914
762,1186
1695,1701
5176,525
6907,8134
2190,1111
707,941
5524,5802
4355,5775
3568,3010
2062,285
2093,350
2474,4510
3786,2001
4279,3192
5177,4781
1962,1966
5246,5524
5175,5650
4354,3452
941,1151
1210,2510
1615,761
6941,5819
2566,2595
2255,1492
2371,722
3018,3099
749,1239
2565,3664
6069,4875
766,2516
3020,856
3455,3460
2654,2416
6305,2785
1125,214
2871,3253
5053,7381
4377,4875
3125,2485
5824,5818
749,290
326,2160
405,271
4488,2658
3787,2369
5378,6946
3452,4349
86,2157
5423,5804
3796,4587
2376,5482
7490,8007
996,1919
7271,6784
4441,7649
457,7833
1717,3136
4071,4483
996,2708
795,723
5961,6088
1000,2830
3453,5415
3977,3720
4566,3454
3381,7144
348,817
5079,6552
1247,1385
2972,5254
3642,6021
2738,7423
2133,8290
3291,2819
2688,5784
182,2653
3452,3439
3284,4173
865,1808
2871,1679
3521,4485
176,1465
6914,7414
791,1506
304,820
7727,7910
2549,3033
4948,1799
3666,1729
4717,967
5282,4400
5531,1026
4632,2909
764,600
3641,5524
4547,2014
1592,3516
2328,6123
7056,5148
1259,791
4673,6498
2512,2517
4310,6097
2093,1992
2941,1211
5177,6221
6072,7908
5150,5743
7100,5582
1549,2277
4437,4266
1730,4384
7818,8024
7239,7561
1997,1608
4792,6869
4090,1307
1037,1633
4894,7362
5002,2511
872,1044
3660,3645
5578,2764
5818,5321
2384,5459
3028,3456
1542,5140
1132,2801
2699,3404
7972,7973
3631,2790
3020,8293
1185,8293
4792,5273
3453,5208
556,224
7365,6596
2485,1166
128,2912
1305,1321
4442,3456
1395,1357
1200,2697
759,432
5802,6327
6123,5902
122,3615
9,431
4169,6832
4162,4709
859,959
4662,7620
395,4179
6907,5812
4398,7544
501,887
954,8291
150,178
1203,1199
6906,6634
5188,6458
340,151
2972,4600
2323,4011
5391,7073
996,6437
689,1805
6143,6148
5524,3873
4792,3796
2658,1729
6561,967
2565,2433
3682,3847
4828,6613
3453,4037
1542,1492
2299,2687
6503,6554
3144,3148
6918,6780
922,1564
4127,2237
2188,5254
1549,1622
3976,4401
6483,8297
1639,3291
3028,2535
5179,3897
6714,7052
6,236
2504,5189
4056,4162
399,560
1055,1468
3796,5891
6072,7924
1211,2151
2229,2252
3453,3103
6240,3873
387,214
5445,967
1051,1416
1470,2923
5022,6897
1521,1514
5427,2925
2256,1992
6624,6299
2258,2066
922,1151
3452,4999
8092,4037
1855,1111
789,1473
6471,7040
3454,4124
2387,7143
2504,4875
1705,2707
173,298
2363,2193
4899,6458
3728,5100
2932,3615
335,56
236,1679
1487,3348
854,2570
3225,4256
7047,7994
4036,2258
4530,4780
5079,5829
2667,3586
3417,2411
1792,1805
706,1053
5188,5897
1305,2877
71,4780
2093,2547
1374,1774
2225,2951
7904,7908
1762,2160
3454,4289
467,32
4059,2775
140,348
1549,6624
371,844
312,1144
3274,4791
2618,3755
3366,4712
4967,4600
5802,7620
600,853
1460,1464
4846,4600
3614,2328
3956,4261
1225,922
4511,4212
5697,6296
3447,3274
2415,5484
2713,2535
2621,6481
5367,2822
48,421
3391,417
3375,4977
4037,6124
1985,3307
310,1261
5189,5886
1291,3887
6016,4071
2502,2770
762,7699
5423,5799
122,4266
2009,4811
2646,6599
5178,4310
3390,3537
2135,2456
308,1585
1608,2662
2229,4424
173,935
1335,1412
2744,5482
3191,4530
941,1622
3900,3903
5817,7295
308,549
6993,6624
5802,7059
1732,559
5263,4448
6097,5998
5818,5487
1500,2508
4894,3276
1352,1783
2968,465
6848,7074
1169,2625
663,978
1982,5037
5590,15
7865,5378
1742,935
587,922
546,1717
5606,5780
1000,1103
425,6613
4967,5991
3352,3276
346,1157
37,5412
2667,6094
3449,1688
1697,2790
3977,15
2790,6953
2790,4448
956,2535
6993,7649
1549,1734
122,2834
904,2253
2548,2117
2272,2625
996,1648
2958,3903
5775,6458
2256,2900
1211,2157
1506,290
6541,4507
2229,4290
6421,3919
72,322
2120,332
311,321
5255,3417
1319,1566
794,1557
3624,2595
1097,3554
5188,5626
2120,7323
1814,1261
6605,2620
556,897
2144,737
308,5288
2707,2594
1754,407
2842,8293
2703,2651
4813,4099
122,5651
2775,3443
2371,1315
7664,3238
2747,4811
3258,3005
11,791
2693,1792
1167,2770
3297,3371
2256,2647
1592,1489
789,5130
3794,5423
947,2713
1549,2385
166,1935
899,1592
1813,1688
1566,1705
5814,3089
8,657
1367,2623
2565,3297
306,1714
737,6789
556,1842
3333,1744
2790,3446
1305,2410
2289,2290
3603,3002
4813,4709
5123,7632
2872,3028
941,697
3381,4488
7239,7620
1525,1261
5802,4884
151,956
2651,2900
1733,1482
2510,2542
920,2069
3814,3615
2256,4173
1549,2375
706,626
47,127
1891,1678
5295,5210
710,2625
5524,2925
6907,5773
6442,7567
2688,5144
5233,3027
6218,5626
3461,3898
4764,6006
634,8288
6305,6532
6,406
2688,1185
1374,5288
3437,2576
695,730
87,313
3168,4254
3995,5200
996,1471
3636,3650
4709,4338
5796,1549
1537,1514
3366,4331
3092,5412
1247,2774
1129,1489
236,746
3960,5423
3010,5222
1552,1012
1441,1428
5824,6665
1166,1547
1749,3843
2256,2821
556,658
5371,5375
5534,4653
7056,7979
1521,1787
5998,6914
157,311
5802,6481
71,2210
2958,2856
5039,5073
6,1864
5118,1799
3276,3376
4804,4808
826,2237
2225,3265
1667,7795
4948,5222
1278,1297
1496,7839
6123,6568
2516,5273
2560,4233
4145,2328
5591,6414
4511,2326
1608,2356
2565,3856
2472,765
3636,5254
2369,1982
3642,4764
2688,5072
1549,465
2135,2693
4076,4233
6299,840
4899,2014
3641,6227
28,319
4036,3885
2129,3800
1190,974
3033,2958
5038,6632
1142,2576
1480,1791
3527,1297
2707,5055
1608,1987
3449,5404
742,86
7057,6918
2688,974
7057,5806
2657,3568
708,171
5524,6496
3720,2066
9,55
2323,1984
3456,2381
1293,1532
21,135
2688,4233
1985,1997
7237,8192
2688,3443
2651,2686
1820,2814
3010,2721
5445,7088
11,1151
4072,4191
4557,5445
5802,5807
3461,222
1875,56
346,4335
789,5155
5447,5623
3872,4269
1463,2963
3660,3180
4224,2790
306,1464
5529,4071
650,995
5099,15
5812,5415
6305,7553
2702,5828
3615,5210
1127,1604
2129,2625
1235,1389
2935,2517
4717,5743
3350,4044
5200,5412
310,1319
943,1029
2256,2375
310,1992
686,853
3661,3555
312,1471
3456,1982
7092,7052
1489,1857
122,2799
2226,4037
1966,1285
4532,7862
5246,8148
3541,3650
2983,5058
2237,3321
5920,5925
737,6320
6596,8083
35,1330
825,1706
766,6006
1342,1564
46,282
3724,4201
1267,1496
2765,6441
59,2371
4934,8028
998,1014
5123,3586
7131,6914
1114,922
653,656
3375,3005
3276,3435
295,56
7046,7662
3645,2958
2472,2713
3482,3772
1661,2658
2688,5404
7409,7553
4099,2160
177,6496
457,2620
9,918
8036,8163
2654,2859
974,15
5474,5539
3870,3871
2485,5543
1395,2202
5739,5543
3614,1473
3010,2565
1374,204
7564,4341
2967,3847
2316,2285
2909,8294
6479,3634
5800,6950
1496,1482
3033,2674
2290,2657
3786,2066
3396,2016
3037,3089
5185,5178
4948,2787
3614,3921
1972,3005
2651,7632
3148,1549
3459,4929
2790,465
1166,2129
5582,5479
136,1211
6552,7632
4829,5430
3449,5044
5079,7632
3098,2135
2299,5827
3815,3922
1820,204
2576,2880
6443,5254
5915,7386
1542,4781
2115,2576
3291,2619
1496,8291
1037,3459
1132,665
180,80
68,2654
4441,3752
1769,2504
1075,324
1381,2398
1385,2323
1501,1793
3352,2619
737,6032
2704,2237
2778,425
4276,2909
6486,4992
3678,2565
1202,1622
2257,2764
854,863
319,1799
2237,1291
6914,8141
6845,6832
7,93
7057,7442
1767,2963
1441,1261
911,769
231,5226
1468,2456
3453,2144
142,371
1838,4088
2264,5775
1165,2066
7080,5288
2226,6634
4065,4938
6620,5432
6619,7400
397,402
4879,7561
1542,3809
1492,4021
2677,4944
2790,3681
6618,7073
4829,4600
5810,6328
6146,6148
2560,5341
317,643
3457,3433
4598,5527
4664,4735
5543,6330
1982,1211
2371,3192
2328,3010
143,1893
2613,2237
2135,3724
3519,4263
5096,6174
1356,4373
766,7450
840,6618
3352,4290
1210,3587
1166,2819
255,405
3034,3014
3380,3769
71,5058
1285,4463
215,192
3568,3615
4748,6739
5106,2822
3352,5392
3691,6945
2174,2570
1097,1247
922,1557
766,1419
1918,2411
708,1092
826,1687
11,4531
1525,1798
5400,4600
556,722
139,322
4055,6347
173,2341
215,282
3462,4338
4764,7233
3488,3084
4967,3796
3032,4661
5273,5254
7088,7632
24,1772
2487,2240
4277,3192
3032,3352
2485,7890
6951,967
457,6890
3463,5106
1492,1489
600,1352
6866,7695
3120,2594
3095,2565
25,226
7057,5022
4632,5936
3349,1571
3593,5384
5802,6665
1583,2754
1614,1279
103,2922
2535,6832
20,477
2872,8294
1767,1706
1751,1979
4974,6665
4422,3293
1037,1167
3456,3291
1296,1035
3015,4338
5020,2354
2654,4021
3453,4485
42,286
3447,5002
1009,6665
813,2560
6126,5404
5176,5263
2972,4468
1492,1201
1503,1563
2871,4820
5589,6218
3225,3516
6006,6496
7231,7478
1267,2016
1291,1193
2972,5222
3192,3843
2109,4234
366,377
7280,4981
3910,6946
5246,7620
1098,6783
5185,4335
2118,3939
1473,4719
785,407
5263,5620
722,1250
2972,1239
2231,1608
3281,2625
695,1687
904,1842
1542,2193
2001,3554
2169,8290
5452,5037
3256,5412
5197,4964
2686,2851
1891,1633
2576,2231
6736,6347
5582,6665
2565,5100
311,447
7614,6555
3642,4247
33,140
3028,4639
328,2999
6907,6618
1922,2508
4008,2655
24,1053
6299,6832
5932,896
2440,4875
3571,7553
2120,1024
4824,5947
1319,1418
3522,2364
1570,1569
1470,1484
2381,2643
7945,8192
2369,6566
1473,3903
166,4875
971,1441
1487,1855
749,1310
2256,2650
1428,1880
3057,7649
1167,1805
2001,2071
7052,8192
3483,1990
3812,4088
3150,4098
5817,4483
4099,5827
5531,1548
2703,3265
6615,5814
2256,3243
5439,6001
3553,3587
3666,3192
4124,1549
87,6296
941,2618
8036,7238
3059,2625
5773,6913
1594,1979
4682,1310
2630,2968
346,2375
6068,5624
5188,5804
3543,2657
1769,6441
268,178
103,657
4364,4361
5185,5897
36,1357
2485,6124
2851,7871
3352,4013
4982,4654
53,3192
6241,7116
1319,1326
7405,7050
3009,5072
3439,2693
1235,1203
1972,3650
1749,3755
3252,608
1767,937
1297,2923
3348,7442
922,1186
4781,6124
3660,1307
5630,5739
2623,4138
3902,4212
1631,1633
1062,1259
4587,4261
163,1286
2416,1633
3457,1915
2258,5828
4673,6458
1013,243
1097,3155
1712,1319
5524,7073
639,86
321,934
2654,285
6619,7593
2972,4938
5800,2785
7449,7341
1572,1581
4673,5423
6119,5624
766,1393
556,611
5839,5301
1922,3483
1762,5714
2958,3439
6521,2433
2702,3796
142,271
3508,3680
5582,5545
1972,3173
766,2241
5796,5140
5028,6006
3148,2297
39,216
826,1441
4455,4529
87,8
311,1622
23,299
2565,6665
5802,7839
3009,3103
5697,6400
1055,2144
172,1633
1471,6299
54,394
2703,3030
324,135
2688,3192
4441,7277
6774,5814
5282,3089
2371,2625
1006,1953
7444,7620
2072,2625
5427,5848
6618,6955
1374,6783
2940,2273
5103,8163
3660,4110
2065,3130
20,567
1395,2251
261,607
1200,1453
5945,5947
3144,2900
998,913
6971,5199
6627,5950
791,271
2696,3144
556,697
2972,6589
2703,3021
2381,4875
2257,2397
2322,2643
3039,2625
3477,2747
2614,3847
3321,2237
1908,993
4353,2822
2689,3089
6208,6805
905,906
1284,1983
155,7116
4795,6270
173,6151
4967,7115
3932,6458
1612,4713
308,913
1496,2579
789,1658
4441,5844
4070,4299
2721,1049
4098,4485
1185,1186
634,545
2506,4289
2258,7143
5079,7047
2657,3645
336,1385
4046,3748
1538,1701
708,707
1761,1770
4588,3460
1919,2211
3454,2014
2252,2652
2694,2592
3569,4653
1241,1330
2859,2619
3498,7882
3031,3150
3661,2746
9,579
712,714
3352,5123
1336,2470
2740,2814
1608,904
1133,4531
879,4613
2507,3015
574,567
1614,2547
2658,2114
2236,1416
3498,5454
4333,4191
6736,6833
2757,2654
11,1956
5802,6967
2565,5037
2326,1140
6460,2440
1912,1908
304,763
2058,1550
2967,3173
5814,3459
173,1200
2474,4735
1972,2619
1621,1842
311,8290
4943,2851
826,3117
4829,6170
2565,4189
145,626
5697,6306
4894,6255
1151,5650
813,4256
68,2174
173,1901
1166,5132
2646,2593
1734,1453
3027,4310
856,2210
7321,2940
546,5295
4600,5445
21,356
1221,1603
3148,1166
7901,7860
3481,3807
998,1442
1919,1783
3540,2595
1492,1816
2118,4448
2476,3140
2246,5714
1428,4875
136,56
2328,2252
4036,2364
173,1542
4070,5756
5811,6901
11,779
766,3015
6946,7620
2565,7593
5783,5994
3630,3661
4353,5326
2485,5818
5028,7908
173,1353
3956,2160
3191,4191
11,3026
3991,1549
172,856
922,1014
4045,4315
2688,3309
109,3459
7052,6979
6280,7381
1441,1514
173,946
3614,2381
3890,1548
3641,4254
5487,4981
29,958
6157,15
2118,1769
4756,5457
2082,1707
1305,334
68,5445
254,1190
9,356
4967,5058
3541,4055
988,2799
1608,3338
1492,2073
4966,1865
766,7443
7055,7512
1622,2859
4441,6634
4432,8212
2740,2809
810,290
4829,3103
457,7910
4653,4191
3454,2693
6456,6930
319,5806
1622,415
649,715
6023,6462
1717,1752
2435,2231
2485,2120
37,762
5857,6901
187,2323
2156,1492
1751,2508
710,2657
2958,2134
4818,737
5166,6979
784,2617
2688,4814
722,993
1608,1835
766,3607
3032,6272
312,319
44,5254
2237,5640
4211,4385
586,667
6428,6498
2062,1378
3454,4811
3258,2660
8,255
1419,3516
7080,7529
2651,3028
5185,6777
2660,3089
10,130
5002,5800
2967,6400
254,1287
5188,2160
1043,1835
742,1385
2069,2946
6032,5806
3129,3130
5822,7690
31,517
2565,3691
5738,6875
5396,4625
3378,2384
1111,5524
4843,2237
6139,7450
3600,6946
708,407
766,4600
3813,6762
6327,6869
1555,3136
11,6496
766,3547
2964,2256
2618,2958
7768,3962
4824,6124
7057,6634
1374,4600
1151,5100
528,8287
5178,6098
5721,7119
2658,5529
2653,2016
315,2963
2411,974
2686,3769
2618,974
2326,3348
708,1031
2328,2411
1335,1127
7614,3752
764,1772
1386,960
2658,4047
1555,1718
3015,5972
954,2593
2379,2485
1496,3243
2658,4401
6555,7414
1374,5155
2715,1384
5173,3962
4792,5829
254,246
3390,2822
1670,1646
759,963
6620,7257
2832,4820
766,7813
705,1062
988,6634
4967,5524
3642,6458
1487,2475
364,214
51,609
3062,2830
6951,7819
1233,1151
1501,2225
3958,6774
2297,3150
3614,5753
5708,5524
2379,4557
1982,5288
2233,2587
2703,2576
1608,2871
4828,5439
7056,5671
5661,4530
122,2398
1496,4411
2702,2576
6618,7529
71,3681
24,5341
51,54
2550,2697
1319,1880
2381,7961
2658,8044
2398,4191
879,5295
313,8292
3159,2625
2297,3976
4065,3002
1835,959
7177,5773
1997,2117
1758,1788
7231,5800
4781,5484
3352,417
787,2651
6232,5804
6443,4099
789,1547
3454,4814
1553,1956
2976,3541
10,23
1166,2516
3172,3028
754,756
697,72
14,2384
722,1277
1374,3843
1522,3473
2660,5790
3366,6421
72,325
311,1774
2297,2727
371,1487
6714,7646
3969,7620
7080,5002
2657,2252
6619,6243
3455,4661
3291,2240
1202,1580
89,1026
3786,3541
2565,4088
3075,1754
2972,6860
5630,5760
3969,4480
5339,4191
737,7449
2651,4162
2411,4218
6772,6914
2688,4179
2688,3351
1496,2708
1284,1151
1062,3529
555,893
306,2240
1549,1360
425,5835
2209,3587
2256,3301
769,1222
6619,2851
1615,56
457,3463
4511,4735
3417,5026
5543,5233
6,339
2072,332
3024,2653
2660,6594
1823,1444
7598,7924
852,1471
1991,1049
2691,2625
339,35
1847,2625
4653,5637
961,966
265,737
2474,1808
6272,7478
29,857
7409,7052
1608,3887
407,2617
1063,1167
2912,4233
600,1977
3614,5596
3682,3942
121,477
4441,3956
7679,8235
2667,6422
996,1250
2653,2727
2323,3946
5802,7214
3402,5033
4044,3321
1667,5020
103,5503
789,1151
35,33
825,3117
5697,5872
1748,8249
1151,56
122,403
3645,978
3457,1729
4828,1549
5185,2433
1424,1919
2135,2775
8063,8192
2842,3009
2371,2470
4981,3586
820,1186
3404,2276
1374,5947
7047,5738
5454,4361
5184,4600
3453,5055
2169,2120
231,28
854,1596
2967,974
1615,1689
1236,3615
3854,2398
708,958
2565,6032
695,3352
946,2341
2145,5902
5391,5189
5800,5179
2866,2877
3449,5743
737,5800
6200,6246
4045,3498
2713,3800
3545,2660
970,338
7013,6774
1549,5482
789,5511
256,1701
556,1473
1615,1103
173,5484
2274,1835
1236,1603
5445,7277
737,7574
892,893
2967,4263
6538,8148
1041,4127
2410,3586
4045,3140
7049,7855
710,1062
2379,2958
2972,222
3276,4138
21,1476
7052,6151
3615,4055
6097,3498
3679,2657
7796,7795
2686,2585
6994,6784
86,271
1248,3562
1986,993
5202,3460
759,1080
2326,2667
1980,2922
4353,4037
1820,2426
5028,3238
4072,346
5181,4335
4527,6755
3098,2625
173,971
2617,15
3691,2658
311,1585
1608,2290
2775,5412
5531,6246
6217,4709
4948,6914
1151,2097
1992,937
1024,1026
4824,4653
41,922
4036,2696
5,168
5859,8044
1808,3516
315,863
2674,3320
4213,4365
4748,6334
2384,4797
6560,7414
2653,4299
4222,2354
2655,4201
11,2206
838,881
6186,15
24,1966
5811,5210
2565,7634
7055,6907
2274,2580
5824,5295
2118,2696
3969,3125
3787,4820
2871,2256
87,7662
1319,1969
3258,2145
5908,5812
6772,5199
789,2364
4893,3433
2258,2727
5582,4536
2507,2928
6971,3459
2565,1166
127,2685
707,1842
1608,2697
5233,2940
2842,3258
6789,4361
25,192
1667,6164
7649,5529
1247,5321
653,958
4632,6599
1542,6096
6998,6774
5773,7101
4045,5773
1319,1166
5119,5463
3274,5421
2700,1679
4138,2612
1395,2097
2258,3480
5254,5807
4159,2653
28,1160
6068,4037
26,584
4175,15
2651,4778
25,28
825,3946
2612,737
4441,6523
766,3460
1466,2073
6325,6595
6772,7662
5468,4191
3317,2651
6789,6832
47,560
2713,2474
47,2777
122,4578
3586,6930
1770,1771
4688,4953
426,236
2658,6151
4483,5055
489,75
2251,2972
3449,5061
5188,1733
4598,6523
2693,3910
6320,7809
3922,5412
4076,4103
2576,2693
3381,6123
6064,6780
789,1241
766,2338
4828,6901
6614,6305
306,5457
4056,4463
2474,1754
3813,5721
5932,5487
2940,1157
2240,4536
1795,3843
1522,4256
4044,3454
7052,4361
1062,2579
3291,6148
974,2871
2790,5130
2667,6096
346,2859
5871,5527
180,2325
2003,3352
4150,3352
20,5327
2972,3898
7393,7553
4347,7952
1608,1730
1717,1918
7236,1026
2698,3030
50,261
1496,1610
7747,7277
2139,2151
1202,1919
1891,5083
2256,2774
2713,4289
23,302
1137,1908
2440,3321
4073,72
11,908
4298,3643
3568,4662
2692,3408
5079,5871
3631,2145
826,3029
2237,4485
5193,5539
1594,579
7052,7620
854,2565
72,8128
2623,4777
23,586
4712,6498
3366,5311
764,2504
2560,7795
312,1672
7682,8038
5823,6432
3453,3443
1701,3089
6524,7992
4433,3125
695,3443
1972,2323
282,762
766,2174
865,1563
2135,3887
6443,8141
166,3005
5806,6296
1915,6161
2619,6914
5553,6004
74,1297
5089,6328
5317,1548
704,1966
4136,4013
1395,840
5243,3027
2746,2585
5181,5693
766,1717
1190,1496
3350,3260
11,3650
1352,1103
6229,7092
2547,2674
1133,4648
426,192
1594,1211
2620,2294
1465,1357
1583,2794
5193,6505
9,339
59,937
4564,3276
1381,1610
1729,1754
3917,4201
2485,2713
6305,7491
1571,1585
3444,2576
5775,7378
3646,2981
4673,3291
7578,1026
1729,2264
1114,1193
1470,5626
722,2794
2379,4269
1097,1080
2156,2484
3691,1799
339,885
5940,4175
47,789
20,658
2133,2425
1601,1603
2688,465
805,1413
730,989
1549,2178
3813,4323
5176,4666
2565,3516
6082,6833
5462,2831
5582,6432
172,3812
6577,6897
6784,7279
2688,2775
7086,5839
6774,5871
2091,2210
5028,5605
312,706
3642,5482
1489,1297
2237,2746
4310,6296
1549,935
3463,3140
2667,5630
2326,974
127,1744
3452,3854
2654,1549
922,691
4276,3456
3615,8294
6649,6930
1279,2345
1055,2963
75,154
4310,5308
2647,1521
6081,5543
4187,4037
3297,7092
4967,1972
4342,4037
2476,2830
1098,2697
346,4266
859,2397
1174,1186
4441,3002
4948,4980
2472,2828
7449,7450
407,2128
1305,2323
956,271
2693,1549
40,243
4073,4323
87,4332
2410,1700
275,1992
3642,5745
3454,3433
3983,5452
6751,1493
2120,2128
6443,5932
2924,2928
128,28
1374,5933
5140,6554
1374,3726
5155,5239
345,600
2290,2411
86,937
1717,2674
1990,1385
1210,1352
1374,4098
4967,6106
5655,5709
2651,4999
3454,2210
826,2623
6596,7795
2707,1919
948,2137
3056,2416
4879,4219
1730,2246
6615,6560
4712,5743
865,2542
766,1774
2713,3720
5184,3456
788,5415
1135,171
2237,4266
1809,1859
2967,3458
7835,4435
4774,4040
1885,3453
3449,3417
2871,3970
3528,2257
5185,4483
11,2178
3478,6227
3027,6441
2371,1166
5079,6221
5697,6774
1424,907
5949,5582
2062,2128
2398,72
1133,4355
122,3144
4967,4041
2564,3537
766,4124
2435,2625
2328,1521
1808,2106
90,243
4967,2440
4040,3615
3787,6255
71,4037
1467,5204
122,5509
4813,4687
3995,4310
11,3568
3456,2240
6772,6417
313,1597
2859,3946
2790,3348
5531,4632
5485,5484
2565,2364
1715,1718
3770,3180
615,668
2704,2724
5176,5072
5819,3830
954,1718
7906,8224
5550,5998
4967,2764
766,722
546,2440
3514,3516
956,1190
2411,1571
2918,2922
3498,5022
5802,3614
5017,5020
5596,6725
3787,4811
2237,2747
3009,4578
1644,15
255,667
2940,2114
6,298
143,710
759,4338
72,820
766,4814
1357,2674
2256,968
1305,1100
7747,6993
1374,3871
4712,5288
1489,1662
4948,5210
2592,4625
3470,3473
1470,3897
5238,5239
5606,5459
816,1218
2697,1549
2565,2371
5022,3830
2688,6632
1098,1026
2264,4261
3456,3748
763,5412
3723,7587
1482,1697
707,1718
4308,4191
4828,7074
1166,3486
803,806
3404,5891
2276,15
5102,5922
24,763
5972,5263
1395,1613
36,5697
1374,6299
2832,2932
3902,4466
5531,4713
1608,2685
306,4299
6615,3726
2297,3192
4116,2398
7052,5465
8222,8249
3796,5026
395,2851
1137,1919
2618,2973
1922,2547
4077,2517
2700,3084
182,667
59,1484
3796,4297
5696,5437
5873,5886
1500,4735
457,1798
5404,5072
2651,1453
2688,2116
978,1718
7043,7763
3034,3724
633,600
1137,4712
72,341
71,963
4563,3554
994,762
5166,7063
1555,204
1133,4527
2156,946
3454,4938
2240,3962
7052,7871
6072,7946
1612,7277
907,704
5189,6555
3454,4412
171,1186
2229,350
2972,6596
4046,5233
1608,2972
1972,2290
3814,2252
1291,3014
2842,1744
8245,7050
3571,3897
2702,4547
6938,8019
3724,3483
6043,8174
2651,4263
2328,1547
6877,5818
3463,4662
29,929
2328,3258
2842,3429
854,2490
340,963
6624,7649
2565,4536
789,947
3276,2746
6346,4604
2747,4233
4681,4037
795,1603
1471,1211
2564,6328
3813,4536
2072,1956
1133,1791
600,86
193,402
5524,5543
311,506
6907,7813
3482,2654
2871,3562
978,1484
127,2977
2599,2117
1166,1378
3028,4779
6841,5596
6220,5335
1151,2456
1896,2650
426,433
3673,5204
2535,2160
1151,2257
109,6715
3787,5321
145,391
1734,1918
1062,1193
7171,7662
928,2501
1353,1997
2371,2426
2256,2707
6295,6296
4297,4528
5998,3634
1006,1613
26,152
2686,2016
6305,6311
3394,4256
6802,6755
28,325
2565,1723
204,3516
1847,2510
26,130
2744,4175
2925,2625
310,1979
8051,8237
3462,3958
4967,5837
2297,3020
948,1534
4925,6714
1700,4453
1098,2435
3806,3643
4720,2790
2118,2071
1166,3631
1549,2542
1353,2398
5172,3274
1585,1384
2440,896
4632,7618
2473,2116
47,356
3483,2654
1377,1774
1286,5459
564,730
1542,5002
4726,2369
5773,5295
6902,5773
5981,4099
5582,3015
3459,3643
6272,5254
2559,2617
826,1490
1144,1218
904,1490
853,1726
4138,5509
3315,4587
2665,3351
2145,2912
315,1888
3522,5254
933,1855
143,817
7225,5819
456,3755
7092,7890
844,1053
3144,1633
6305,1972
3591,3454
4967,3002
6123,6832
2871,737
546,2210
2326,1100
122,1166
4989,4298
2562,5254
2226,5800
2120,2834
4044,4993
1127,1384
4224,4040
2542,4247
2619,1416
2144,4218
1667,3014
4767,7092
4353,5387
1552,4846
3086,3607
3813,2289
5796,7092
5708,3191
3642,3586
1041,2790
3483,3276
5802,6934
125,959
960,3769
5655,7373
937,1413
3642,5663
3088,2508
2542,4735
2033,2542
3956,3024
1097,2381
3614,4055
1000,317
1253,861
2693,5936
695,1580
1482,1547
6241,5465
6993,5806
5002,5254
1550,4021
315,1413
457,1752
2680,5454
710,1514
3394,4385
1384,3755
3095,3307
180,1222
5140,4604
4355,5415
2651,1744
2655,5423
2145,4687
1496,1908
1285,2398
3835,5430
1133,989
553,2654
4532,7921
6064,3919
4070,4536
4994,2589
3108,2016
4948,4964
2557,2781
2688,1688
2594,3439
4981,2909
3456,5605
3976,5306
11,3812
2749,1637
1549,1211
2967,4201
879,3026
2212,1985
3455,1310
766,908
1259,943
313,2790
1305,1419
2565,1729
7443,6414
4045,5739
6241,6505
182,2777
2565,2174
1080,1836
6714,5233
5589,3897
546,2859
1305,1918
5961,5626
2557,2871
3456,6437
6126,6437
1496,2506
3470,2654
5800,4764
87,2565
86,696
308,2535
1311,644
4013,2066
2838,1419
5820,3897
7511,7707
7537,7378
2972,2932
1838,3258
2116,2256
1608,3371
2674,825
46,1565
5321,4335
4753,3748
6170,6552
688,3720
7106,2851
4074,4402
4967,896
4219,3002
5800,6918
122,2768
6525,4536
6907,7373
5529,7214
18,55
4297,4717
6620,6901
3180,2290
3691,6665
1210,1407
2713,2974
1133,4562
6450,6458
4295,5100
1808,4124
20,1919
1549,2599
6044,4310
722,2097
1555,579
1767,2686
2109,3443
4966,5072
5818,6599
346,3520
975,1997
600,228
1922,3251
4633,3748
2565,7882
2700,2210
7906,4037
1701,1700
7117,7143
2322,1992
5184,3910
7614,7620
36,5605
4688,3854
6034,4041
7134,4037
3658,2693
2365,4530
7756,7005
6241,5002
4576,4448
4441,4011
3031,2371
8271,7833
3290,2831
2707,1633
7183,7225
3103,3104
1615,935
304,1140
5321,5624
582,4661
3839,2923
2651,2240
5180,4527
1196,1864
3032,6833
706,1123
308,999
236,622
4622,3443
1097,856
2688,2289
325,282
5697,7620
3454,762
1924,15
5263,5994
6359,5822
3258,1297
2237,4234
1305,3800
3728,4110
2713,3568
5532,6156
139,246
4240,4247
2264,2856
5022,6388
335,1026
1279,1185
1496,2324
841,2102
1164,1707
2565,1100
2290,3548
3216,2237
2565,5509
4665,3460
3976,6164
7726,7961
1137,2825
766,3720
1997,2168
2369,5231
156,259
4136,4233
2038,2350
3691,4037
407,4846
5189,6784
1701,6770
2131,993
5703,5454
75,32
17,273
4441,5100
1247,2625
2660,3473
1772,1550
312,1969
1374,2763
237,2470
2560,1571
1247,4780
2576,2324
336,439
3724,3926
5814,4310
6907,6442
4363,2516
2387,4712
1241,1286
5524,2273
6305,1493
1566,2593
1428,1297
3456,4263
5176,2576
988,1049
36,4781
988,3680
1748,1549
5179,2925
3787,5760
11,1717
2653,2747
5655,6790
2236,2708
7980,6759
4586,4778
3366,3027
643,750
2704,3235
3394,2576
5524,4134
29,428
6305,3919
546,5254
3976,4584
5079,7810
2550,8291
2733,3755
788,1012
2174,2838
6229,5714
1137,3615
1352,1284
7054,7699
634,2618
1835,2660
3641,3084
4828,8249
813,1990
6766,7512
6613,6948
11,1524
5604,5623
203,407
237,7414
5012,2764
5404,5189
899,2814
4712,7237
1552,2617
2237,3021
5827,7143
68,2102
3343,3541
5796,3643
2700,3260
816,15
4936,4335
4829,2909
5812,3459
1166,7620
2688,1437
5320,5387
6327,6432
766,3897
2700,3800
691,1236
6620,7185
2290,3007
3449,4485
4718,5449
5714,6124
789,2350
2612,3458
3812,3320
3276,3439
335,4814
2411,3253
5775,7862
4269,4335
2172,1956
826,3489
1221,2922
5316,4715
1808,1514
7588,8141
1919,1613
3057,1357
166,838
4717,7131
1602,1603
1200,1754
2118,764
327,80
171,1476
1869,2062
3258,4013
68,5463
1166,7052
3786,5020
5616,6560
7047,8042
1505,1717
7663,3238
383,2535
2485,5100
3481,3867
6359,4715
5177,5697
3366,5817
789,5072
6,396
1701,3516
4843,5828
993,3136
949,1407
28,250
3381,6783
3394,2687
5485,5539
3928,2508
3449,5423
822,3748
3458,3892
3321,4964
2688,5624
2418,332
5473,5155
6299,5524
171,904
826,2348
2398,3130
7907,8083
7493,5421
3453,4488
5802,5822
1896,3021
4383,4401
6555,6523
1200,4796
2832,4463
3597,3404
29,7295
7231,4981
3040,3021
1522,2510
988,2257
4574,4037
2667,2914
4409,4175
4044,4666
2299,2398
5800,6032
6624,3310
3352,2297
2474,290
280,308
2118,2456
4624,3443
457,826
1473,2828
4967,5083
3614,2516
2651,4797
4795,4037
11,1326
2967,3562
6443,5697
5697,5605
308,321
157,182
1980,3557
4989,6262
20,564
215,1492
173,1032
1367,2542
637,1014
993,56
2872,2877
304,1534
1202,1492
3731,3557
68,95
2504,2619
1875,2565
8097,7620
2135,2763
5029,5430
7048,7059
2328,1211
3786,4037
6596,8192
1772,959
1133,4266
1737,3376
4353,7910
3362,3348
1521,1492
722,3068
5262,6570
689,1413
4943,3726
7237,7050
2747,2411
4536,5045
5002,5806
3291,3352
3057,4709
3461,3835
2229,3645
2651,3681
2940,3404
4045,6229
14,324
4967,5792
580,2258
1236,1428
4437,3557
895,86
1729,1893
6712,5671
4364,5392
7099,5582
3148,3489
113,5721
4144,3498
3366,4335
1166,4011
2093,2095
3964,3260
1281,1031
2230,1808
1615,1248
996,2339
5822,3962
1074,6592
326,616
406,5822
1135,960
844,1007
3642,7052
87,1965
6692,7927
1820,2102
5531,4310
2258,6414
2978,2237
273,348
5118,2386
3455,5083
3375,2544
187,1573
1608,15
2790,5423
1814,1754
825,3976
3258,3568
546,4191
3378,2398
861,1859
457,6869
2967,2693
1919,2400
3540,4349
1055,4037
2688,3393
1374,8121
8152,6618
8,236
407,2625
6615,4488
928,1687
3641,3404
3192,3026
3614,4110
2676,2618
449,2209
11,322
2747,3026
1717,762
28,154
47,317
826,1537
3843,3847
2688,4500
7808,6634
4138,3568
3924,2210
2231,2643
3631,4231
1583,2550
312,1141
5818,3015
4099,1984
2576,7620
1003,1230
988,2485
3458,4041
3441,2576
1305,4529
1202,1752
2001,3976
6327,7101
7865,7961
789,1506
3458,3498
2871,3020
3006,2707
280,966
5102,5106
340,1428
5446,8174
6766,7695
3819,2958
6993,7882
4099,825
3454,4384
6538,4791
2542,4138
2156,2294
1500,2174
795,1718
1552,1284
3175,3903
1732,2594
31,230
6350,2774
3614,4233
406,310
1443,1446
6596,7651
4364,5335
138,868
7047,5671
1305,3258
664,1864
2842,3010
3522,4620
1133,5863
766,6699
3641,3537
712,1253
458,192
663,407
5079,1352
3798,465
4967,6218
4661,7882
1500,4299
3902,3014
2647,2416
3028,2657
947,5412
1151,7813
1972,2398
697,8044
103,719
4046,6736
1504,1633
3715,3010
6327,5818
4310,6613
600,932
4967,5140
173,733
7865,8042
2677,6946
4335,8297
1055,2775
3445,6784
5824,5830
7877,7233
2384,2416
2293,1888
2972,4797
4211,7237
2485,1315
3233,8293
1795,1571
626,439
1211,3720
6946,7994
2384,6624
916,1569
5811,6953
4574,6709
974,1385
2842,3720
4276,4964
2654,3670
6596,7280
6146,5545
4693,5162
3095,856
2565,3541
4670,4666
5776,5872
1428,290
2209,1633
789,2193
6951,8249
3443,3720
5457,5301
1608,1700
546,6553
1133,5204
2093,1250
5811,6523
28,402
5714,896
2690,2708
844,1723
3767,2210
68,3351
1230,1297
68,6156
2410,5743
2485,2145
1166,633
3439,2819
7449,8042
615,677
132,3769
1037,1982
7270,5210
2230,2484
3449,3433
1767,1534
24,6441
2225,2625
5484,5020
4795,5891
6,609
5427,4828
5814,8002
722,1167
4261,3537
3453,5506
6714,7373
7390,6555
98,966
2909,5470
4212,3808
142,370
2653,3114
4441,2517
5179,4310
3352,4051
1951,2128
2435,2340
6993,4875
6946,7440
1055,1360
1167,3541
5655,6156
138,817
5457,5263
4818,4044
6072,8224
4219,4811
339,1855
3528,3276
2226,1374
2940,417
971,904
3274,7277
1352,1628
3541,4417
3798,2328
3976,4191
6247,5178
86,282
6241,6715
2326,4373
2940,3307
5445,7059
11,1164
789,299
769,350
4489,762
3258,2565
2822,3847
3586,7168
5543,5524
5553,5096
1991,1956
2559,1961
2859,3645
35,803
6596,5002
3749,2871
5022,6246
215,1482
6736,4488
4110,7803
4297,5412
3144,2713
1542,6570
2576,8295
5587,5588
2713,4043
4221,6001
2753,2754
5783,15
1428,1774
7405,7624
4967,4604
1386,1717
11,1241
706,1585
3642,5527
1179,4463
5524,3310
5173,4247
4686,3691
6097,5806
789,1549
3917,4999
4824,4335
5697,6417
3586,7237
2859,3748
1319,2240
6245,5487
2940,2851
1160,1022
4966,5144
1133,6226
691,1203
3392,3800
4310,7115
1262,1444
11,3645
1013,3164
2371,7561
4592,4037
2326,1990
7357,5233
7053,7047
18,192
68,2237
2972,4528
2667,5527
6596,1982
736,549
2398,2516
130,895
1215,2736
1063,3089
4981,7341
3392,1633
376,1802
7047,6555
5446,5465
1985,2623
2909,2651
4,30
2485,2647
2674,3026
1098,5760
1166,4828
147,2955
4063,5262
763,5620
173,1732
2009,2651
4045,6774
4070,5321
4536,3393
1808,2708
1350,1802
2697,3650
6772,6803
140,349
1583,762
621,175
4632,4846
6176,3498
4483,2276
4966,5162
1201,1487
5188,6501
1133,4254
1875,3130
2605,6006
3642,4361
5529,6044
2133,1717
5189,5819
3378,3352
2702,5863
109,95
2009,1717
904,2348
2097,1012
2488,1633
1084,626
403,2053
1608,1927
5226,5123
5800,1191
127,893
335,1385
3568,2958
432,837
2967,4666
12,286
852,2653
158,28
2693,2510
2072,2479
6006,7510
1133,3014
6907,6665
10,778
140,144
5714,6156
933,1514
3056,3002
2958,2594
5806,3885
2981,5430
4974,5638
306,1492
1555,1802
7052,7587
3381,7624
2369,7620
3854,4530
3352,4266
1492,2713
5562,4530
5655,7534
3603,3803
90,214
5524,6576
1350,2285
2240,2071
3378,3417
1487,3307
2417,332
3256,4953
1749,2490
312,677
1357,1476
6991,2565
3948,8294
151,1128
3479,3417
1207,1489
2698,2799
4441,4574
4824,5321
1667,5465
1772,2264
784,1652
3447,4298
922,946
5526,4191
6006,4748
1549,4338
5020,1549
3647,3650
784,3014
600,2595
4814,1360
2972,2565
310,756
922,1842
1211,1435
6766,7763
1428,2593
6714,6789
3682,3898
1549,4400
722,2721
3948,2134
24,3854
4142,3309
4948,4940
28,1014
7614,5839
2356,3903
3350,4587
4447,2456
310,1476
41,402
1549,4587
825,2917
17,658
813,1444
634,958
842,4110
3449,4044
3641,2144
2065,3291
710,1193
2688,5182
2547,1437
6299,6739
2645,4218
2565,7763
2585,3873
4338,8295
1549,1565
6220,5012
5123,5760
1004,6334
5829,5123
643,6305
1922,3029
5187,5457
7882,6414
3786,8134
1549,3084
3457,2144
47,1453
2560,7699
5312,5305
1451,1618
6867,5543
6,897
7057,5002
6494,6860
2875,2625
6772,5432
996,259
5155,5311
4536,4986
1922,1888
6907,7214
1157,1156
2357,8290
5190,5506
336,15
879,2257
3258,4510
1184,2157
5802,7662
2595,7478
1837,2654
1133,5121
1772,1811
3378,2456
1151,5822
5181,5844
5811,6930
312,746
3304,3114
113,3144
3748,4261
4718,5459
5617,5772
2700,2859
457,2350
6928,5563
3631,3456
6518,4748
7677,7238
2258,7810
975,2071
2237,4335
53,5079
2381,1680
3477,3681
406,3631
3451,4822
2565,4944
3586,4632
986,334
546,2877
6327,7295
840,7063
3276,2625
4099,5871
1098,1549
1549,2560
8152,7924
2565,4024
308,948
2651,3800
4065,3015
2473,2697
1075,2595
1807,3796
1521,8291
2323,2794
4536,1733
2688,3854
1395,1618
2535,3643
3006,3020
5020,6251
2256,2877
2381,2252
1922,2625
5822,7912
5814,7874
2003,5605
6914,4361
1608,332
580,7144
4364,4037
2923,3516
2654,2625
6913,7214
2488,2912
587,972
80,643
3586,6407
1922,2145
68,2774
759,626
7055,7237
1585,1284
3798,3117
24,1927
4662,5897
1133,3631
265,447
634,935
6072,8122
7474,7478
6913,5484
6123,3334
4588,4072
4718,3460
2707,2662
5181,6437
4297,5839
5802,7979
6993,6151
457,6302
4310,3084
5342,7021
1098,6739
4044,3976
2576,4613
312,881
310,2121
3562,2585
73,378
2118,2579
5600,3897
335,4820
5802,7890
182,644
4192,6873
5111,2381
993,1026
5531,6913
4212,3439
5773,2565
2707,5459
1823,7116
658,1186
2233,2332
1350,1506
5103,7073
2560,1024
1055,214
11,1384
5123,7726
1368,2397
87,5697
3449,5301
3439,2667
1585,1811
122,5155
769,1592
56,1211
3062,2856
2369,7131
3976,4558
4044,4677
1661,4687
5773,6855
7685,7391
2765,5452
1352,1774
1947,3892
6207,2535
2688,2585
2497,3547
4899,5449
3028,3898
6976,7143
7231,7890
2700,3404
5176,2516
5125,5130
1962,1550
3326,2958
1589,1600
68,6097
6459,6458
2504,2940
2120,2667
1705,2902
2034,665
2375,1653
816,1497
3456,2440
1051,1662
3055,2667
4329,4666
2967,3660
3498,4448
4964,2398
3276,3338
1166,1230
5932,4875
8107,6634
2746,2814
6907,3969
2687,2662
2711,3549
838,1746
3057,2747
6133,5545
3764,6953
4981,3962
6305,6523
988,3670
2547,3150
922,1633
6272,3334
1352,1534
24,960
1278,1193
1585,1661
2557,2763
1202,587
6570,7795
2744,2416
5543,5096
1215,1035
215,985
633,893
5655,5806
3779,3480
6913,7119
7404,6123
4044,4639
1305,3243
3180,2542
319,4040
722,5326
3084,3117
1705,2322
6458,6613
4393,4402
6714,7131
3658,5509
1496,1842
2747,4247
988,3056
315,673
2967,4735
2176,2237
663,936
1024,3433
1133,3458
2009,3173
3451,4331
1772,764
645,407
1462,5994
308,1026
4442,4706
4688,2787
3350,5189
1783,2474
180,299
336,28
3731,3807
1697,1842
946,2328
4151,4400
6347,7862
4415,4417
2790,4578
2118,1847
1166,2323
457,5844
5123,2276
5179,5637
988,3404
5079,7238
3320,6714
2686,6414
546,1734
7129,5500
1992,2665
5301,5827
5454,6832
2258,7422
1167,1482
236,178
368,370
2677,6123
5531,6330
3383,2653
2541,3050
695,86
1542,5524
87,5804
2120,2242
1278,1413
1923,1111
375,377
2272,2576
7727,6032
1549,5714
4854,2237
825,5020
2172,2777
1470,1585
698,2653
2514,2517
1357,1279
600,746
6323,2851
3406,3541
5524,7910
5179,6765
6993,5839
1167,1920
2790,2209
2667,5439
5802,7144
42,2504
457,5693
5814,7860
2668,2669
2547,4453
6146,6006
766,4578
2557,1310
2871,3291
707,1521
3666,5233
1717,1956
3452,2787
2904,2999
6270,6869
5824,6299
2595,2560
2790,2646
5935,4310
5190,5640
2699,4266
2968,4234
2379,4552
1592,2625
844,1726
4138,1990
1614,2410
11,836
2299,2809
5773,6955
7682,7928
1608,1243
1661,415
4065,5998
553,600
1166,1783
1549,2700
5022,6501
38,280
3453,72
697,3631
7045,7882
982,2651
3453,5144
1023,1167
3306,1297
171,853
24,3607
2747,2625
1522,3800
6608,4709
11,1964
1221,1439
5857,5584
1166,1888
1233,1441
1462,4233
78,857
3453,5886
1608,1250
173,1649
445,524
1166,5806
58,167
1350,1969
3381,7237
789,5506
14,394
1184,214
2014,3452
501,749
1767,4191
1167,1497
5166,5806
445,271
2940,2565
2613,3807
3969,6715
6760,3830
6327,6270
2387,2354
3525,3404
4718,4964
1462,1717
2960,2963
1549,2507
1585,2542
2237,3284
2872,4162
766,3104
1151,6156
4082,1385
1808,5459
36,394
3641,2507
1489,1596
6624,7927
6127,6094
4967,6246
6563,6934
1756,1353
5524,6414
1133,5182
2585,3645
5696,4980
3454,4212
1278,1439
3766,2790
2542,2834
168,742
2667,5233
5185,6946
1661,4191
1166,2376
20,2285
766,3804
3454,2456
8,299
1127,1297
1754,3371
1125,608
649,719
5871,6272
2102,778
4353,5392
1748,3310
1221,1927
2299,2651
6772,7862
844,1218
6895,7809
1808,2604
1522,2062
3028,3089
1305,3089
2647,2264
1357,3265
1552,1482
6443,6151
5582,6913
1098,5772
2541,3082
3458,1473
5188,5592
823,3465
6217,5210
3453,4980
5543,5061
4967,6661
5102,5188
339,377
1202,2066
1608,1714
4255,4962
173,1196
2257,3796
904,1847
113,428
7873,7979
7237,8051
31,28
187,8291
2356,4043
2504,2660
4077,3454
6443,7924
5812,6330
11,857
1210,2168
2713,3028
1125,171
3456,2456
7132,7666
2062,2206
5404,4875
6555,7092
5079,6560
8,675
4441,5378
3439,2620
140,56
187,394
1096,1080
4725,5130
3009,2323
1585,2385
171,1389
665,2470
3352,4043
7057,5529
759,1375
3457,7442
4483,5620
5485,4310
4151,5799
836,2625
5802,4632
24,150
3812,3014
27,631
1711,3136
1029,271
2760,5002
3973,3562
1608,2135
4338,3607
5969,7649
1542,873
7117,4632
896,1125
4967,2433
306,6029
4465,4422
5173,5640
215,1297
4098,3568
5524,6934
4448,4529
24,6272
2790,4558
2135,4448
5176,3393
7588,5079
1200,2120
2658,4529
1062,647
6490,6496
269,704
2237,2328
1952,1482
226,977
784,4263
29,130
1441,1031
3787,3007
2848,1723
710,1969
457,1648
3057,3352
383,4110
4152,2646
1319,2119
736,857
6327,8297
1395,1847
6179,5584
978,1425
3168,4021
1041,1758
2257,3892
2565,4884
742,704
3472,4534
1838,761
5423,4798
3191,2831
20,132
7682,4507
2618,1267
325,739
110,863
4353,4338
3956,3439
3439,2585
6043,6148
3451,3454
5524,7618
941,1279
2842,2066
311,1608
2062,1848
5079,6566
4828,6023
339,725
5524,5199
5817,4632
122,3148
588,1547
5020,4335
2940,7389
1151,2095
109,6344
2832,4373
5,33
3918,8294
2760,5850
3523,3520
2129,4735
87,55
310,794
2855,6979
171,1382
2133,332
789,5936
432,978
2565,7116
2379,2516
2326,2612
2566,4138
5814,3897
813,2470
5804,7115
2832,4814
1972,3180
215,2499
5543,6869
1814,6004
659,35
1305,2251
7120,7699
3930,15
319,798
4686,2354
2223,8294
826,575
2967,2981
3919,2585
4524,6000
3787,3334
1319,1200
5697,3919
86,1014
904,1375
1847,2790
1286,3352
1922,1754
1133,5630
1919,407
2565,3018
1814,2979
6123,7632
3291,2900
2135,2251
1530,8141
2688,5950
1888,2781
3032,4981
5857,7561
3659,3568
6241,7059
707,1261
2289,1977
1835,1407
1428,1757
6348,2774
3449,2398
3394,3180
5254,7144
2332,2708
2326,4173
784,2053
1135,3034
5802,7119
2186,5404
2371,2973
3296,3307
1098,6299
766,600
1133,3460
5691,5123
3965,3073
5655,7243
36,1166
6772,6806
663,36
404,1744
5189,5506
7049,6980
2297,3946
317,844
3568,3635
7874,7927
3854,4578
3142,8219
2133,1521
3188,3555
7269,6784
3199,2856
1357,579
3965,5321
5342,5176
2859,4831
6123,7498
2001,1700
3381,6976
138,1125
6097,6715
1133,3854
5037,5680
996,2174
3666,3976
201,75
1013,1140
993,2345
75,1864
4142,2328
3020,2951
4141,1990
4353,2831
6563,5773
1886,1211
310,1128
2619,2560
4781,2516
355,356
2264,2654
5697,6311
988,8192
1525,1248
766,6098
94,415
4441,3635
3073,4706
3317,2746
7231,7662
6094,4604
1612,8224
1135,3253
8048,5378
4899,5301
3453,8042
3455,3433
5376,2785
44,5055
1522,608
1748,4605
3814,6624
76,514
2565,6714
231,5743
6615,6523
90,86
4547,4735
722,3034
1814,7699
5476,608
1125,1783
3957,3970
2707,2856
2596,3284
2564,737
1167,2182
4536,2831
961,2625
5515,737
5320,3456
3519,4400
6457,6458
122,1990
1350,947
455,28
722,1734
1972,2209
3250,3251
2144,5285
4070,5454
36,844
1166,5148
2474,2625
6503,3634
4547,3447
6020,5079
35,1377
5796,2774
3968,3970
2063,1285
742,977
2576,2871
1767,6437
2565,7120
308,643
47,154
1772,2210
1623,1966
2707,5226
3518,3720
1315,1908
7280,6737
7057,2565
988,3243
2700,3557
1906,1908
457,4315
5800,7726
1730,2871
1221,1566
813,2384
1221,1413
109,6528
275,1792
686,1203
1133,8295
5181,6566
4276,5189
7386,7813
2049,2657
6772,7791
457,4011
956,742
2968,3276
5189,5182
1196,737
663,3284
782,817
1305,1486
634,2079
5196,3897
7625,7924
5482,8212
3624,3026
25,428
7281,7529
5171,5543
5697,6707
1621,1700
1137,2754
3615,4263
2688,6251
2909,2535
1700,5092
5188,6227
2135,1633
1335,1425
3796,3748
2384,2565
3607,4953
3528,3024
2819,2821
7086,2658
1967,3117
3642,5721
663,618
3085,3034
618,282
2169,2902
3192,3059
5802,6227
766,4256
766,2485
2384,4201
2343,2591
2072,1723
6772,6979
556,1497
6486,6832
826,1482
3786,15
5427,4653
4065,1305
2822,2991
1473,1842
5814,5037
4077,2354
16,1412
5579,3897
3417,4037
21,144
268,271
1799,2516
5479,5582
311,1419
313,795
3615,3453
11,252
7055,5872
5896,7707
3660,4953
985,789
7768,7927
3631,2433
2349,2625
988,3005
94,252
854,7092
1055,1411
1374,3310
1133,1984
5022,6594
1795,1357
993,873
187,285
2923,2411
2381,2323
3642,6665
232,28
5935,3873
988,3028
5524,7362
4441,5412
2237,1781
4310,6156
2913,3005
1473,372
6907,7632
766,7927
122,2354
2237,2297
583,628
1658,5055
5899,5123
1151,2066
2298,3235
5531,3842
317,1297
57,656
1374,1034
1236,3117
2613,4808
306,741
2700,4269
4099,3452
59,391
1305,3408
6299,6714
67,274
3090,3456
3088,3005
5079,4547
1566,741
2940,15
3843,3958
3614,2822
1129,214
2472,2963
152,8287
8096,5022
4310,5743
269,440
2062,2297
3350,3812
5246,4687
1781,2410
1639,2241
742,4820
407,1629
3528,2654
763,2625
1137,1357
7759,7961
769,802
4073,3854
1201,1476
5802,6123
4211,4373
1155,1156
6020,15
2227,2128
457,5998
6218,4037
5096,7833
7768,7882
5190,4824
36,707
47,226
4764,5200
4828,6262
5531,6774
1062,1267
3948,3946
465,3717
6218,6043
7080,3084
1855,1622
3381,6699
546,1935
634,5459
4070,5226
7239,4875
109,6523
457,4401
2565,4103
1166,6914
3098,2231
5871,4536
5140,4689
2769,2770
4948,4846
896,3498
1799,1628
4994,3634
2790,2585
4814,4962
1169,3338
2332,2591
1350,1638
2871,2963
3812,4049
4448,5335
3812,6759
5185,5037
3456,4483
3062,3155
457,3871
122,15
1395,1492
1582,1752
3557,2799
784,299
3881,4335
3024,2542
5543,7040
737,5760
5189,6855
1820,3276
313,978
4446,4661
6994,1403
4228,4231
3035,4600
5932,7101
172,3117
1504,1533
6271,5200
2001,4361
2702,5044
3642,6720
1006,1034
1667,1849
2326,3541
1166,7168
5457,6435
5029,3452
3673,2510
4709,5775
2747,3352
5079,4940
6615,6388
3010,1990
3949,2958
182,3787
6510,7707
407,4335
15,762
5739,2765
3935,3937
4144,1385
6550,8249
5515,5650
4948,5839
237,465
3227,5822
1918,2062
3787,7054
5836,3089
4026,3313
3144,3243
2693,3792
869,941
601,1413
2072,859
2560,2727
2118,5886
4123,1239
3976,4536
5582,6166
6619,5524
5798,3897
290,1211
3024,2973
2831,2474
5050,3092
3477,3812
1006,813
841,2814
2830,2560
766,1733
5531,2285
3643,3796
2660,2135
7772,8237
4813,2440
3854,4828
3806,5543
4437,7052
729,739
918,86
1151,4712
4082,5182
1297,2474
993,1641
457,1322
5773,7668
166,5254
7520,7624
306,881
1837,1566
2485,4013
3005,2576
1769,2593
4212,4780
826,1165
791,6566
6023,5638
1521,904
3631,4424
1542,4037
2688,2485
313,3117
1009,2597
686,8288
6486,7414
6,19
4072,2760
2677,6097
805,1542
7865,3293
4152,4613
988,3084
310,2535
3977,2144
7086,8037
306,3537
1143,2963
6848,6901
6324,4798
1166,4820
4488,7021
3775,2923
3381,7119
3786,5963
1876,1111
5596,6407
68,5002
1555,1234
6360,3346
6327,6720
4219,2433
1151,4212
5596,6783
4045,5584
993,415
457,993
1166,2398
6555,6299
2159,1140
7476,7478
937,1151
1166,2535
988,3454
1374,1247
2133,1596
432,4587
7511,3752
172,3587
3576,2252
87,608
646,810
87,304
3049,3034
1661,6296
6,1538
3227,3089
7088,4940
7057,8051
6045,6946
1997,975
2209,3148
5078,5341
6624,5806
5775,3752
1441,871
1466,407
4550,5434
4310,3586
5814,7544
1352,1717
766,7280
3453,2646
127,2999
1024,4510
1885,3892
3456,2775
3496,8293
943,1035
4756,4796
4276,5743
1297,1234
5396,4777
634,3796
11,350
8053,8219
2027,665
4045,5106
788,321
3728,5430
5263,5640
3188,4234
766,6976
172,2397
2067,3114
3482,974
3787,2014
3352,1633
5201,7478
4219,4820
4828,7315
645,214
321,966
457,5305
1305,2470
2667,4041
2667,2276
34,282
1549,6897
600,5449
1537,3027
733,1151
23,989
5531,6553
5915,5933
308,817
3902,4735
7038,6634
5529,5289
766,4820
3641,2917
5217,6299
5140,5827
1542,7855
4739,7478
634,1061
695,7809
5006,5288
122,3516
706,317
215,2241
5697,5925
432,697
310,1749
659,1297
5002,6914
4070,2909
87,6737
643,311
6789,7295
3835,4706
7564,5028
7424,5605
178,6006
6585,2285
122,2981
6192,6262
5584,15
6359,6347
5591,6023
1166,7707
3040,4689
1374,3114
1367,2565
4764,3000
2701,2356
1814,5798
6043,5121
1569,1793
1772,1549
6239,6218
3144,2356
4534,3796
1166,2662
364,670
2623,4012
457,3020
2594,3130
1006,2202
4036,5083
2120,2974
3956,4024
6491,5802
1497,1556
1549,2565
6978,6979
317,1026
178,1185
1608,763
1836,1165
2174,3155
4795,2276
55,439
74,895
5372,5375
5807,7115
6024,3634
813,2654
762,7587
2654,2210
2118,3580
405,697
4828,5481
1166,5430
1919,1061
5773,6873
291,3455
634,993
340,627
6,1390
8045,5812
2249,1608
5800,5814
3614,5044
406,670
1615,1585
4146,2328
6615,5596
4347,4435
1549,1717
3449,5524
2658,2674
825,3614
854,7890
4712,6560
2615,2625
5722,5721
1549,3439
6072,8128
3658,737
600,817
1151,4653
4967,5828
7055,155
2972,5705
3449,3334
2790,2535
2504,3720
1215,2594
6783,6323
784,2727
2704,4263
1374,7131
2576,4065
7371,7567
2375,1521
2485,4432
5927,6634
36,1964
4041,3276
4476,6596
4712,5155
795,372
998,1123
4974,3002
5123,2535
7865,2658
922,1585
2912,2576
4001,737
766,2700
6272,5827
3028,3629
715,1062
3274,762
4764,7662
1698,1701
2559,2856
3004,3443
1483,1261
580,7662
1492,1726
1661,3443
3035,5482
5002,6720
14,650
2871,290
1210,2091
27,6246
674,325
6,1439
6305,6327
4065,3433
3140,3201
4138,4335
21,308
127,4269
933,999
5452,5596
3705,1744
4473,4480
7675,1498
3568,4578
5998,5179
5581,2764
722,977
3321,7694
2560,1297
2872,8293
1133,805
1922,2902
2654,1357
3020,2594
3796,5693
1098,6555
2116,587
1374,559
6907,6979
457,7810
4063,5545
113,8
1210,765
3601,6251
2932,2565
66,1131
1766,2240
457,1103
3492,8293
4041,4099
2485,1792
1594,1880
1142,4400
797,644
7772,8249
2688,3681
766,3748
2565,8051
1646,2768
5320,5743
3448,3464
2737,4820
3787,2516
1374,3897
15,4037
1717,1211
1538,298
2557,2996
4899,3103
678,681
5846,5850
710,271
5143,6665
2702,5285
816,797
5822,5079
3553,3670
5536,72
4673,4677
3449,2925
1143,372
813,3059
1193,1192
2871,4338
25,286
1608,2707
708,1128
2249,5439
3488,465
3447,3898
1552,2594
1922,3002
1062,403
6494,7319
789,5254
870,861
4712,4534
6560,6789
2133,2979
2256,1596
1032,6774
3297,3258
3449,6869
21,1707
978,1439
1133,5773
3541,3059
5816,6955
2660,3607
7139,7214
2707,1437
6217,6600
1335,2329
986,722
7057,5210
1772,3260
1772,2625
1621,5466
2257,2440
907,733
6280,7131
4144,5928
904,1097
2790,3130
407,1955
7086,6875
5103,4884
1210,5799
5143,5806
2497,3265
2133,1419
2737,3253
457,1282
1395,1979
1374,8163
1980,2625
5655,3976
766,4247
4310,4536
663,2174
4076,2456
7086,6618
109,1074
3238,1688
6097,2160
1756,1791
4255,4263
789,311
580,6328
6501,5799
6507,5140
4415,4037
4527,5044
5002,4604
11,1486
171,1193
2135,2120
2576,5301
762,1569
68,2593
2972,3291
3835,4814
173,1714
1549,5445
6934,2785
5697,6272
2660,6873
5802,6993
663,878
4894,4846
28,35
4682,3854
409,875
6907,7359
2700,2544
7352,6832
4151,3321
2667,5936
2565,7119
1542,6594
6596,6783
663,4040
722,4103
3447,4587
6918,5179
2822,1291
201,1026
6620,4944
1972,1549
4214,4422
3666,5327
1622,1700
21,465
4967,6770
4219,2696
5534,5882
3787,6156
4428,2871
311,958
1555,1556
4441,7620
1469,1672
4065,4201
3541,2655
4662,6946
1374,6918
14,2117
1814,737
3199,825
2384,3787
4224,6875
1549,2922
2557,3443
6653,5254
4981,6725
4943,737
2688,5697
7001,6774
3148,4055
20,140
4068,2066
4377,3034
1291,1377
1147,663
5190,4712
1732,2651
306,750
961,2073
3724,4043
4616,7632
24,5863
4981,5807
4070,4175
5196,5204
2871,3949
2325,3321
6142,6148
1023,1026
2452,7225
5022,6511
5179,8134
2872,2323
1553,1154
311,2968
708,2066
707,696
1813,2145
2440,4712
1062,3026
635,1193
5254,6707
432,178
3304,3435
311,2206
5796,4709
7047,7386
1700,2366
967,3456
2620,2576
3601,3958
2565,8293
5787,3089
2257,2135
3985,1498
1732,1805
2510,1814
5819,3634
2133,2547
3238,2342
2657,3276
1701,4709
3956,2066
4688,3447
2440,5335
3614,3291
5524,7707
3641,3720
4045,5204
2688,5423
6,611
1549,1768
1046,647
3457,2066
457,1524
1594,1514
3027,4712
6627,8141
5096,5412
4144,4218
1537,1814
996,813
3310,6780
946,2083
3631,4099
2159,1997
187,977
904,810
3523,3010
5806,3873
2485,3309
6587,2285
789,972
6421,5839
4899,5680
1622,3792
180,132
3032,3645
1200,290
5188,4944
2968,762
2237,4422
1691,3033
2667,6098
2062,1714
1549,2252
24,2516
4716,4719
5143,1026
3631,5412
1820,2366
2674,2231
3126,3130
3642,5437
12,677
1566,2665
1496,1555
1967,2371
1419,3548
122,3029
3641,5452
6563,4361
5457,5564
3461,3631
4144,6725
2258,4994
312,839
3645,4463
2256,1374
7194,7195
7665,7810
5139,3976
4587,4999
1166,2354
854,15
5320,3027
872,2856
2229,3568
904,1211
1305,647
1212,2323
41,422
5697,5288
7052,7879
3459,4041
4483,6505
5188,6632
5802,6570
35,422
3150,5828
2967,3463
2497,1211
6518,7279
2565,3393
3449,4653
996,2713
5185,6124
2411,3681
2667,2764
4709,5684
2306,1492
1184,3309
3731,3804
3796,4099
1496,1307
1487,1034
4221,8295
6,261
1133,6262
14,560
3325,2290
24,1977
311,626
5932,7225
4712,5800
457,8292
1267,2856
3787,3910
3455,1305
2290,2565
2940,1166
6689,6691
10,636
2658,4435
3090,2485
2972,6414
4709,5524
5582,2851
1991,1792
784,2594
3453,3897
2120,3126
2159,2128
7747,7809
2473,3033
904,1319
6615,6901
2972,2909
695,317
312,317
722,2251
1667,3897
2707,3439
3033,2912
1783,3464
3976,5639
1166,3021
2765,5341
766,3452
7774,6918
457,5288
4040,3454
854,2825
704,1097
2760,4600
813,2371
2274,3155
4119,4110
3457,3843
801,665
3569,4043
7280,5233
4632,7912
1305,856
311,643
4099,6596
3948,3631
2099,2185
2967,2016
813,691
6346,6869
3568,5928
2647,2501
1305,1022
7047,4983
3642,5423
6299,4536
1098,3150
766,3447
3457,3547
3452,4099
4829,2689
5827,5123
5079,5100
1766,2470
7577,1026
5821,2440
1542,2746
5445,4875
712,304
1783,1542
3916,6083
306,868
5079,3919
3454,4191
2565,6618
784,2256
1661,2940
6510,7442
6714,3726
5179,6151
3461,4795
2133,2193
111,3
4829,5327
6914,7927
319,4527
2326,2799
20,282
3304,1633
704,2400
192,936
2651,1935
3631,4550
28,934
3916,5285
633,820
1615,1199
4073,6505
11,2923
5834,5837
4310,6414
425,1549
3062,856
5140,2592
933,1842
1615,2121
8,549
2697,4055
6004,1159
5655,7214
23,972
3394,3173
788,5798
11,1613
28,658
1428,1137
1297,710
1594,1707
2290,3680
4828,8295
3929,4875
1353,3192
5109,2516
4974,3537
1210,6334
987,304
695,1638
4191,737
1352,1714
4725,4547
1221,3253
2278,2276
418,140
2507,2231
633,1593
457,3125
2258,5200
4335,4981
5140,4824
1691,2909
971,5994
2159,2091
17,95
341,663
3917,4687
4967,5932
5612,7961
280,2246
1200,2880
1875,2825
3787,4814
1210,2654
6615,5818
3057,1166
1029,227
194,259
5773,5079
5577,4964
1360,856
6016,3238
275,1888
7046,5800
2658,2144
5697,5200
155,7672
3634,5800
1661,5022
4712,4735
1143,2599
4151,4578
4726,4824
1835,2210
59,371
3463,3352
113,7651
5811,6530
432,6875
4036,6437
946,3320
6618,3293
5630,6246
5110,5341
727,2256
457,1418
766,3898
172,3009
2488,2145
4632,1799
865,1473
2135,4661
161,2801
90,761
2093,2625
1378,1965
5022,5798
3092,2625
5738,8168
710,5412
2713,3144
4056,4453
2549,5790
763,2323
4980,4335
1114,1322
879,2364
1549,3562
6028,3643
1772,2121
87,1199
5301,6124
1374,6634
1202,3033
6508,5140
111,611
5029,5511
1612,2565
3459,6665
988,3408
3691,4820
3173,4256
2651,3351
6565,6566
2256,2435
4221,3014
1166,6148
7100,7101
3452,5459
1496,3005
1473,4706
2264,1473
1374,1918
2704,633
1305,1600
7900,8083
11,4231
1549,2963
1542,5850
4488,5392
28,406
1064,3034
2658,6907
2688,3243
5814,8297
4433,3557
2381,2117
2674,2819
2565,2856
825,1549
6848,6850
4222,3976
1352,2137
215,8291
3666,5817
2009,1992
766,3381
3615,4124
2120,2504
128,271
784,214
1701,2973
3260,2625
2485,4510
3960,608
5103,6720
5370,5375
3456,1498
6316,7092
1279,227
2690,1814
2967,3813
707,1621
280,1012
1985,2062
304,1023
5185,6299
941,299
1811,1633
1368,959
2832,4299
1395,2707
3571,5872
7099,7214
635,1012
3026,2145
6327,4536
813,2410
2842,2135
4899,2940
4866,3433
7706,5671
2033,3835
4483,5743
5998,5148
2145,5200
1395,1164
1639,2095
1583,2618
1985,993
813,4402
2326,2341
2565,1239
5110,5327
2674,2560
2972,3910
2369,5415
3300,3351
5811,5563
2658,4373
2371,2653
457,6554
1470,1211
2565,5524
4297,5871
1483,1768
457,5811
2371,2963
4781,5178
871,1633
545,644
4065,4453
5531,5199
87,4124
2535,2240
5217,4335
1792,1973
2707,1733
4036,3631
1542,1799
3445,5963
457,5814
1530,1428
1168,1816
4310,4483
127,8293
4994,5897
3098,1679
2967,4953
7080,5933
663,1234
20,707
1837,2119
3666,4384
7818,5210
2371,3634
2547,1596
1419,2366
3375,3629
457,5623
59,584
781,1261
1095,2504
5817,1026
2297,1374
425,7047
5814,6618
5909,5928
1549,4528
3593,4999
11,1752
44,1857
4828,6327
1762,6699
1374,7879
3631,3258
3601,4820
4044,4485
2614,3680
3553,2654
788,447
1470,2364
2790,2516
2700,2416
1133,4290
14,1855
2700,2746
1215,2535
376,394
1135,1014
2229,3018
5188,4600
2473,1734
407,5484
3258,2900
1496,2145
11,1501
47,300
3568,5200
2703,633
3949,827
1166,2258
943,243
988,3030
7884,1982
1098,5812
3453,5539
1357,1468
2655,15
3835,3334
139,3
5029,5327
1885,2625
7679,6151
4338,72
4712,5459
1473,1279
1522,2625
789,2307
5796,6555
1075,2653
5176,5326
7647,7668
3379,2653
237,6780
1098,7094
3466,1352
44,6262
2547,4199
1922,762
68,4335
6314,2620
6522,6323
5730,5732
2504,2354
2130,1723
7057,7088
310,2625
3032,2134
7090,155
1297,290
2240,4471
1729,2580
996,2768
1542,4994
4982,5115
254,75
1037,2338
5666,15
3932,4055
3814,4021
4859,3537
6024,2658
1357,1319
2972,6600
784,1420
2507,2117
7649,7965
1522,1688
5423,5273
1919,1977
2320,2285
2510,3404
5998,7707
25,55
7052,6000
1594,559
3028,6409
7449,7574
2322,2289
2559,1297
1592,1384
3125,1792
1428,1357
766,4981
2704,2256
2326,2535
971,1152
697,3393
180,271
2912,2724
1133,1248
2091,1307
742,885
794,795
6941,4037
766,5817
2542,3847
457,5902
7766,7788
6914,5800
3144,1679
5788,5790
3000,6715
841,2999
5190,95
5822,5466
7527,7529
1608,298
8053,7924
139,282
2326,5083
5185,3830
5543,5804
1428,1583
3642,7304
11,3480
5761,5305
3624,3461
546,2763
2905,5254
6024,5335
3032,3453
2790,3030
11,3903
6552,6523
4441,7646
1151,2181
4824,5737
59,2397
5264,5463
1074,6890
5020,2398
25,322
5189,5775
3483,3026
1395,4706
3798,3180
6907,4071
2326,4191
4422,5969
5179,6855
3571,5925
113,744
7443,3962
4487,5392
981,857
5188,5822
789,2507
5543,5123
1951,2324
971,1389
1380,1425
1037,1918
356,579
11,1658
2688,4713
7768,7879
221,339
457,6784
3072,2724
4276,5423
1029,1418
5818,5233
6280,2565
6241,7662
5254,4361
3457,3812
5655,3643
4099,1385
6907,7101
1891,1186
6032,6123
4981,5037
3088,8198
71,3804
255,760
1982,6948
5126,5144
6914,7295
3447,3417
6510,7835
11,1261
1344,1260
2481,7649
3451,4422
1922,5055
5046,4191
6280,7478
1515,1441
2613,3480
766,6595
1796,5524
4070,2001
1705,2251
1670,1374
4717,4814
3815,2210
152,35
8,624
825,5412
1492,1279
457,5639
766,5033
3033,4735
3291,3014
4192,5484
4065,2620
3586,7092
2950,2815
825,5737
5068,2940
546,4037
1615,1752
762,644
3208,3321
4681,3460
36,1193
2256,2594
3865,3059
2072,1888
826,761
398,5739
686,1022
2688,2364
7893,8174
2576,3256
2713,4201
1915,5412
6408,7149
7047,7699
2932,2651
825,3537
3459,5437
766,4453
4792,5079
1374,2109
4065,3144
4442,4600
4077,2364
659,978
988,3926
47,1966
4623,3352
996,3029
24,280
805,3009
371,1260
109,5028
312,325
1885,2225
4111,3463
1305,4088
3386,204
7758,7763
4899,3002
8,564
7086,7646
2660,2145
24,707
1003,857
3835,4795
1331,5902
4974,6832
3084,5254
615,656
4966,2689
2564,4712
5184,5412
2971,2972
172,3089
2667,3456
6907,6523
2356,3937
142,682
6394,6400
5174,2398
3917,3144
6941,4134
3463,3958
764,1154
36,730
5817,5811
3786,5341
3461,4256
3728,5233
1377,1402
1160,978
3949,4162
5189,3498
5802,6424
2524,3946
2565,5776
1501,2550
25,739
2747,2257
2688,6334
5022,5818
1623,2851
122,1965
784,3265
2688,3516
127,2625
6758,7407
4416,3084
457,6306
3521,2328
1098,1837
600,2328
2371,4964
3394,3027
2576,2768
3018,3557
2371,1847
5806,4361
3402,4735
2384,5775
3380,2654
3525,3200
88,33
3792,5484
2473,2815
882,897
6624,7443
3985,4021
4036,7414
5524,4666
2859,4191
2237,3557
3836,2114
1098,8002
127,261
2230,1847
173,794
2118,1566
1133,5045
127,5404
635,982
2307,3616
1615,1279
6,370
6488,6170
1094,1842
215,636
4104,2354
1230,1880
3453,4712
5816,7510
75,28
7225,1026
3976,5341
6615,7059
2967,3854
3392,1239
2258,5482
1585,1836
3028,4384
2704,3150
1608,3926
20,3614
5697,6668
5193,4717
1132,971
2145,2535
2660,2474
254,1186
432,3148
398,3792
5800,6628
3523,3670
2229,762
2565,8124
4441,4620
1466,3089
649,1453
2674,2116
3092,4534
1565,993
1129,1297
2238,2091
1151,3752
1386,1496
988,3567
28,600
1837,2617
173,3456
4824,1733
697,794
941,1201
585,310
3691,7497
4974,5123
922,1029
5022,1982
6241,6299
3770,7222
3175,2508
975,2195
3586,4687
173,1267
2276,840
1374,5210
3661,3192
29,246
456,192
951,918
3276,4051
5317,5123
3643,4310
5531,3274
5497,4977
6767,6004
1720,1285
3035,2237
1510,1556
226,1497
20,427
988,2416
695,4269
3767,3117
2120,2902
5185,5543
3459,6106
4076,5640
4813,5626
6916,8134
1814,6421
1447,1593
6914,5500
1228,978
4375,4384
172,993
3032,5327
1622,1492
3457,2326
2565,5335
3447,5020
2565,2926
1492,1230
6624,3962
1133,4620
5079,5743
2811,4315
1972,3892
8,866
1374,8122
3719,3117
3391,1633
4846,5484
650,857
3615,7683
4073,4929
4441,3310
1847,4712
3949,4021
4976,4574
1991,1723
6616,6897
7080,6736
5696,6720
2688,5285
2102,2542
722,3435
3593,4037
2565,6850
762,626
7580,6934
1133,2240
2560,4507
825,3562
11,4814
2935,4466
2542,3371
1701,3026
1041,1038
223,882
2935,3537
706,1211
4903,4037
2298,4297
3092,2713
2703,2708
1150,1319
5796,8121
3081,4191
103,1669
1293,1167
542,228
4448,5312
1542,1823
4564,4613
3458,4828
1305,1915
7586,3084
5421,3456
4588,3443
5998,6505
1075,2398
3682,1453
1377,1569
1982,2004
2365,4071
3615,3650
1549,1322
6522,2160
1210,2085
5123,7860
2111,2871
2565,7757
899,2768
2102,2565
6248,6570
3735,1297
789,1565
310,1201
2322,1031
5022,5262
113,290
3995,3498
3965,7707
5022,6170
6865,6618
4746,3537
2699,3352
1661,6600
4824,4338
1799,4058
865,1855
3991,3562
3729,4191
852,3755
4070,5204
1166,2674
971,1802
1473,2790
813,5123
5188,5684
6242,5524
3666,2326
5334,4797
1207,8295
3982,2775
2381,1385
94,656
4437,6330
3450,3464
3092,4715
249,700
5017,72
2560,3310
3144,2700
837,839
4756,2398
4567,2790
1428,2679
6711,7115
306,798
4687,4735
308,1218
4967,5780
2909,2384
6776,6855
5913,8128
988,2662
44,1855
1487,1520
68,5233
173,993
904,857
3965,8174
1847,2693
1151,4792
4447,5925
3059,3026
2565,3020
4967,7927
6,904
988,2686
1564,1893
986,805
6552,8121
4364,4528
2256,3256
3447,5506
2819,1549
2234,3313
507,506
1386,1425
6595,6594
3571,5922
334,2329
4441,8209
5872,6618
2967,2145
11,1805
710,2474
2940,2958
2251,2071
68,3334
1125,3796
764,946
3777,4413
7021,4981
7086,1498
3498,3452
2472,3117
4276,3958
854,1983
5524,7186
1428,298
2700,2535
4828,5123
6624,1191
290,271
2209,2338
3394,2974
3607,2145
327,857
707,86
1501,1772
1037,2160
3352,1166
4219,5132
1006,1030
173,999
2700,3018
2485,4899
4070,5449
109,1018
1135,908
3304,2790
3449,4964
3607,3352
4814,4777
5423,6474
813,1525
28,631
24,3192
5819,4310
2229,3126
2236,2724
1135,1717
5189,4441
4045,5998
2209,350
2572,2575
6299,6789
904,1774
3456,3459
5697,5848
2698,3009
582,3812
3033,2697
1374,1253
3821,1935
5099,5239
5810,5037
6489,6496
7818,7819
844,1125
1142,1597
1241,1201
8140,8141
1247,1253
5814,7961
1380,1234
1473,1419
6946,7386
4824,3456
2240,8290
3461,5592
5692,5922
1814,3253
347,407
988,2918
879,2674
3453,6699
3375,3260
5478,5509
3969,5182
5934,6021
4144,4138
1055,1382
4792,7909
6280,7373
42,252
831,1811
6270,5012
5174,4041
3907,2544
6323,6789
2694,2474
1040,1038
7239,7478
313,1918
6914,6243
3394,4031
4712,5545
1835,2770
3709,2585
2658,3664
6,560
329,733
1748,2456
2819,2016
1908,1858
5344,4653
109,5822
1855,2856
87,290
5179,4361
312,255
1838,1842
3009,2653
1042,1407
25,349
5798,6261
2326,2290
7280,7393
789,3455
1522,4400
813,1193
2909,4653
6875,8174
4124,4424
5531,1473
50,219
1193,1062
2504,1769
2667,4929
4966,7699
312,985
2511,3084
649,778
425,3020
722,2727
789,1222
1705,2828
1474,2657
1572,1569
5802,7763
5857,4432
2617,2231
556,4338
2686,2565
4937,4953
4040,3352
586,86
766,4013
645,857
2297,2440
5189,5543
1687,4811
36,6151
2654,2958
1585,1903
3635,3562
7086,7450
308,730
8036,8174
5189,7373
4686,5452
2474,2912
4040,8224
2485,3034
7593,7624
237,581
3796,4562
2542,3301
5189,7683
3641,3014
4116,4820
769,3480
1808,2651
158,152
2473,2475
2371,1357
2972,4666
2831,2001
1167,2069
4781,5828
3378,4510
3947,2958
813,1521
12,214
311,2981
1549,3970
6305,6529
319,587
14,325
2120,3056
1374,2354
856,7620
766,4040
825,6337
4073,2398
1483,1716
2485,6560
6941,3459
1009,1464
102,95
2256,3811
1480,1165
5543,5437
1756,1000
2332,2411
178,3634
1185,1861
311,930
3010,2799
1820,1514
5002,5872
1734,4875
5053,5897
5185,6720
2009,3408
2474,3562
6013,6496
1210,1855
6443,7214
1923,1855
3040,2256
1166,1566
5811,5140
1002,789
4041,5650
7614,5179
2092,5162
546,762
4531,4584
2565,7695
1808,5482
6934,7378
615,624
3854,3748
6199,15
2144,417
4310,7618
1792,1842
3449,3140
5179,6334
2331,2333
6615,7186
7280,7996
2549,3238
457,4791
5531,5780
3252,3059
2546,2570
4040,2506
1496,1880
4967,4713
68,3806
5932,6407
2651,3516
1167,1861
1837,2076
3960,5392
151,1471
564,4735
4967,1352
4485,3635
3586,4709
1374,1808
766,5827
996,7094
2972,1680
2688,2338
600,3009
3642,7373
3125,856
1522,3937
3452,5106
1390,2721
2326,2958
2923,1211
7716,6523
3009,3144
1549,2629
3787,4715
6934,4009
769,8294
35,378
255,730
2702,3276
1374,7788
6494,5760
2765,3634
3449,3607
90,171
2129,3024
3796,5683
1278,1893
1082,271
2674,3265
1549,1858
2651,4103
2619,7021
3350,3452
3150,2774
1374,5449
3614,5100
266,836
2881,2880
86,981
5871,3459
3028,3956
1358,2398
387,243
1919,1547
5176,4041
2599,4400
2323,2297
2651,3580
4899,608
2174,2877
4045,5780
3015,6594
5179,6246
3682,4201
5528,4500
4756,4037
1521,2685
59,431
5775,3334
6243,5002
1173,1186
407,7306
1803,993
3682,3800
5816,6570
2255,2350
4536,5694
784,765
2967,4706
50,154
2619,3671
17,35
737,7386
2599,417
305,1014
1929,1855
4222,4335
3835,4712
3057,7092
2549,5022
6907,6832
784,1384
4483,6720
5457,5620
1603,2332
5358,3910
3586,6979
911,447
5008,5449
2093,1772
5185,6788
275,1717
11,1034
282,560
4165,4055
4211,4719
125,55
4632,7021
5246,5991
313,1211
1055,1531
766,2364
6020,4940
5531,6505
766,4983
53,3717
2542,72
3032,5626
600,5829
2472,2955
3796,4653
922,1154
6736,6850
457,3586
172,2653
982,705
136,6441
2967,3956
826,3307
1008,6714
3457,2799
3297,4071
236,586
2651,2231
27,379
2595,3443
5079,5506
4219,3453
4632,6934
3451,4402
2940,6755
2542,2016
24,644
3381,6595
3459,5393
3541,1239
1151,6955
280,2785
8227,4401
1374,2174
2693,2134
5179,3958
1381,913
6994,2851
1612,6555
1009,1893
5017,2775
2667,5463
4142,4402
7391,7809
7503,5289
2565,6422
6609,6965
5802,5811
1688,5798
2309,8293
2307,2585
5177,5262
87,515
5106,8219
5189,5969
1384,3717
3381,5188
5800,7389
27,5210
1297,3005
223,3
1647,3587
6596,5871
346,4875
2713,3892
4894,5539
304,741
4036,3607
1874,5254
4964,5321
310,549
646,2830
5048,6855
3458,7961
5189,2276
5527,4689
560,748
4204,4201
7405,6123
1335,1151
6144,6148
3449,4037
3449,4797
223,415
4138,5637
2502,1549
1368,1622
4574,5079
2472,2237
6314,6156
3168,8294
5524,5262
1608,1791
6914,8134
1006,314
193,2157
223,341
308,673
109,4940
2062,1583
5872,6907
2236,3164
432,403
3966,3967
4488,6571
2688,5543
4682,4661
5624,3922
5184,4929
312,1604
457,5295
7511,4983
3863,3059
215,306
3642,6327
1292,299
1608,2195
6488,5739
5537,2831
2229,4411
6945,7544
2256,6806
2707,1385
3462,2326
2849,1723
3498,737
1991,1992
3642,7378
2967,2129
2356,2923
2230,2654
5582,5543
4151,6914
3571,4335
226,1152
722,897
5009,5222
1521,1487
3976,5509
920,2151
5932,5002
1087,626
5524,5818
4070,4422
4335,5033
996,4797
2855,1360
4967,6437
3607,4037
1585,425
2565,8148
2326,3892
3660,2654
2256,2805
87,317
2744,5784
1537,1808
3447,3453
3714,4043
44,966
2565,4764
1319,1549
1395,2547
4441,5239
2565,3084
308,313
5697,6302
1701,2620
406,402
1210,2253
4441,5630
36,1234
1542,3417
2940,2660
2114,1781
4282,4335
4948,8209
6316,6555
1032,663
5697,6458
7387,3962
1919,1714
11,1979
5998,6600
996,1823
3453,2440
1737,6340
5103,7108
1166,2264
922,1687
29,665
3120,285
6052,4310
3728,2001
789,5083
308,86
1185,1167
1201,1718
6934,6993
3095,2830
4152,4531
2688,6576
1748,350
2209,2819
5189,5321
994,3030
1549,7510
1997,2109
457,2253
993,1382
383,622
1279,1167
3458,3454
1691,2593
7902,8209
996,2968
58,290
5543,2774
4870,4875
1470,4735
6902,2851
4175,4712
2565,5605
5190,5423
1160,1167
2859,4173
5246,5963
993,587
1124,859
2375,5233
1446,1444
5800,4791
6619,6227
3275,3892
311,1549
5812,6855
1285,72
7964,7620
6479,5714
2658,1744
1210,1396
3144,3352
708,2120
3978,3800
791,7910
1473,2289
46,664
3587,7567
5296,2354
312,897
1166,7908
2565,7646
3057,3787
5446,7478
4045,3002
5524,7908
5582,6566
2653,3516
2256,3785
3676,2747
161,75
3647,3260
3478,5454
3498,5828
6510,6789
2688,4808
7139,2851
1552,1534
1734,3473
2923,3454
5053,6496
1501,2651
4036,2981
1352,2055
2713,3276
3447,6097
7822,7649
71,631
403,739
2264,4234
2691,3976
788,6422
1062,1835
4041,5239
766,1705
2507,2116
3814,4386
1483,1411
68,3537
5806,7730
1037,1378
1428,1714
432,3352
3813,5106
1374,7862
554,1842
4530,15
5022,5178
5110,6422
1748,1646
4533,5341
1211,2508
4416,6229
577,152
6272,7699
5321,5487
993,2972
2940,5806
11,1435
4443,3352
425,6809
3995,3796
4871,4875
1279,1787
1471,1641
3835,3321
5684,5072
7294,7651
104,5022
339,1717
1151,1284
7426,3334
72,1352
1538,1428
7047,6875
4152,3439
6032,5739
4488,15
7049,5529
5022,6251
4,214
3271,1688
813,908
1305,2174
1972,2474
173,8291
1129,1573
1374,2375
826,1836
3642,6873
3031,3537
1166,4040
1879,7414
1537,1919
2472,1267
582,4212
2290,2114
2369,4795
3916,6105
695,36
46,300
5189,4335
1469,3171
1522,4263
769,1218
2704,2371
1062,2251
2297,3576
28,370
3463,4613
319,936
2707,4338
707,2625
2240,2160
1133,4247
3916,4875
128,1918
993,1230
1178,1186
457,3568
143,3803
1612,5246
695,6262
4124,2900
308,1566
5262,1159
4211,1385
1592,993
5254,6832
6218,4798
2972,6311
704,2660
1183,1653
1184,3352
2410,7910
4261,4266
737,5028
2290,2252
922,1441
2647,2174
1555,1492
1796,6552
961,2966
3190,3352
7738,7839
826,1533
3010,2485
5543,6098
2535,2381
9,982
1594,1124
5176,5392
1670,1997
1772,2069
634,243
3682,2508
2872,2727
650,667
1127,559
3977,2790
1838,2958
5531,1403
1772,2777
87,151
7047,3297
5200,5204
2707,5582
127,2928
1374,2928
3523,3109
7390,7632
1133,4946
41,356
1055,1982
1062,3059
20,5814
6934,6832
6906,5814
2972,6474
5020,5630
2516,5683
109,8291
1166,5454
126,439
143,1573
6560,7381
5123,5824
11,3557
11,163
2972,4448
4574,5301
7812,7839
3525,3680
6918,3297
2516,2605
68,5288
2565,4040
865,1026
5189,6334
1360,285
44,391
637,2565
1792,1757
3723,1297
2654,3537
1622,1816
5796,6774
1133,3452
5262,5713
2702,4247
7150,7021
5059,7289
4598,6327
4586,2790
996,5452
365,75
854,2571
1419,1384
47,304
3015,5439
2660,3030
3392,3555
4162,4201
5529,6560
3268,2651
2744,4574
187,989
2411,3376
3443,2576
3702,1744
5479,4037
4746,3854
3792,3034
7231,4884
3454,2932
36,3489
1166,2787
5189,5693
347,1920
348,2501
766,4662
1151,5529
1838,2168
7038,840
5591,2398
2565,7047
7015,6774
2156,761
6305,7108
4079,4179
2565,3969
46,1425
306,677
6991,7108
3815,2506
1967,974
8,363
3642,2765
2369,7092
3072,2135
209,1123
15,4561
1033,271
7052,7618
6518,7422
2838,3516
1857,407
2585,2535
3456,2696
2398,465
6377,3459
4967,4625
336,465
4587,4792
1166,2830
5179,6945
2972,6235
737,6599
2003,3018
2371,2560
5936,3089
3463,2790
1542,3456
5524,8224
633,760
2297,2651
3073,3130
5811,4791
5079,4310
4124,3537
766,7414
1931,1855
2240,1186
3381,2290
3665,8044
3284,3556
764,947
2289,1385
2258,5199
5439,6255
1166,403
2696,3274
5696,6124
6618,7833
1133,1679
3447,4191
4441,2592
11,2253
3291,1633
2328,4712
3787,6388
5630,6860
1032,4037
1551,1497
308,1127
6460,5643
5185,5200
157,50
1623,2625
3463,1185
2995,3029
86,857
2953,2338
4550,3089
306,5925
6006,7279
425,1857
1166,4846
1160,35
1696,1622
317,1023
1221,1259
784,3030
140,359
5179,2765
2619,2625
36,1513
1972,2506
2256,2736
68,700
5816,6736
696,587
1697,2397
2133,2781
1500,2660
3479,4814
1972,3408
1762,3297
7350,7553
988,2544
737,5605
1555,8290
2651,8294
71,1513
8156,7620
1004,6302
3641,3631
7682,8148
6359,6774
3498,5285
3642,4791
3564,2667
4395,6736
7047,7921
8166,6875
1756,2479
2365,1992
582,4562
4099,2398
2964,4646
5531,5437
2256,1990
1142,1592
2326,2981
4536,2258
4036,2653
978,2625
6443,6156
7080,7871
4632,7961
766,7882
871,1286
3028,6306
1766,1496
6,1261
3752,3615
3641,6004
667,2470
3044,3117
122,3251
1424,1973
2299,2754
188,1808
7086,8163
646,282
6217,6783
4530,5412
3020,2474
3748,2653
4899,5132
6068,7280
1667,8134
47,4058
72,600
737,5321
3611,2674
1166,1884
11,2517
8179,8178
2658,5210
42,1234
4347,5466
1378,2071
5445,5524
1621,2625
1166,2157
2332,3018
3449,1680
3731,2411
1267,3033
4335,7632
697,6873
17,391
4717,4764
5188,6004
3417,762
6398,6774
1835,6634
335,6634
3498,5902
1428,993
178,5684
5079,2276
2229,1267
1151,1583
3661,4043
4099,5680
1496,2646
5472,1473
6455,6458
1055,1587
1749,2674
3088,5285
237,6417
71,439
3059,3854
3454,2657
2474,425
1305,2696
1000,2834
6714,6097
2688,3338
1129,2877
4686,4964
68,15
2062,1700
1642,1489
5524,4709
5103,4071
11,1284
600,2117
55,730
2172,2479
7279,7012
2371,3537
2613,4191
3614,3394
7054,7688
2231,332
5474,4600
3092,5817
339,394
1374,8294
1325,299
308,2805
1305,2120
7335,6424
2851,4335
3024,3408
6486,7588
6299,2160
1799,5463
650,682
813,3433
1097,1239
1385,7351
2964,633
7231,7788
5445,155
2705,2708
2909,4587
172,3099
154,405
4144,2775
457,4999
1380,963
5524,5800
2542,2102
5524,7788
5176,4846
3878,3117
1292,259
71,7809
1253,1513
180,2777
3276,1549
3447,5819
1352,2106
1259,1075
4441,1972
7038,4944
1982,3792
695,2328
28,991
4044,4796
4070,3586
2972,8295
6596,7683
3291,1744
5623,4335
3084,5818
7697,6980
994,1297
2688,6302
1466,1211
2744,2618
2326,2348
2035,665
5616,2775
166,6156
1612,7763
6523,1549
3976,4776
988,2674
2510,3489
1211,2397
439,2157
1164,4099
3754,3026
3461,1984
795,290
2485,3409
825,2276
1350,1487
3642,4715
310,1966
3026,4183
1496,946
5430,4748
7980,3297
259,261
4222,4536
7588,7618
3787,5162
5079,2576
1964,6762
150,589
788,86
993,995
5173,5683
1202,1864
109,6832
2546,2579
3457,5753
11,667
1005,1234
2375,1185
2592,5123
310,994
6615,7115
1838,2151
2560,7587
68,290
3453,4536
708,2815
6327,5827
3453,6725
2706,3007
3912,4247
1835,2828
2326,3800
3456,6328
2989,3854
2120,2234
784,2400
21,488
3453,5775
6906,7301
1305,3005
1589,1596
457,4600
1374,2193
1549,2116
2713,3650
6510,6946
6032,6529
5479,5683
3568,2328
1470,1774
1024,2828
3519,3092
3379,1633
2258,1842
4948,5263
4535,3812
1792,1261
546,1808
3453,6832
1341,2470
1614,2760
1151,2654
4688,3452
3666,3568
2231,2570
5391,5285
3586,6044
789,762
2774,3480
5806,6302
113,762
4077,4929
7046,7052
1055,5714
5802,6806
2411,2209
1097,2794
2156,2241
2605,3812
3478,6124
646,3089
3010,2653
652,549
1210,2669
398,6890
2416,3371
5102,5103
127,4037
6518,4875
3770,7946
871,982
3417,8293
94,302
7755,7620
5079,6006
762,789
3313,3816
5800,5466
1210,5994
3032,4289
5002,4792
634,887
1365,432
5337,5341
2371,2993
784,857
1542,2071
2326,3439
5958,5487
4136,3192
5419,5737
341,2163
2507,2593
6510,6347
109,1234
7057,3969
2657,4953
1799,5459
784,3680
766,6980
7057,6924
1041,2516
583,56
1291,3473
2485,4071
4486,5233
328,966
3342,2594
2688,4689
4310,6328
4718,5434
24,5596
3614,5155
4673,6590
1847,1973
5808,5684
201,1123
2326,3506
5324,2354
4175,5233
5802,7795
2677,3809
2274,722
6316,4037
2456,4735
6524,2433
1985,3650
2744,15
3084,2210
1977,1031
11,2145
2674,2619
2565,403
4437,2811
3523,2727
5606,5072
2326,3660
122,3903
136,5445
2258,5121
166,1484
5614,3293
813,1384
1623,3629
39,611
304,2151
3452,5083
641,686
7766,6151
311,1658
2440,4981
1496,6458
2326,3455
626,1855
5671,6979
7901,6618
2871,2371
2688,2958
1756,1758
1098,1836
151,994
5301,5479
2171,3338
7100,7144
1114,971
6486,5582
4718,5620
3479,1307
2697,974
4712,6994
3691,2398
7100,5384
2196,7890
1241,1484
5800,5818
6615,5739
3454,3843
4045,2592
1762,6777
4828,896
24,1267
340,86
1331,3755
3642,6552
147,7092
1756,2560
1496,2819
308,2474
988,1814
4070,2981
5396,5200
5739,3792
1267,1791
4044,4335
1869,3680
6946,7378
4057,2506
6024,5902
3641,6805
5915,7052
1003,290
87,4510
400,1044
1215,2426
4592,1961
6023,5263
2585,3117
3447,6714
20,3456
2688,3792
2343,2589
4130,4983
3357,3348
3995,5155
5697,6323
312,1893
110,616
4441,4828
143,1297
3633,4181
8263,7389
3378,4099
5079,4400
4682,4551
766,3614
2069,1717
4065,5178
3453,6805
5172,5459
993,1689
795,311
2405,1842
3034,5790
72,1031
2778,2787
5125,6634
5332,5891
3642,5683
1305,3567
1608,6774
2485,5925
1097,4310
2967,4719
2429,859
4192,2066
3614,2689
2153,8291
1549,2754
4310,5301
1549,4289
3642,5288
5818,6296
926,1141
2565,1157
6023,6528
6615,4764
4007,8294
2702,2977
781,2398
988,8124
348,2264
2328,2932
1357,1497
1614,762
173,5760
4127,2240
5871,5697
1707,1297
1374,7214
122,2066
1922,2707
2133,2777
1951,2195
4632,6458
5647,4335
5531,6699
2932,1297
3028,1024
4310,3291
3457,2516
5243,4315
922,1768
4536,4653
7052,7059
5697,6560
722,1705
4335,4529
4574,2354
3648,3084
5857,5886
1166,6700
2623,5210
3973,2900
1772,2638
311,1919
5166,4981
335,2612
1202,1555
3381,6600
74,794
2476,2264
2231,1637
1585,2604
6772,6198
1221,1774
5819,3897
4315,2381
5800,8246
6305,6589
6525,6634
536,1211
6305,6528
1538,1935
634,5994
18,2570
5808,5200
4013,5829
5189,3334
1506,1032
3527,3933
1166,3435
5332,6833
2297,4604
5543,6272
3587,6388
122,2653
971,1321
5179,2276
7047,5605
3636,1453
5606,5680
3394,5204
2237,2707
4310,5739
2548,2504
706,2385
5817,6596
6552,7414
2256,3456
908,2763
2688,290
1075,1537
2456,2470
83,1749
4442,1360
6486,2511
2871,3871
463,105
4353,5844
310,3034
11,4709
695,733
5189,95
1596,4012
1305,2902
6596,5465
2237,2831
4948,1498
6596,5199
3402,2653
2290,1307
1037,3030
3381,5002
5301,4653
15,8292
5079,5144
7057,7810
3642,3650
312,681
6461,6327
4276,4247
2728,8291
6029,7699
634,5002
5079,6124
2727,2251
2565,1493
715,1006
1135,2814
2703,2338
647,1193
4795,7108
2156,1992
6780,7813
2236,2231
3965,7809
1315,904
6596,7277
2072,1621
5998,5439
5811,7108
3191,5073
325,607
4045,5288
6818,5529
2299,3541
4967,2620
3456,5430
766,1723
6993,7092
1937,3456
1151,737
1522,4011
1796,6774
3787,3014
1385,5233
6900,7422
4310,6432
3276,3529
2326,2114
2688,5640
4073,4687
2790,4811
2995,5215
1447,1234
3519,3443
1166,5301
6192,15
3282,2651
3447,5305
2369,6001
122,5592
6615,6299
812,822
2700,1935
766,3557
1997,1848
346,2416
826,3130
4448,3460
5612,6337
1133,3664
95,10
1496,1279
1335,5680
2565,4021
583,5671
1496,5947
971,1261
2702,3813
5524,5814
215,2736
306,723
5962,5973
5796,1982
3447,4127
1169,3408
3449,6006
2851,6442
996,3554
769,1193
1552,3130
710,686
1811,1097
2859,4613
125,28
457,5638
5655,7510
143,274
2062,1707
479,978
1701,5148
371,1211
1756,332
4764,6442
43,182
5180,5947
4944,3898
1820,1792
6305,6860
2365,3009
2186,3408
4894,6435
3192,3024
111,306
2688,4463
5814,5188
4976,1024
2774,4261
2237,2674
2831,2620
6615,6869
3982,3089
6976,6784
5189,5466
4130,2328
4073,6417
176,1131
2565,4780
1496,4463
2859,4011
4401,7393
2328,3537
2972,2619
3389,5210
1565,813
855,1014
3055,3180
4379,4384
1985,3464
1990,5210
1037,761
4124,2612
2958,3650
5691,3191
4681,2696
127,8294
7907,7979
2662,2256
766,1550
5106,7297
5177,4795
2019,665
6714,7237
6500,6930
3032,4528
762,881
161,1418
1299,1442
634,1044
2565,3404
3453,608
4994,6869
426,538
2923,3629
86,3576
3381,7422
122,3772
2871,5022
5195,1385
805,2689
1102,1836
1037,2225
2235,1783
5857,6552
2387,3089
72,1007
1151,2570
2658,7054
143,6784
2951,3489
6217,6665
11,600
457,1520
1799,3830
1697,1555
5176,5559
2062,2097
3027,5178
2619,5079
3611,3114
1991,1734
996,644
7493,4875
2707,4289
2747,3005
6526,6770
26,54
15,95
5811,3726
5059,5932
457,3854
7052,5897
7980,8068
634,1744
2290,2485
2988,4488
4001,4037
1667,4547
1211,171
2651,2693
2135,5459
5802,6511
2546,968
6658,4712
6993,7301
2133,2815
33,1717
2746,2102
1098,3029
5591,5487
5589,15
3562,3024
6203,15
556,372
1800,6715
6,299
6347,6496
1470,4335
28,739
5714,1352
2651,3394
3561,2667
457,6006
4483,5239
1063,3873
1808,1384
3459,5980
5773,6330
4706,4266
35,183
3642,4134
7057,3334
2476,1416
3973,4289
3352,3897
3488,2066
1537,2625
151,941
306,719
3786,5002
2768,2646
4219,5144
5558,5705
191,1164
2576,4981
3522,15
2565,7778
556,2805
3147,2225
2381,4315
5999,7803
4483,8209
2384,3192
339,7961
2614,3849
658,255
6093,4536
697,4044
3956,1307
2667,3614
30,1412
215,784
2062,2350
766,5998
933,704
1236,1261
6,1533
2790,3921
3787,4980
1359,259
2326,2325
5811,6001
2365,5721
3449,5222
4899,8128
371,255
4756,5233
1319,1768
457,1799
315,659
2485,5693
11,440
1982,3459
1111,2066
3090,3034
3297,6596
4967,4530
1242,72
155,7652
816,6166
4074,3562
4099,5449
1062,1901
3897,4335
2090,2095
6510,7647
648,150
4923,2160
3586,7632
7080,7280
1428,506
3348,6498
993,2328
1439,1319
600,1186
3642,6347
1814,2707
553,626
192,600
5263,5499
1717,8292
988,959
3018,3084
2746,2595
3447,4448
1612,6918
237,1646
6922,5543
53,3755
403,2144
5301,2620
820,559
1215,1211
993,1492
3586,6043
3352,4531
3304,2565
432,1186
4295,3125
530,549
3379,2667
4828,5739
24,4827
7900,7391
1622,2565
556,1927
1847,5412
2658,7561
838,2799
4055,2506
10,153
2727,4400
2811,4929
2855,6594
3614,5073
4211,4666
1480,1534
825,3276
2230,3320
3814,2506
1772,1555
7598,7694
996,2856
1719,3117
5524,6594
5776,7149
2264,4530
2109,1186
4313,978
1125,1992
3456,4899
2617,2323
2672,2076
7885,7882
737,5412
4948,5327
6907,5484
1420,1638
3682,778
4211,5445
8,358
8189,8276
1549,1857
3191,4964
3562,2210
4598,3755
1374,4191
78,1662
5200,5465
2967,4266
1166,3454
5816,3334
3658,2909
6596,1498
259,769
634,941
2871,2981
766,3643
2237,3580
784,948
4948,3664
172,2297
1470,2592
8,627
644,1125
3390,2338
4482,4037
3642,6246
2565,3284
4937,4938
1353,259
1442,1234
5437,2490
1166,7839
6324,4712
2237,4814
1885,765
588,1439
3453,4551
3453,3460
3345,6496
7047,7695
546,1837
7649,6044
14,2479
2576,4298
6746,8297
303,94
2697,2790
68,5732
27,3643
6414,7620
1416,2576
2613,2114
6347,2774
5531,5563
4363,3458
371,885
25,371
3456,5055
6443,6299
1055,4820
6714,7423
988,4432
1549,3408
1395,2240
3352,4058
4360,4365
1098,5776
306,415
5739,5802
1783,6148
1166,1157
3615,2655
5822,2160
1808,2535
7721,1865
1184,2599
5189,5806
4688,2014
1350,1757
1290,1234
2246,5412
163,1284
2565,1571
5799,3614
2326,2328
7047,8121
4746,5760
6934,2940
2932,1777
2160,3164
1215,3410
7280,5079
2237,1688
5125,6251
4483,1648
1621,1714
2255,2290
5800,8042
2371,5412
1133,2289
1813,3812
1972,3842
3291,2973
55,1014
2326,2508
24,1729
5800,6417
1539,771
3611,3404
1378,1723
4464,4422
6445,6914
5196,5804
2072,2470
3449,3643
4099,6306
3635,4453
988,3435
1530,1566
1262,982
6711,7063
2290,2654
1098,7879
4673,3614
4485,5563
1867,1865
3352,2909
80,756
7615,7620
1489,1969
5655,8249
5188,6897
5190,5623
7400,7632
3522,3447
1350,1496
3274,4719
2326,3408
7772,1982
2326,3670
457,6665
7047,6422
1792,1374
104,152
2859,2958
4124,7478
3568,4162
3447,2592
1922,3435
1555,2206
6293,6296
5185,6806
59,298
7086,5872
320,1186
1202,1482
4712,7699
1267,2660
2667,6414
5696,6739
2715,4179
896,4310
5002,6327
6702,7381
5785,5061
2547,6337
4673,5092
2967,2433
11,1662
109,3792
4795,5439
3276,4055
3724,978
2909,3125
4632,4482
3976,4127
1201,1780
3642,6570
7679,6555
2740,2754
4127,5058
3453,2689
2565,6712
1734,1357
5839,5524
3059,3192
457,1990
1552,1700
3479,3073
3688,1385
5612,5863
7225,155
2686,3089
6976,5605
854,5254
2871,2240
306,715
1717,1166
4488,3238
5179,6272
4937,4993
2497,3489
1501,904
4967,6599
3796,3635
2660,2324
1374,8290
3196,3529
5543,6897
3780,3887
6924,7389
4045,5144
173,1137
1230,993
3402,2646
6221,7092
56,622
2472,2323
4142,3460
5857,6098
795,1501
172,214
2485,3114
3015,5732
3787,5529
813,2968
1074,2273
947,3456
1482,1496
1700,2411
111,192
1585,1641
5289,4980
6305,6566
78,524
273,258
2326,3020
2210,2066
21,1014
4632,5335
2889,5155
38,922
232,849
4673,5804
842,1688
11,825
147,798
2318,8293
1820,3557
2234,825
1151,2206
689,3089
1063,5037
4829,4315
201,252
11,3631
844,637
3555,465
1319,417
3634,5233
7415,7225
2950,1596
1029,1580
658,667
5798,4795
2456,3842
5188,5640
312,304
151,407
5839,5188
789,304
2488,4827
2174,2339
4564,5002
3762,2900
1306,1307
2237,3661
3290,2252
3660,3631
5524,7393
7665,7695
3191,4846
1549,2547
154,80
5176,3460
1062,707
5816,4361
1097,2256
5691,4211
3127,3701
1132,4424
8036,7233
3658,3352
1023,311
1029,2625
3614,3910
74,960
4926,6634
1847,3910
2472,1549
2474,2963
4045,4828
122,3253
3381,3346
7045,1498
5750,5437
998,663
2485,7620
1385,7092
346,942
2145,8293
310,3251
6900,5022
3481,1297
3453,5079
5320,5514
6976,7073
1267,2371
3641,4099
3796,5848
3614,2727
4046,5012
2727,2653
7900,6918
2605,2174
5439,4401
6216,5626
4042,4043
2229,3021
2565,2917
173,1707
3655,5055
5617,7632
3032,4233
1471,5897
2114,3970
4222,3140
795,2877
74,1186
1395,2066
3252,3562
2085,2593
306,311
5796,6600
4063,2925
6584,2285
128,2654
813,4269
5655,7763
6484,7092
1395,1730
3567,3671
3496,2144
5423,4361
2365,3958
1055,928
2452,7005
6855,5079
3965,6156
1166,3446
1166,3538
37,54
5474,4653
7280,3752
697,1023
3796,4613
255,627
2209,3020
3956,5130
2707,2251
6217,6599
6359,6227
3020,3363
634,4099
6,1982
633,1020
2667,5103
4310,5323
2713,2674
232,1023
24,1969
7540,7378
3728,2774
1594,2504
4169,6613
1210,3456
3666,4219
2595,2516
310,2400
3381,7662
2557,1596
4355,3459
3449,3144
154,370
2326,2594
3752,2619
78,302
3454,3394
308,439
769,3408
730,893
3961,2595
2859,2328
2859,4110
497,152
2560,3024
3569,2485
5819,2276
3144,2686
6072,7225
3854,6699
7744,7238
4963,3854
971,1780
7086,7510
1549,3138
2967,4043
4152,4485
4894,5375
5697,4483
900,2007
4709,3586
1492,763
3840,2923
3641,5295
5301,4310
2688,6272
4441,4297
2654,2053
4099,4993
1908,1137
3404,3587
1608,2834
1374,3887
1286,2619
90,733
1594,1489
3770,6560
4255,4297
1374,2535
963,3473
3258,1777
788,6255
5472,3962
1367,3548
165,39
659,761
737,739
7378,3084
5796,6105
3452,4588
2133,3755
722,1859
5439,4795
11,913
5020,5963
407,1953
2774,5123
3568,4256
922,1164
1282,1154
633,4211
1492,579
988,2595
11,1566
1701,4071
762,271
4725,3843
2747,3010
6560,6596
3813,4335
1542,1972
1549,1992
341,324
376,706
3912,4231
1496,1353
5761,5784
4074,4011
5321,5341
1211,4256
6323,5811
2688,285
2000,1482
2842,3276
5179,3643
2290,3529
4967,4335
1687,4528
86,1007
2657,2576
5691,3922
3162,2662
1305,2474
1210,1357
1783,1754
341,370
5800,7874
1522,3520
3317,3260
457,4798
1356,290
2085,2504
341,135
2197,2085
697,4666
1555,1608
1297,2297
944,2332
3949,2653
5558,5559
1388,1384
3026,3014
4813,2764
650,2323
826,1774
2964,1239
5176,5947
366,282
5686,3962
6612,6330
865,1549
1374,1403
6493,6496
4273,3454
2605,2120
3916,3586
5617,5233
457,2932
5068,5454
3641,4298
1185,3136
5890,5891
68,5430
1997,1965
2328,1384
1521,3307
4587,15
28,75
3556,5222
311,1284
5332,6328
1964,2485
1098,7108
1972,3456
2497,3258
921,1439
2476,2999
26,182
1496,6553
6615,7315
1127,1416
2617,4980
4211,4191
2557,2828
2371,2646
1166,765
3024,3117
128,1193
6984,4536
2565,4315
707,1234
4041,4712
2871,3114
2256,2818
1496,506
4574,3748
4966,4297
5800,7351
4076,2535
2485,3238
5053,6780
1767,4290
971,1811
6560,6994
2593,1754
7378,5605
2688,4962
3482,1100
3095,3376
1538,1489
2651,4269
2237,5130
5200,4632
5189,7050
4536,4962
4144,2859
2109,3117
5255,4448
3916,4536
2009,1357
151,966
1166,1984
1315,1296
556,5412
2411,4500
1350,259
737,1403
1589,1603
546,2411
904,1855
5201,7520
6006,7422
1492,1035
1470,2328
587,991
2360,3005
2323,3007
2510,2328
1608,937
6730,6665
650,2225
3297,3408
3956,6337
1350,1411
2658,5028
2474,2398
2614,3130
1915,2354
5817,5288
27,370
3152,2724
4040,3755
1964,1966
2688,2790
6280,5404
1796,6832
1135,1585
3238,6833
7902,2658
2231,2517
3902,3635
290,2871
2688,2307
1357,1726
1875,1730
3439,4536
42,908
1621,7386
606,280
2889,4899
1428,1672
1473,2504
3661,3180
7086,8224
68,4795
6560,7701
5998,7795
3092,1024
3463,5817
2790,3809
5696,5824
1896,290
1525,1811
3521,2940
647,739
5263,2831
457,1549
4725,4875
7980,7992
10,617
784,1918
1799,6665
2232,2426
3634,6251
1615,1662
5020,6278
2646,3645
4885,3447
1473,960
1614,3136
3352,3926
5531,6566
3035,3417
6605,6634
4056,4424
2831,2912
5800,8083
1783,1353
5110,5802
871,1453
2713,3646
7317,7323
5812,6023
2156,2329
707,1484
7685,5179
2264,3691
6494,4884
2215,3334
982,1043
4814,5226
7086,8042
6,243
1166,1416
7675,6422
5836,6094
2559,2625
42,378
766,5563
325,428
2565,3903
110,304
3352,2485
1549,3537
2485,3117
1506,5683
705,1007
2135,5651
3452,3125
2565,1956
986,1453
1762,8297
5068,4712
3390,3073
2565,8209
2510,1416
6855,7094
2658,6737
3402,2398
2688,2746
876,878
3044,2474
11,54
7301,4071
6548,3634
6618,4944
3032,3458
3009,1733
2983,4940
205,140
2186,5680
737,6422
6627,7094
6907,7695
1688,1965
11,1411
784,1297
1037,2665
3519,2657
2258,5437
68,5863
2473,2322
2653,4578
730,1186
1811,6699
457,5092
87,549
27,394
47,1717
1922,2900
3614,4422
789,1497
924,86
1210,1035
28,127
211,517
5102,4507
4550,3027
5783,4310
1267,2819
110,429
2688,2371
1151,1464
3910,5079
2688,5222
4662,4953
1215,7544
2688,1769
2290,2819
1608,2242
312,313
1583,2880
5123,4099
3033,2474
306,1984
2507,2973
4511,1984
334,271
3786,5452
704,3005
5020,3554
3462,1352
2145,6554
6627,5543
8,604
3479,3009
5487,4666
1549,6097
3519,4191
3634,3976
588,1492
6934,2565
1549,2587
265,6737
5173,7351
1722,1808
1166,5529
4717,7381
1549,2669
4659,2237
319,310
1151,1250
2727,4551
2831,4578
1691,2775
1338,1407
3092,7168
1137,1261
2688,4557
6848,6774
5423,3479
109,5596
447,28
5655,6269
5802,3334
3055,3251
372,373
122,2440
3796,4666
3350,3117
3916,5454
1549,1267
4829,5802
4717,6832
3522,3456
1098,3408
5396,3755
5002,5484
306,979
2258,4349
4899,5753
695,56
6620,5288
3457,4562
5187,2490
5188,5802
231,1080
8254,6634
62,370
6934,6784
1594,1168
4764,3459
4219,4706
1419,2669
1811,2001
5596,5697
1074,1321
3843,4266
1166,4530
643,72
6907,7647
986,985
1075,6388
1549,2339
600,246
6486,6634
4653,4587
8152,7233
3449,1185
7053,7699
3666,3660
2299,2251
82,93
3794,4338
710,1277
1701,7795
1357,1322
3728,3720
2775,4717
6783,6004
5123,15
205,1285
1352,1230
3010,3557
6510,6511
4598,5902
826,3338
6510,6566
5812,5818
1547,2651
742,7662
759,1855
3453,2831
1555,8292
663,3897
8,659
7086,8168
1360,3089
4273,5626
3604,2923
2839,6417
5179,7144
4297,3898
8053,4940
3462,4189
844,795
2272,2400
1055,1478
255,325
87,4037
4948,4828
6486,6725
2711,762
255,1956
5531,4536
1390,2880
2871,3892
1615,2151
2967,6306
2686,3251
2328,2747
4792,6700
3812,8294
3092,1769
1296,2195
3452,4424
5445,7021
2790,2120
3352,2760
6714,6784
3586,7726
2653,3301
4963,5092
5123,4041
3724,4373
5427,5335
2231,2589
24,1608
5152,2369
11,3800
3381,7214
6545,6595
758,5130
3352,4162
2062,959
4065,3830
2699,5100
6221,5262
1585,2252
449,4400
42,1353
1190,417
825,4687
2559,2958
5691,5445
600,2210
247,421
4363,3106
5612,4687
1803,1164
1034,2775
173,1377
600,6560
996,2785
24,3028
3447,4983
2611,2535
1111,803
4483,5262
1756,2426
2184,2085
7057,7378
1380,1513
5262,3691
1972,465
60,61
3635,3980
4219,4189
2474,2650
3659,4289
3728,1549
2655,3443
3615,4098
1041,4468
5053,5760
3498,5254
4045,6594
826,8290
5707,5891
1279,1055
1891,1250
3471,4037
317,686
1496,4402
1133,3334
173,763
311,908
1538,3005
4077,2328
2576,5732
152,182
205,152
3532,3548
2831,1972
2516,6634
5582,4980
5816,6498
7,61
11,2871
5189,5121
879,2646
6280,4361
2159,8290
3109,4040
2760,2258
3976,4954
1133,3125
27,656
1150,1484
238,28
6550,5812
5697,5178
3088,4432
825,2516
1542,4717
1462,1864
1566,993
3814,4103
3455,5073
109,2535
4483,2689
2297,4055
1537,856
5871,7225
6993,3752
5173,6907
1055,3089
707,1563
3522,6246
1167,810
2674,2251
2576,2687
2746,2825
4974,7803
600,6613
3985,4781
1024,3150
3569,2657
6620,5811
2369,4791
4960,5799
2456,6589
6924,7588
215,1774
310,2693
432,2592
4483,6946
2256,3410
1612,7791
1151,1814
1596,3276
11,4827
3449,6029
2258,3873
2713,3024
5796,4134
3404,4041
2859,4402
4682,2790
5812,5295
457,3352
5814,6869
7050,7632
2704,3307
2129,4290
2256,2790
946,2426
5800,5932
2256,3117
4982,4828
3009,4510
2322,6227
1462,1411
6,789
6993,6174
3125,2687
143,2625
255,659
4261,4662
1428,2871
788,2062
4224,4661
1166,7279
3641,3024
2651,4201
5818,3897
5952,5079
3447,6953
6327,6388
3352,3455
10,54
6713,155
3969,3456
2003,3265
1160,1476
2112,2185
3449,2605
4789,7879
1701,5445
5802,1972
1962,1151
2456,5671
3536,417
3026,3910
2972,4578
1500,204
2232,2618
2096,5799
4443,4276
3024,3562
1018,5623
663,930
199,1471
2983,7391
2072,1848
5915,6555
1470,2354
4347,6330
3786,1549
5178,6665
4824,608
457,4666
11,1154
1428,2617
2233,2234
3454,4072
865,1315
6945,4536
7357,8204
1075,2470
9,30
1133,1680
1991,2264
5816,6246
1401,1402
4688,346
1075,763
2120,5638
5189,6111
1074,1823
2686,4999
5189,6618
2651,3787
1549,2085
2555,1956
826,1618
978,1956
3449,2871
4461,4199
2411,1700
601,803
5804,6914
4688,2775
2925,3265
4948,5311
407,1534
5301,6218
2473,1918
4948,7882
4073,4256
6305,6503
1124,1888
2565,3033
3495,8293
3562,3005
1098,5697
457,298
784,2297
1729,1857
2169,2669
312,1661
432,802
4705,3334
2585,3005
4442,2909
319,5423
2651,4648
171,1190
2708,5083
1210,4289
4632,8237
4483,3479
600,1847
5150,4400
2560,7809
4046,4037
5489,6869
946,1888
1380,871
2299,3903
7027,6774
3225,2456
766,2252
1972,3024
2326,3843
2564,4953
789,4315
2237,3498
5817,1549
3274,2851
5819,3586
5314,4448
759,86
2703,3324
5103,8168
766,271
1326,1893
805,704
3062,2225
6323,6417
2237,4781
988,7908
3829,1935
1133,3073
1151,3009
57,817
1756,2955
5796,4715
86,4719
2264,5254
5162,4666
3192,3537
2298,2547
4824,3274
2940,5626
5179,5902
1166,1717
2504,3084
339,5341
3949,4043
831,5162
3642,6221
173,214
3636,2774
203,2516
3316,5605
1972,2062
136,2066
5140,4482
1772,1261
563,282
600,1549
171,1487
1151,2119
1236,1234
5188,7788
4795,5406
1230,1164
259,1203
2229,1814
1166,3253
1583,2474
4329,4219
1166,6004
2871,3650
1221,1571
2619,15
7903,4037
2694,5295
2859,1157
3665,1982
5543,5947
4963,3455
971,956
5079,5176
5529,7809
2485,5651
988,2617
3447,5079
2935,4661
737,4298
2833,2834
982,3276
788,6400
3461,4977
766,4103
2115,1835
3719,3005
2326,4480
3527,3893
5079,4631
26,391
1564,3755
3439,4110
74,922
766,5022
3172,3664
249,784
5524,3238
1419,2720
1193,1323
2251,2654
2651,2066
282,1603
6596,3297
733,86
86,308
3544,3276
2472,3099
2258,6229
6,5697
1374,3976
3799,3903
2565,8068
6522,6560
4211,2289
5382,5509
5806,7691
904,1453
946,1191
4127,762
2565,6873
4219,4335
2369,2276
68,3014
2752,2398
1013,1396
2871,4510
721,715
4948,7054
1169,4999
1767,3408
4307,4349
4536,3447
1210,1919
689,1297
311,1377
762,1029
918,1793
7378,7908
154,306
1137,432
311,3459
749,2819
2951,2576
6615,7362
109,4748
2655,3352
1667,737
4432,5103
4471,4712
4574,3456
4065,1310
2871,1769
11,3092
1542,4846
7046,3334
6900,7553
2229,3173
3479,4332
6612,6765
3168,3352
2564,4247
6270,6505
1296,813
789,2787
3379,2660
2169,1621
5189,5285
173,1389
2541,3348
11,23
2565,2617
1075,686
49,762
5382,4098
5531,5384
3985,3631
968,1384
2236,3140
3586,7553
6305,6850
145,147
143,373
8,566
1151,2660
3527,3007
4487,5412
3028,3650
20,673
943,945
28,6251
5022,5638
766,2328
27,135
7775,2658
6563,7054
7666,6759
4932,1305
2686,2625
2485,2619
737,6855
1885,1534
2885,1315
4110,6914
5180,2001
3561,1935
4142,1990
4437,840
1756,1888
1549,2504
11,1193
5836,5844
2768,2922
2713,2252
1381,3026
4151,1688
6280,7512
1055,4536
1621,1035
67,282
3,214
1210,2785
4531,4219
7614,5079
1717,2210
2565,7910
1167,4735
1549,2670
2550,1416
1470,2381
4310,7054
2972,4103
6316,6917
781,407
3965,2398
255,637
249,15
3456,6337
6327,6994
3568,3321
12,232
6264,6262
804,1732
1210,2210
3447,8295
4926,155
47,6227
643,756
1483,1484
4967,6946
7280,4401
4040,3910
2326,1729
5262,4625
788,930
4688,4335
1700,2814
749,878
3472,4999
1284,1285
1482,1893
1210,4846
2605,5693
2688,896
1419,2338
594,39
1836,1211
3813,2516
3321,4191
5817,5800
173,1199
2249,2625
4151,5637
27,687
4774,4831
6415,2620
3642,4483
1837,1137
988,4578
4441,3976
164,677
1114,941
5020,6334
766,6739
6,6765
3614,2001
996,1637
5739,3643
1869,1717
4136,5947
1525,1649
4764,5022
14,2653
11,3937
5404,7295
737,5950
766,1918
457,1628
4712,2565
2323,3541
6218,5605
1211,1705
7047,8128
6714,7510
3404,5100
4666,7908
1501,1261
2135,5412
1756,1717
6627,6424
3272,3030
6323,5697
259,4110
3719,4290
457,1026
6156,5404
3965,3645
722,857
3483,5430
3375,2585
196,214
2257,3291
1305,810
1549,2593
946,704
4665,4814
2398,974
1521,2062
4899,5123
1062,3956
1623,3812
2702,2708
1305,3164
3144,4578
5969,7092
1151,5178
2713,3483
542,549
710,1648
2072,2560
425,5079
961,2181
3020,2328
3642,5737
6270,5739
412,2120
4036,4600
2691,2398
7618,7620
5524,7979
6611,6270
3961,4024
3144,3454
7808,3084
4045,3586
1496,4040
2859,608
37,5780
4709,7874
2176,2700
317,1007
5524,7185
3973,3394
5182,4534
4134,6600
2504,2398
1733,5936
5818,6875
4829,6755
127,2576
6486,7143
1808,1097
2290,2597
7279,2658
364,2542
948,2181
4966,5592
6618,4992
634,2440
7047,6523
2702,5705
6624,2620
2688,2764
3168,3956
1210,5423
2062,2322
1133,1718
4967,6409
6946,7992
1319,1648
44,2516
6907,4983
4715,5790
3402,3455
2688,3285
1701,2535
24,1705
813,2963
1006,1326
2700,4031
5175,4098
2549,5263
2747,3580
2120,4466
1029,1533
7818,6979
2323,3803
2700,4138
2546,2794
2135,737
2550,765
4828,4488
7057,5872
4310,5822
1114,1140
6846,6855
7902,1982
2925,1918
5005,3607
2485,3319
1166,2333
6398,7620
310,1211
2452,5179
1990,4233
2381,4547
993,2625
11,1771
173,1638
1614,5022
5188,5714
6649,6873
5802,6875
1241,1973
1811,2651
1762,6725
957,1023
1549,2350
4310,4715
5697,6501
2620,5871
5983,3586
3402,2775
1808,993
5984,5524
10,631
1259,3489
1241,871
193,733
2443,2470
1133,5073
2693,3459
6494,5596
3027,6948
2256,2747
255,697
3297,6759
1964,4719
3191,4098
51,589
663,2700
4338,6855
4099,3291
4045,6029
2651,3026
2688,2697
56,49
317,271
5814,5932
784,1053
6547,3634
3454,4043
567,584
6596,7946
2688,1473
4321,3568
5531,3000
7964,5819
2416,3068
4673,4654
2688,1453
1472,907
7493,7646
5482,840
3393,5683
5022,6255
308,2774
7865,6618
6900,4536
3470,2693
3571,5106
5173,6327
3614,5239
5800,6243
5775,5800
1991,1814
1428,4706
5824,6491
2620,6833
564,255
766,5848
3452,3498
2375,2565
4447,7912
1701,5680
1133,1310
2485,6976
5524,6930
1374,6774
128,1730
1571,1514
3276,4024
6,407
2972,3615
2972,8294
2658,3772
762,1053
72,1622
11,4811
6305,3770
7280,5806
3452,4792
3965,6566
53,1744
2713,2398
704,545
5333,5335
4943,5092
2272,1521
1473,4827
40,299
3454,3854
5897,6634
2871,1596
4483,6596
4718,5743
2704,2697
5002,7052
2699,3489
3381,8083
1795,5073
4074,3661
6518,2589
11,36
3615,3933
2120,3193
87,154
3394,3974
6620,7074
4686,5449
1962,1979
1614,5341
3072,2727
600,3192
5103,6833
6422,6770
7578,8163
5189,6218
2145,3002
2692,2625
1075,1802
3567,2657
2693,1239
1701,3458
68,4099
5524,7649
2504,15
2557,2797
7086,7529
1991,2599
1297,2210
2223,3125
1492,2981
5103,6441
5822,5178
1236,2504
4653,4632
2760,2066
4937,4124
993,5064
3034,2231
1211,1267
3433,3352
1547,2768
1608,5083
1241,3005
3084,6833
710,663
1024,3125
766,2560
1319,1816
4070,2516
68,5839
784,2381
113,5178
3449,2381
6097,5079
2974,2775
663,600
4771,3352
6772,6980
187,214
3523,3148
2398,2597
42,4709
5697,1648
1358,4037
4781,4574
986,1864
2856,2662
7280,7443
87,183
2252,3629
1166,4201
3402,3433
1847,993
3642,5886
2674,856
4891,4037
4310,6715
2485,5020
4308,608
306,1701
7486,6000
4120,1239
4041,3691
1997,2128
2686,3547
1701,1734
4036,2440
2594,3089
5179,7517
27,2696
2369,5148
2565,4051
311,2655
2565,6424
1696,1893
59,1396
2369,6736
14,371
3568,4233
813,1471
3457,3568
3031,3803
3586,5806
6618,5998
3260,3030
3653,2324
3103,4485
2688,3463
852,1248
4673,6634
2948,2371
993,2137
1166,3320
2473,2662
2831,3480
3470,1166
784,1688
4045,7108
4063,6634
4144,3813
713,714
1972,1307
1473,1164
6243,4712
5437,4574
87,439
663,3452
1838,937
1151,3885
766,3010
4974,5055
6236,5415
2660,3027
766,4613
4943,7063
1550,3568
4447,5818
4044,4557
1006,171
6627,7062
2704,2576
87,3453
21,140
6596,5148
7007,6774
663,971
3123,1679
5800,6736
6596,7921
2379,3200
4310,2001
2713,3026
3092,3251
4036,4574
291,2326
943,918
157,743
6555,6004
2323,15
7280,7277
854,2297
1835,4247
308,697
5380,4400
3729,2328
1074,6327
2559,3117
5002,6594
147,1007
5017,4335
3597,2696
9,226
749,2225
2790,6246
3168,2646
2186,2747
1184,1186
941,1893
3603,4044
154,895
5927,8128
4036,5928
1353,2276
3352,5457
2133,2062
856,3084
1200,856
4191,5412
311,1487
2830,2877
2654,1679
1717,415
6072,7620
4045,7073
3456,7393
26,422
122,417
29,1307
5177,5188
2172,6407
2688,3030
447,3352
4586,4072
1980,2375
3305,4796
1374,8174
308,941
44,6306
3378,3562
236,611
3787,5412
5179,7544
1305,3538
1756,968
6596,7225
1202,1250
1203,1633
4345,4349
308,600
1467,3664
1549,1034
5343,2354
5150,5680
4111,4256
5612,6098
3528,3745
3258,1935
3641,5121
356,2660
3456,3806
6692,7979
3917,2237
3842,1453
1820,1291
6360,6218
1705,403
2565,7946
2542,2805
3456,4269
4632,5233
3352,4289
1305,2966
2381,5452
457,5222
663,822
5427,5844
3568,4235
7047,7803
3028,2693
852,2053
6,447
20,153
6620,7306
4045,6097
282,1471
23,50
313,941
1684,2225
3729,2775
2290,3404
1919,2830
6327,7115
1754,2251
2398,5412
937,938
2474,2593
909,5233
3798,3586
5190,6700
3021,2325
1542,6083
3036,8293
2688,1961
2133,2999
592,657
770,893
2859,4037
5800,6305
7052,7497
7049,7059
1051,3480
3024,1453
1374,1680
6665,3631
2116,2114
2906,3352
3593,1961
2659,2652
4662,5459
1128,4424
1820,2645
5802,7647
4310,5998
5829,5830
172,3529
2565,3576
5612,3297
2297,4124
1697,1385
3519,4600
101,517
7262,3381
2009,4687
1462,204
5966,5772
7675,7021
6032,5002
5188,5848
2565,7961
4045,2696
1489,2007
2229,2604
6560,7632
11,1492
2369,4037
988,1734
7132,6784
7744,5819
2485,5430
4712,6328
1592,1837
304,1622
766,6156
956,3433
8012,5210
6471,1982
269,86
1352,1585
3728,7855
109,290
5323,8295
6218,6327
1480,1908
4967,1247
1931,1186
4943,4297
1754,2240
2548,2794
4788,7857
6320,6388
4398,4400
457,5204
172,2958
14,368
1608,1000
1754,2117
667,332
6883,6327
1352,1253
3452,5092
1521,1608
5347,5423
2651,3856
3028,3351
3274,4448
5804,6784
922,1718
788,1157
854,981
3631,4297
2693,2416
143,960
319,306
1097,1637
6,168
637,2517
5814,7928
2120,3409
8107,7791
6,1297
637,311
5391,5697
2565,7862
7055,7809
2646,2665
546,3614
336,135
2062,761
737,7874
1350,1758
7280,7669
2371,3117
306,3562
1922,2273
2657,974
6510,6736
879,5800
5020,7553
4788,3460
3812,5684
20,105
173,227
5741,1982
1210,1164
5207,5925
1360,4953
6193,15
988,974
310,3473
209,626
4219,5239
2727,3404
2565,4583
3032,2923
5653,4500
269,972
3352,3568
87,6437
6946,4341
339,762
4483,6774
72,15
784,1622
689,2593
449,4735
2617,4037
44,1111
1166,2658
1549,2655
4219,1024
2565,7233
7511,7810
2109,2508
6416,6327
6941,6555
4688,3073
6914,938
3642,4709
2003,3607
3595,3173
3962,2859
2365,1571
14,150
1097,2576
1041,5697
2557,2322
7378,7277
7676,7238
80,236
2474,2815
6526,2433
465,3843
395,7414
2972,3320
825,4058
1000,1253
2688,4828
7030,6327
3168,4386
4509,3806
1210,6305
21,243
143,182
3594,554
1029,1218
2411,3104
1374,2490
3172,3903
7052,7391
1756,2517
4948,6555
215,1791
4355,3089
3333,2485
7614,6151
2507,5262
2903,1679
5006,5215
5391,5640
2988,2657
8,665
825,827
7317,7146
312,1439
3995,4712
2859,3980
6072,7047
425,5798
5739,3897
2688,4424
5796,5584
3960,4453
317,1603
3976,5484
2702,2991
956,697
3496,2660
891,863
4142,2612
556,1808
5462,8296
2707,2398
1908,1963
3660,3804
5479,5148
2369,5233
1549,722
3162,2654
870,243
6243,5254
1151,6166
68,5814
2686,5977
6248,4536
1023,742
1006,1248
5188,4536
766,2774
5179,5684
937,2955
6619,7214
2564,204
1428,3021
127,2654
813,859
4219,5022
722,2775
4632,8163
3404,4712
1553,2781
737,6934
7225,7400
255,779
3527,7214
1734,7651
3586,3962
7132,4037
1009,1164
788,1859
4632,4099
7900,8042
1972,3562
432,2079
5215,5200
5179,6600
5154,3664
4781,1385
2565,5459
5814,5760
2790,1706
6488,5524
469,1956
5640,5963
2504,4485
3260,1549
1111,2354
36,549
6772,6000
3175,2657
6494,7101
4846,2398
113,228
4415,3073
5176,5760
1428,2066
3469,3615
4686,8295
20,5775
2298,2993
1467,1468
3028,4507
3787,4349
3453,3958
3976,1549
1167,1192
26,163
5952,3885
1896,1035
2768,2805
2375,1637
2504,4043
788,956
3589,2657
1783,2398
2120,2323
826,2225
2241,1353
6024,7131
6624,7478
5172,5178
2713,2485
6545,3634
7086,5378
7192,5288
173,3843
17,590
1184,2797
11,4124
2257,3473
3479,4365
4142,3645
2677,6832
1167,35
2411,2510
4632,6246
3601,4310
424,428
6624,7799
4488,2535
737,6280
1386,1641
173,2345
5184,5430
136,356
1808,2547
2653,4256
6946,7116
6913,7073
2059,6907
2585,3089
80,86
1977,2062
4046,4103
7578,8174
1697,5176
663,425
2688,6262
1098,6151
310,1166
457,5179
2967,2697
1748,8275
150,609
1756,1977
1164,6006
6774,7620
3646,1777
3787,2252
5775,3297
68,2877
1594,1701
865,1573
6320,6809
2565,6305
2462,1250
2859,2516
3380,3520
2564,608
23,127
68,6306
7171,7553
2688,3148
5543,5199
2135,4735
1377,1382
2503,2607
704,2579
6270,3291
5460,5463
946,1259
6043,3084
2658,7879
3458,2485
996,2397
2790,3443
2840,2174
988,3937
5238,3459
6486,4944
311,1193
6627,6953
3049,3099
3452,1799
2700,3898
7520,6174
3015,2398
3026,608
2651,2838
1166,1990
1462,56
3000,1166
3614,2364
1302,334
3631,3313
1184,963
122,2667
166,2276
3634,4212
5427,5640
1608,2345
1537,4578
2747,4480
3062,3251
3461,5680
2237,3456
1346,1193
1716,1718
1566,1453
4310,7699
1133,15
1334,1193
6615,2851
1350,1783
3447,5368
2667,3265
3062,633
3026,4712
4899,2440
231,5263
5002,3803
2565,5933
6537,1823
1248,1160
1549,417
20,243
3598,2354
2839,1419
706,761
3460,3830
2231,2821
4550,2822
2651,1549
1888,8291
2651,2338
2507,1781
5016,5162
3624,2210
7390,5179
4040,967
7836,7092
3381,7052
3339,2594
1062,1621
4894,5189
1549,1723
854,2117
1900,1901
4214,2129
5817,1982
946,1031
3902,4011
3196,3404
1626,3650
1075,1548
172,6498
4072,4588
2709,1564
3453,4899
2547,5487
5696,5439
5608,5301
5189,5837
7727,4037
103,4929
2169,2294
3660,4422
1319,1633
8081,8083
27,175
1612,5210
4828,6503
3958,2619
1733,1799
6918,3334
3569,3148
3404,3643
2871,2210
1143,1043
173,1603
3593,7144
4219,4620
121,524
2223,5022
3449,5106
3665,3352
308,1248
3440,2576
74,49
1594,1555
3032,3946
6305,6481
3350,3958
4948,6618
5022,4574
311,1353
5692,4536
1062,803
2062,1842
457,4510
5820,7393
5814,6032
813,1915
804,1746
3159,856
1230,1587
2256,3291
853,299
1813,4051
2145,4875
311,1492
3274,2811
2507,2120
826,1772
87,1026
4338,5563
3394,3813
1352,1556
626,627
4829,4482
3110,3352
1741,2877
1029,1413
4077,3352
1167,4365
94,663
6945,7587
4468,5020
2631,2593
854,4827
7056,7443
6243,7414
2176,2662
1537,3812
4099,4645
2871,1393
2485,5002
2387,4448
1382,1453
2883,2822
763,637
634,5233
2369,1964
6714,7512
4234,2289
620,8289
6486,4966
87,4687
75,8
3724,4256
1374,1973
988,1706
4863,2237
3666,5484
5185,4875
813,4124
3032,7378
2964,1140
704,1026
122,2619
3812,2811
8197,8198
1538,1199
147,3056
1997,2604
3020,1416
789,1321
3348,5432
1221,3351
138,673
4273,1157
542,15
3388,1633
1549,2880
4824,5753
6934,5806
1166,5012
3642,4713
2688,2651
3802,3892
978,1847
766,5465
2647,1847
2326,3180
3352,72
1772,2814
6946,8025
319,4962
6555,7225
6,306
2700,3804
3168,4110
1767,2797
2559,3568
5655,6923
2619,7381
71,5079
2688,4650
2290,3148
1201,1200
7231,6907
4948,3002
5800,1026
1585,2053
2229,4422
789,5335
1838,764
5531,737
47,257
766,4298
6305,6299
5800,7119
1335,1680
5697,6624
1267,2097
7405,7763
2658,2129
2560,7726
2703,3516
3723,5412
1989,1622
6875,7561
543,55
3457,4706
7052,6875
3631,5022
4712,3334
1386,1518
1050,1378
155,5529
854,3393
2660,4044
7727,5022
5531,7088
6563,6994
3682,3933
4,645
668,3089
2504,6124
3728,2917
3108,1267
4496,7351
3448,4578
127,2754
2774,6832
6097,6496
2485,2484
1137,1723
2135,4827
1137,4365
3527,1777
600,1514
4036,155
943,3473
1808,2589
11,1465
3026,2973
2659,2674
1792,1920
1549,764
5822,3897
1305,3150
1350,1791
1886,1697
5361,5994
1749,3538
1166,2053
24,5162
425,1777
5773,1982
20,5714
201,1186
1875,2996
2653,2625
5196,3885
4688,4261
3352,4717
11,1903
2565,3643
147,1729
2326,2145
2660,2144
3375,3645
813,993
1055,3554
2686,3126
5173,7946
2485,3903
3682,3926
1496,3033
7086,7233
4044,4650
68,5697
5804,2276
1215,5079
1700,3050
3691,7387
2968,2658
6976,7890
3439,6632
3375,1915
457,6032
3112,3117
215,1193
3488,4055
3452,2237
4483,4993
126,956
5943,6421
66,3352
7675,8002
232,960
1151,4099
2737,2135
3258,8293
2099,2247
789,1199
2688,2605
1922,3021
2474,3443
1029,697
3159,2237
3522,4584
1135,813
1210,2470
1279,1549
2555,2410
6327,7215
766,7101
6627,4412
2416,2323
457,6594
11,3635
3009,2765
35,1476
3629,3114
7,55
3380,2727
1133,1266
2972,2646
11,2101
5061,5499
633,255
3527,3352
879,810
1549,1061
5176,5775
5775,4435
4073,4735
643,6400
187,243
3614,5802
24,769
4744,4735
691,1622
7054,6907
6305,7544
4746,3002
825,4578
996,1638
36,922
5612,6979
6519,2433
3191,5430
4972,4298
3666,4986
1062,941
3792,5509
3614,5680
766,2790
290,1757
3,178
6072,3293
3498,1385
1343,2398
6984,7040
432,5073
3026,5412
3642,7047
6815,6783
3032,1792
2240,1608
306,3352
6039,6029
6422,6762
1847,285
2605,2871
4016,2210
1267,1566
1977,2332
1167,1538
1487,1319
3454,1385
2851,2356
3794,737
5796,6770
7865,5096
2859,2542
5006,4547
2368,15
1166,896
177,677
3032,7478
2565,5392
3976,4712
4524,5210
6068,5179
2485,5459
5166,6330
3930,2398
3642,5824
6560,6327
230,171
805,2237
3568,5509
5445,7860
3447,4574
2948,1734
122,3260
5655,7315
4455,4037
4310,5818
7174,5773
1549,3459
5796,5543
4037,5226
3944,608
7666,7012
4712,7088
2711,3537
5940,8192
4632,6498
2909,3835
2384,4289
2972,4534
3399,3408
3009,5524
7818,6946
4138,3125
4829,5245
1365,1075
6914,6946
3449,6337
1891,1992
2072,2178
2688,4811
4967,6097
7826,6709
1395,1754
1644,3334
172,2411
3560,3803
7421,8163
4355,1733
5233,7092
6223,6006
499,86
3274,7021
1135,2073
1390,2151
1549,4191
166,8163
1585,204
3062,1919
1305,3812
5814,5254
2703,2660
1608,1390
766,1972
6772,5714
7225,7652
2504,4024
689,1992
3175,3973
5857,6272
1253,1752
1506,1489
6314,5233
2658,3394
5002,7662
4717,2516
263,3106
6500,6566
62,2092
1166,3433
872,2770
7052,1403
1972,4604
4483,6107
546,5273
1350,1319
2328,6327
14,28
321,938
3425,5375
3614,1648
226,407
1037,1437
395,5596
5741,7620
1042,2785
2542,2328
2981,15
3084,2485
5524,7341
5020,5640
4333,5412
1428,1284
4045,4953
2713,2623
1552,2195
1166,3126
580,6784
3057,6979
400,321
2411,2708
4536,7649
2658,4942
6896,4134
5361,5980
1608,1201
3026,2510
6714,5199
5606,5745
2521,1186
2972,3498
5783,5848
3976,5481
6486,4791
4633,3835
3394,1549
3682,827
3976,2354
6618,6320
1128,5449
5079,4824
825,3835
916,1186
2704,1437
2690,856
3864,3059
5857,5543
58,132
3056,1393
766,3029
788,6409
6501,5739
686,5233
1133,3724
7706,7707
2160,3089
236,356
766,72
6486,7162
695,1123
6270,5773
2693,3106
2547,4349
814,979
3321,3084
5935,5487
317,820
3252,2134
237,2814
5543,6246
4712,6407
3624,4162
313,1538
5378,8209
5179,1549
1470,1164
1142,7168
5002,7186
4687,5176
764,2322
1111,1542
6305,4795
2509,2685
5262,5754
4718,5239
588,959
1501,3117
3020,2900
2967,3843
6596,7726
2688,3439
3631,2258
5415,5423
5246,3089
2838,1297
3297,3351
7057,3962
5028,3897
1297,1964
395,7115
1922,2665
2237,3117
7964,7965
5818,6576
1133,4072
7237,7529
4070,4127
2565,3453
2658,5096
2359,3265
2842,2830
72,3459
1501,1564
2688,3021
854,3238
6726,6004
5799,6296
6316,3459
2063,2685
922,1321
1888,4055
706,1772
5254,4536
1470,1319
5612,5226
308,813
3748,4712
1127,2963
6443,2160
103,4944
5103,5671
2120,3320
1537,3433
1151,2475
6359,5079
2688,3253
787,1018
3787,7810
1210,1034
4138,608
3787,7553
2565,4453
4483,6555
769,2828
3381,6790
3642,5563
3027,3029
3601,7620
1982,5839
1204,4792
6870,6873
5553,5963
838,1752
5189,5588
6299,5421
5859,1493
6619,6765
3380,2576
6174,5818
2326,2398
2693,3351
3028,6686
2033,3352
2951,3976
3026,1792
346,974
2093,2157
3352,3180
2761,2763
5524,6855
1767,2237
2700,4110
993,2225
376,1992
3209,8293
1055,2398
3449,896
811,1864
23,144
5391,6523
2688,5790
825,5426
3641,4547
4814,3897
3498,2290
87,3479
879,3661
704,1787
3447,6784
556,1956
1496,3251
852,3479
2369,5564
3449,4072
2549,2323
6064,7517
6280,938
7386,7857
1151,722
1135,1646
1374,7092
6032,1403
1549,1137
3614,5848
1231,922
4666,840
1585,2410
2547,1792
4792,5028
3614,3586
5020,5449
1762,5596
3614,3309
290,1305
1009,1402
1133,608
1416,3309
4377,2871
3796,4735
5796,6832
5630,6269
432,719
12,435
2176,2856
3642,3346
5802,6198
275,667
1374,5199
7052,7512
4824,5745
1489,1600
2485,2918
4437,4719
2859,4412
1215,7131
1471,5246
313,1482
2387,5189
2328,2322
6003,1159
922,1279
1166,6432
11,2777
3633,3650
7055,7882
1951,2973
2559,8292
2485,4162
81,28
1350,1514
2203,975
7052,5466
1982,5002
5708,8042
4065,4536
1137,1375
5998,5404
306,700
1142,4631
2790,3576
72,7279
2545,2504
4211,1990
1888,2205
4632,3885
766,4175
722,1186
1622,1992
3969,4261
730,5412
6,1557
1552,1014
1549,1151
3799,2585
5285,5288
7743,5179
4673,2620
766,5222
5427,5459
2535,8293
94,8282
1132,259
1395,935
5739,5263
5439,6422
3010,3549
6602,6600
1549,5061
2135,3020
1357,298
3386,974
3854,3024
2117,2504
4046,7092
1510,960
5190,5387
1891,4021
7578,4981
2328,5714
2651,5775
4673,6554
4070,5106
1612,7788
871,35
4598,7478
663,1167
7057,7478
7063,840
7449,8134
6657,7840
7176,7116
7733,5812
1133,4831
911,626
7052,3459
3568,4013
8265,7238
72,719
3641,4400
24,1855
1553,1482
2972,4562
8041,5605
2595,3258
2674,2623
2925,2547
2297,2660
4632,4310
4824,5103
4329,2516
1542,7012
317,929
946,2333
2376,6218
4,243
25,154
784,311
5934,5802
19,286
851,857
173,1903
5324,8295
6006,7341
5445,7620
1111,4400
4310,2925
1203,1979
15,477
1110,1080
21,590
51,299
2932,4231
769,579
8053,8249
1891,2619
6071,7803
3794,5818
3459,5739
5179,6330
3477,2585
321,311
2576,3089
4632,5404
3453,3854
1267,579
7080,7185
3443,2508
3020,2830
2328,6576
5773,7890
4894,6226
53,3650
5613,2398
180,1026
766,3871
5524,7835
3275,1297
766,1247
6206,15
988,3007
2326,2923
4527,5083
7679,5148
4948,4071
1622,2830
6736,5543
1006,1203
4189,1990
3976,3796
2667,3015
2790,3352
2688,3720
5457,5792
1374,2225
2326,2411
6906,6503
5543,4764
588,2385
2699,3117
3269,4037
3624,5980
90,3435
762,1012
1097,1437
1647,6784
5176,5226
6976,7510
1166,8290
3658,6227
36,719
1362,259
1051,290
2619,3028
2485,2511
179,761
2240,6774
2550,3171
315,1186
722,2996
2618,3030
5800,6725
126,75
3449,4528
2576,2825
11,2144
1167,2834
1392,1394
1522,4072
6486,5806
6624,7624
1991,633
3629,3010
6414,5582
1055,2411
2256,1935
364,4110
2369,5079
11,2760
173,995
2522,1186
1555,1780
1050,1199
5531,5760
1811,762
109,5827
5862,5254
2299,2485
5189,5341
1608,993
1203,887
1029,1587
3723,7632
2686,3520
4717,4666
72,422
7727,8002
993,2157
215,2332
6270,7341
2565,4468
1286,2686
6761,3830
3033,2371
856,2231
737,7620
1808,1230
2653,2909
4441,4814
7386,6618
4712,1352
600,1548
7769,7927
4781,3274
395,1384
4347,7341
5159,5162
346,945
457,2605
4632,7795
1350,1297
3814,3260
1615,1000
2237,2289
3728,4797
3032,3276
1918,764
4040,6278
7733,6946
2485,2542
3835,2354
4910,4037
7132,6914
722,4735
2871,214
3447,5106
8,589
5189,3460
1157,930
2411,3126
7391,7050
6,592
3479,3661
3455,3073
2704,1814
967,5210
1583,3650
6020,6226
3168,3568
5285,5651
3902,2760
3010,3903
4536,4529
3916,5233
3658,7512
4632,4534
346,3009
5103,6032
1029,1780
122,2565
2972,3748
2693,2594
3642,6029
5582,3498
1538,1836
2964,2225
5921,6327
2595,2746
4964,5404
2485,737
1585,1966
425,6255
6035,4041
3477,3173
3688,15
6726,6833
2974,3720
14,216
1772,1987
5059,7301
2257,4827
2688,5132
1705,2323
2923,2535
4673,6409
2290,2289
3965,4071
5184,2258
3607,762
2249,2851
3453,5162
5176,4338
4099,4846
7350,2940
5776,7391
7733,8051
3814,4043
1200,2724
1166,4666
981,1193
400,192
275,182
2237,3338
5524,5096
2473,1653
232,1855
2832,3352
3010,3089
2700,2747
2693,3010
3666,3958
11,2746
2256,2066
2688,2693
5176,5423
4662,2917
5177,6523
4967,2909
11,4578
2160,3776
72,789
5671,3770
2851,5445
2290,2652
5775,3631
1492,691
1487,1836
3125,2325
4276,5775
4169,7351
1916,1658
5626,5072
1098,1781
4046,4189
5839,6161
2790,2256
7391,6634
305,322
1374,8128
71,271
704,2106
2135,2794
2474,1416
6993,6913
2802,2805
7818,7912
3015,2001
6494,4065
4487,3089
6006,2620
3009,5543
4967,6777
4948,7443
1639,2686
5696,6004
664,749
4046,4993
5366,2822
1138,805
5581,2765
1811,3238
3600,7279
5382,5155
255,817
1919,1842
2242,1749
2967,3002
4098,825
58,93
24,1111
1612,8235
7390,7442
3275,2657
182,1864
5390,5392
4795,6328
1006,762
4782,4953
5387,4400
1074,686
7239,3969
3666,4331
1814,3099
2701,2174
1097,2958
1133,1055
2186,3969
1468,762
1594,4179
3098,633
5022,5809
1235,35
1972,4055
784,8291
2871,2066
28,304
7280,7662
3806,2565
1748,2565
5189,6417
4725,3334
4967,5123
1374,1127
3443,2565
2485,7862
3276,3034
312,722
993,1377
546,2073
704,714
982,3615
1055,1261
1480,763
224,2066
371,1485
7086,7279
6062,6098
5802,8132
1151,3309
336,1201
3614,465
1521,579
3498,7961
2542,3926
1701,6496
3300,3307
4312,3645
2365,2754
1922,2426
4534,4191
697,271
182,878
1487,2665
2276,896
1596,3284
907,8291
1538,1124
2912,3033
2231,2366
2999,3635
1612,6901
3402,4453
2747,1729
9,868
68,5226
4077,4977
1614,2225
1919,2411
2326,3148
7179,5773
6299,6788
2328,2324
2145,4234
3615,2686
4828,5872
3522,2001
5020,7632
346,2411
1808,3498
2507,2410
7630,7632
3787,4796
1261,298
1132,7108
1166,5800
1184,765
1468,3089
1886,2091
3192,1729
5106,7397
1135,2076
2565,2511
99,7574
615,255
6615,7185
2707,3284
1991,1646
7225,6032
3033,1166
1847,7146
813,2323
467,214
317,1413
2407,722
3642,6218
6518,6832
7052,5738
1306,1726
871,1966
3242,2576
1137,1140
710,1754
2658,5144
1496,4261
4673,5479
2871,4162
1200,1679
6627,5835
6394,6634
7225,5806
5932,5254
7894,6914
5189,3015
626,3136
345,56
4074,4384
2807,2809
5524,5459
1931,3408
2371,3748
1542,3463
6914,7478
1374,3910
904,1322
5189,7378
5814,6917
784,1200
7925,7927
769,1465
3454,3439
2557,8292
601,1468
5802,7553
47,761
3641,3898
5189,6261
3394,2746
1132,2290
457,836
1305,2809
2560,2617
1211,2877
7092,7833
6736,5818
2747,2651
3660,2900
1035,2963
5173,6777
4563,3843
2194,2195
4255,4266
2565,2838
1202,1489
6619,7279
3683,4037
7092,5079
7080,8168
1200,2599
1305,2225
5140,6576
5189,6832
2497,2662
1661,7497
5524,7890
182,1569
5179,5776
2474,1549
2257,2144
3142,1982
1439,1234
2510,2674
2660,4797
861,707
5965,5254
3976,5817
4483,4797
371,823
2237,3010
3010,2693
6946,5421
3452,3433
5123,6323
4310,2774
312,1963
5768,5262
47,1186
1492,2474
4219,3443
784,2411
3352,5449
4273,3568
24,5818
4994,7803
813,3473
2145,5463
1305,3351
6305,6388
2118,1919
42,415
5582,6774
467,893
19,132
5197,6004
1700,1012
3614,5055
722,2946
5787,5103
5020,5620
3301,3307
499,893
371,1633
2700,2655
6619,6417
425,5233
3258,3807
7130,5773
3447,5543
3402,4124
3453,4962
1922,1419
2790,5323
319,6860
4071,5412
2658,4824
2610,2625
5487,6246
3032,6599
5339,6023
2565,1291
2297,4263
7774,8209
457,5529
960,626
1013,762
4045,1473
2697,2328
3390,3854
706,1569
5022,5415
223,80
600,1023
3352,3027
4476,4777
7056,7803
8,151
1522,4588
72,514
3635,3970
1374,2859
2658,3464
5862,5936
7391,4401
2576,3148
1852,1849
36,2117
2688,3910
8,261
1221,2210
691,1243
710,1043
4310,7143
1278,1277
6217,6498
1549,4266
4432,5814
1925,3136
6991,6789
730,704
5347,2354
2660,2653
2719,2594
1133,4600
6624,7005
4673,4666
1354,259
3284,15
5697,5295
2507,2693
1127,1482
4830,4831
172,1384
164,151
1006,3136
3394,3645
3463,4199
7231,7450
2684,2685
3394,3010
5125,4687
3965,3027
44,4687
3615,2516
334,313
7614,7658
7400,5079
3020,1754
686,407
6,820
5140,4717
94,370
1603,6334
5423,6000
650,1836
2384,5106
766,789
6914,7246
6156,6417
5482,6790
194,2585
25,407
1496,1847
2822,2354
5185,5802
635,1035
1808,5947
6615,7695
3056,2209
4630,4037
4543,4544
7086,7497
1419,2670
2559,3307
3352,2973
5189,6078
5757,6218
4598,5096
3453,7553
1489,2055
3056,2657
4095,825
600,749
8036,8121
922,1857
3452,3958
3601,3748
2871,4588
5553,6860
2719,2958
87,75
1749,2662
1034,1043
865,705
967,6918
1420,2211
3786,5072
1885,1777
4065,3645
996,3089
5804,4712
1029,3755
21,271
10,656
2256,1705
2842,2398
826,2240
5189,5680
4483,1305
1748,3191
1522,2508
946,947
4435,2871
3354,2565
4602,5445
47,8
5051,7862
5008,2775
4967,5568
6784,5818
3642,4530
2964,4021
1151,1049
2323,3371
2688,2507
395,3634
993,826
4725,1305
365,477
988,2237
3586,4875
2651,2760
2651,2625
3378,4179
1699,1701
935,1859
2372,2517
312,2397
457,4098
1542,7946
5150,5459
1037,15
304,1864
5812,6458
841,837
2790,6833
4899,3393
5655,7116
5862,5863
1701,7131
3180,3506
4063,737
3522,5994
3252,3516
2565,7620
766,6327
1661,3144
4536,5500
4483,6665
6460,4689
5106,6000
3031,3005
5915,7694
6398,8297
2646,3144
6271,5188
1127,941
766,3615
87,762
2328,3970
1137,4099
1538,1236
769,2128
1151,3144
5296,1799
4564,3443
2009,2516
5814,6780
7733,7021
2947,3489
2698,3516
1124,1772
3381,4536
2609,2720
2974,762
2651,3144
4948,4124
4342,2592
4144,2398
789,1248
3909,465
4162,7871
2768,2809
166,5738
1767,4037
2699,2657
1063,4717
7354,5800
3691,4335
2967,2240
310,2241
6075,5545
1700,2643
7906,7553
3447,6934
4074,4323
128,1485
3168,3020
3809,6634
3084,3537
2654,2667
2701,2416
2231,3201
7386,7567
5106,5543
4138,4986
3032,3180
2613,2674
3453,7632
122,3887
126,913
4007,4290
2472,214
600,866
1781,2507
6772,5806
6072,4037
5692,6892
5446,5445
2236,3320
3454,4424
984,704
3081,2625
2186,6098
2120,4536
697,730
3647,3903
2586,2643
1284,1726
663,243
7126,2511
1972,4110
1549,2809
2411,4247
4632,6946
3642,6528
2565,6869
737,5295
1972,1416
1838,2066
2565,4777
6217,5254
2572,2629
5697,5584
71,50
3660,4051
3033,3059
4948,5484
3562,3807
4364,6246
5714,6481
2967,5073
1236,2251
742,3460
4981,7908
21,2085
859,1836
3641,6124
6146,2535
74,789
667,665
127,4234
2713,4424
75,8285
5286,5288
7110,3885
996,2805
1142,2328
2229,1416
1386,1482
4448,5162
216,1418
4673,4791
3528,1297
996,5233
1615,1622
5439,6707
766,765
1769,3537
1914,5445
1615,2165
4989,3458
75,1243
1374,7351
1756,1103
2560,1026
898,86
2290,3009
113,28
5802,2511
5189,5463
813,579
3352,3800
1522,3059
5820,7788
5356,3910
2565,3967
3451,2144
122,3014
2688,5454
310,682
2565,2625
46,8287
4474,4480
6241,6665
1549,2693
1210,1717
5177,4828
2623,6279
5802,6976
6488,2160
4948,6665
2658,1915
7238,6618
2473,1419
2691,4527
4065,6323
813,5103
1571,1603
1492,1538
523,524
1210,3479
2658,7910
4072,762
2962,2963
2145,3291
6914,7052
2832,4529
1135,1501
1541,771
5180,5886
948,3253
1767,2576
87,1053
4948,7341
5171,5459
3571,4463
3568,2485
789,1816
2859,3200
2215,7108
1034,1297
826,1757
5796,5936
1305,2768
143,633
5543,6124
5802,5998
6360,7073
3660,3967
3087,2371
2473,2256
103,6946
4748,2398
2291,1977
1098,4666
1796,6739
3642,3498
904,982
4483,5058
3345,2297
3447,3103
3451,4808
7026,7116
1395,5445
2375,765
1285,1305
900,1193
1762,7647
1130,1131
3449,3813
5998,5822
5185,5524
2174,5626
5697,6901
2257,3680
4191,4987
5741,5020
1236,1521
5423,2376
5262,5947
308,1506
171,1619
2565,7561
5739,6901
3449,4587
3815,2544
3633,608
1487,2625
3615,2381
3969,5969
789,1014
3643,2276
1200,2647
5342,6043
1200,2877
7386,7833
993,1637
113,1563
3459,5144
1820,1374
6907,7510
2988,3615
6327,6501
1167,1563
5816,6855
707,1538
1522,1903
6620,3459
180,1754
6934,5998
4063,3454
68,130
3635,4875
1385,4884
25,339
6560,6123
4967,1159
865,3393
1210,1585
6460,7701
5857,4361
4431,5288
2618,2751
5250,2785
3519,2134
2328,968
5200,4448
4046,3453
4045,4103
6542,4507
3402,4011
4617,3014
78,378
2646,2972
47,1859
6620,5932
5776,7237
8190,7924
3724,4181
2697,2775
2237,1297
3381,2542
5630,6930
3000,3919
1865,1411
4936,5144
6075,5624
4045,4547
2473,2993
4547,4875
3346,2657
707,1476
1305,2550
24,579
3192,8294
2159,2071
7055,7088
127,3769
759,5392
5897,5499
4564,72
766,7946
383,2398
789,971
4967,6570
36,1555
996,7373
865,2490
2740,2618
72,1193
109,4795
24,643
7086,6665
6218,3459
3024,2667
1200,2768
1922,1291
4136,4290
7047,8198
7862,3293
151,1648
3678,3847
6620,7301
2688,4162
5998,5002
4044,4938
5177,1972
136,5844
6969,6523
5215,3634
3614,5693
4894,5215
2256,1564
5446,3015
3366,4500
4688,2237
176,1186
1339,993
1500,1315
7080,6320
5596,6078
2688,3973
1751,3937
4828,5757
2677,5697
784,2877
1352,1893
3007,2251
29,4666
6934,6765
216,321
3028,3661
1211,3265
2557,2777
3168,3291
2379,2257
766,4266
663,730
25,8282
4890,4588
5655,7047
2686,3439
79,8287
1151,3792
3724,3615
5263,5568
319,7021
74,8290
6907,8042
2387,5204
6305,5002
1608,908
4040,4402
1167,2650
813,439
2948,2654
3452,4712
1550,3352
1133,1282
5697,5321
2585,2594
5179,6337
6728,5002
1062,1164
5262,3191
59,152
5185,5798
3013,2999
616,282
1395,2697
2297,2117
8,875
2559,2290
2118,2685
376,1482
3381,6832
5104,1473
1305,3681
5802,5543
5176,5506
730,1131
1374,7400
3482,2506
2549,5784
426,39
6596,5179
1029,960
1166,4384
1594,993
4072,2237
1305,2707
1267,2619
1319,3136
3965,6344
2658,5106
1215,3873
4138,4463
1501,3171
457,2289
4948,3092
3346,4735
2369,7860
122,2665
2713,2576
988,2760
7455,7131
2706,2973
4152,3352
2713,2819
3973,3787
2565,2354
3977,8294
86,299
1253,1842
4598,7553
2542,2660
7523,737
6,392
3794,4953
109,4994
722,2643
1754,3787
791,5811
6503,6221
1125,1492
2768,2120
1062,2475
5140,6552
2024,665
650,2339
6323,6979
1296,545
2427,2629
5176,5651
2909,737
440,538
2485,2398
1614,3680
4276,4400
5079,5466
553,5466
2129,3454
2840,1419
7057,4632
766,1159
6772,6913
7454,7131
4212,3537
237,2768
4894,4335
2118,1888
8194,8192
3175,3461
4357,3661
73,299
2381,3720
3092,6306
954,985
2688,5100
996,2669
3352,3970
1835,3148
72,896
3562,1990
1286,6032
2871,5563
5029,2785
766,5079
2427,6417
3962,4886
2324,2485
1236,1390
5739,5848
3020,3030
5179,6832
4488,6634
5802,8174
2713,3005
971,311
1055,1193
5796,6124
1608,1749
946,2818
5802,7510
8046,4432
4632,5487
7053,5671
5437,6029
457,7092
36,2135
6443,6006
5179,6327
1847,2354
7931,5179
993,2834
1377,407
583,3334
1133,2696
6502,8134
2618,2510
8,310
1522,3480
546,4453
6486,5524
4455,3645
737,7012
336,8287
1319,3014
6218,4994
3854,3607
8,391
639,271
4970,4875
312,1030
1000,5624
8051,5378
789,56
5809,5543
5543,6736
7086,7992
5531,6243
3910,7047
4221,6032
311,1717
4827,4828
1492,3253
2237,3125
2159,2253
231,321
128,1416
6323,5902
5188,6330
6615,5199
1470,1555
356,55
1185,1849
6626,6595
5667,4335
2003,3026
986,8291
1549,946
2967,5026
2072,2814
143,1279
48,94
3645,3562
36,1123
4221,3284
1972,4795
55,28
2719,1049
6414,7116
766,4219
1555,1482
8,677
67,153
737,7391
259,227
4963,4938
971,1973
308,545
2693,4191
4821,5162
173,7649
232,619
5166,7965
3568,4088
2290,2667
1922,2650
2565,4530
4437,3459
2186,5584
3010,1291
5543,5806
842,1859
3641,2696
978,1641
2549,4797
11,1372
4632,3770
2618,1549
1350,1855
4099,3092
722,1573
2713,2594
3614,5739
996,2246
310,3352
1549,4600
2323,4820
865,228
722,1525
1510,1531
3238,2381
3786,5533
6790,3459
7280,6422
1811,3634
7283,5432
79,271
986,948
4045,4899
1151,3026
766,5148
2565,7012
1615,1487
4082,5848
1203,334
784,1966
5524,7450
1009,6417
2651,1437
1608,1814
2366,2736
1621,3238
3479,6098
1549,3136
255,2834
55,682
4045,5226
2871,2225
5233,3393
727,214
5233,5430
1099,1542
813,3033
649,432
11,955
1164,1966
151,8288
994,3529
2618,2209
6460,5020
7400,3885
2658,4402
226,1573
1926,1855
6976,5582
4967,6337
5817,7168
3461,5563
2176,3099
4276,2507
1305,3646
3145,3352
3451,1385
3961,4011
3541,3903
2474,2210
7386,7882
1051,938
5150,4547
5804,6600
1468,346
766,7912
6483,6299
5748,4338
1496,1322
1470,737
319,1919
3956,5412
5188,6328
7237,6243
6488,6634
122,3480
3455,2871
237,1034
3917,2328
1305,4993
6624,6712
6596,3310
4743,4875
5185,6755
1844,1849
1749,1565
3301,3847
3447,6305
6179,2440
20,3755
173,1127
87,1413
2474,2506
4338,3458
104,299
1847,4191
1215,1754
2473,2625
311,769
2674,6599
7865,7908
3284,4557
6510,7052
1151,7005
2695,3720
7490,7647
3378,4162
1380,762
432,407
2480,4315
383,56
5692,6560
6132,6950
1319,2117
1549,2181
11,2409
582,589
3032,5452
4219,4796
4662,4666
2088,1997
166,8083
173,836
3615,2619
4036,4808
4315,4983
20,3
1125,696
5531,6255
4814,4827
1705,214
1167,1754
7092,3459
6265,6262
71,168
425,2700
2688,2774
1006,2231
7092,6044
6272,7553
5489,7092
1055,6566
3447,5417
5020,4777
3686,3871
5915,7819
28,2470
2416,1835
7047,7890
789,3393
789,4212
961,1964
199,1412
2593,2117
6165,4134
14,390
1374,7587
317,704
1151,1285
3034,3106
5184,1799
2658,8042
2229,2593
1235,1464
3297,1633
86,2775
2706,2700
1701,2594
457,1012
4824,5844
1767,2620
2659,417
3642,3089
5824,7052
6280,7620
2542,3473
1549,765
1717,2508
1594,763
5179,4247
127,2411
2298,4201
5217,6832
766,5545
47,4735
407,230
4073,3455
6907,3310
2326,4058
6913,6330
3786,4098
1051,3439
4142,3125
282,590
1137,3898
4045,4510
879,881
5697,2620
3026,1307
759,1053
3498,2237
6624,7587
1098,4401
173,7809
7733,7063
260,261
813,1315
3084,6043
3456,3812
1915,5083
1615,1661
7409,7839
1055,56
993,5100
3345,2542
6218,5798
4829,2364
689,2517
11,4417
5176,3459
6,971
3969,5012
2493,3634
5155,2689
1167,1428
704,2181
2565,3106
1707,72
1142,1248
24,1439
2237,4365
317,794
5630,5824
142,349
6020,3498
766,7493
8107,5378
3445,4247
404,1521
4879,7386
6327,6347
3451,4776
3056,1744
546,4578
7170,6123
68,6262
5190,4099
4894,4099
2507,2856
4065,2289
5960,6124
5053,3238
7792,7835
3404,3417
4673,4748
5614,4335
1133,5404
3026,1437
1688,3537
634,4290
2328,2066
766,1919
2790,3580
3072,1416
3275,5683
6218,6914
5008,5484
3641,5811
4632,6306
3815,2655
4191,3334
2328,722
3815,2014
3010,1297
6951,8007
556,150
5103,7890
604,310
2550,2834
1492,1506
339,733
5447,5449
826,1966
4353,5637
4041,5178
8053,5022
2651,2375
1547,1482
4347,5933
6305,7810
941,171
749,4666
3062,1416
993,2685
1311,1372
1470,1234
4483,5188
25,282
6346,6624
2371,4653
172,4798
3787,5452
71,19
732,246
4838,2237
4488,7238
1253,1787
3724,3346
830,829
801,2055
3969,4266
1614,372
1977,1482
2576,1865
71,75
7774,8051
1566,3748
3005,2210
2576,6918
2229,4373
1374,2877
1772,2120
2972,1549
3796,1688
1166,2322
3642,6571
2791,1808
1943,2625
2411,2790
4042,3631
826,1573
4036,8198
7676,4940
3567,4929
4967,5437
2651,5412
3469,4335
4377,2917
2565,4191
3350,3453
749,86
2485,4600
3666,4780
173,2165
3394,3903
68,3946
6510,3459
1204,3537
4706,4261
2010,5079
4828,5738
5697,3498
1615,2073
6114,4981
3522,4551
1794,1706
371,4335
5181,5651
5189,5973
788,963
3457,3125
203,1717
6006,5404
2290,3568
5181,3456
6907,8128
3110,1297
6772,8083
1977,2145
3028,3026
4308,5543
6714,5902
7301,2658
319,4954
6523,5543
2859,3404
3481,3059
4347,7927
2258,4043
3720,4030
2972,3454
3404,2485
5531,3873
6596,3293
7831,7393
457,922
1822,1893
3024,2225
1496,764
7063,6907
7092,6736
1615,1151
2940,5233
3274,5245
2641,2643
457,1496
1367,432
957,958
6,1442
7092,6755
5811,3830
3020,2593
6123,5822
2595,4875
1677,1199
813,1049
7120,7634
39,252
996,1608
1553,1600
3661,2066
2547,4875
173,1547
6596,7652
2485,2174
993,1679
787,4212
2744,6251
7090,7529
3453,2811
4036,4099
3478,3479
704,1987
2564,5714
2900,1549
2702,4127
1754,1496
2133,2587
1734,6462
4717,7618
41,28
988,2612
11,2655
1133,4040
3787,7280
4483,2354
2322,1621
2237,3433
4338,2398
3258,3646
826,3033
2072,2410
4632,8192
5802,4791
1195,1006
103,7553
3252,3903
2651,5445
635,299
3024,1307
5189,5430
1166,2794
125,704
86,5936
2925,2926
2696,2225
856,7351
1489,1768
5008,4068
6934,3334
1521,2400
3854,4335
157,204
7052,5933
1358,1549
3417,2237
5243,5392
1847,5392
280,977
2623,2996
1972,2700
2328,5524
1029,1798
1659,1661
635,2660
3458,3634
3084,3005
1374,5072
3786,5412
1585,2371
854,8174
6627,7115
2988,5775
5022,4507
663,1241
4433,2871
5839,6424
1143,1888
11,722
2708,4719
265,7478
686,1282
3956,4031
2564,2981
1074,2160
2236,8291
2595,608
706,1662
1428,2252
3854,3796
2504,2585
2565,2727
2565,2160
6946,8169
136,6997
1098,4940
2702,2565
4347,4983
2972,3873
12,538
2585,8293
310,991
1395,3136
865,2687
432,700
36,5412
5177,4981
311,983
62,415
6624,2851
759,643
1951,3408
3995,2516
3912,2585
6765,4709
3188,1297
3631,3568
2542,4687
275,1835
1814,3842
4487,5306
1549,1471
36,861
3032,4297
3009,3140
1297,1484
154,310
5998,7115
3394,4315
90,549
2811,5459
2542,1297
4792,7092
4315,1385
71,427
24,1018
2375,1049
1247,1633
1166,2508
5981,5799
722,2470
1720,6327
1006,861
3452,4600
2485,3144
5189,5925
2932,5103
1496,4400
5543,5545
1204,1305
6726,5596
650,794
11,2470
4144,4797
1670,2117
1319,1628
643,1758
650,817
68,6914
5177,6934
1585,1547
1055,978
3724,3117
3519,4587
4748,3284
1522,2651
2988,6148
2713,1307
2010,2101
1781,2114
3615,2646
5802,5776
2328,6347
1166,2223
5184,5335
3317,2535
2229,3660
6648,5254
5966,5963
3748,2289
2328,2579
722,3145
3976,7185
946,3256
2328,1166
3969,6860
42,391
766,1585
4455,6327
1985,1749
4846,4653
2364,2660
1319,948
970,1893
1202,559
852,2066
371,86
59,1633
1442,993
2674,2297
664,1718
1210,2273
3995,5178
2276,5973
3787,4808
5814,6946
6072,8037
5096,5973
1127,1754
6907,8219
25,19
1891,1211
4042,825
4310,2160
4774,4212
769,2576
1290,1377
5175,4534
3634,4712
1615,1633
5814,6634
1221,2579
582,4662
1820,1646
1133,3192
364,370
6714,2565
11,1412
3483,3897
310,1977
310,3664
1550,3661
335,4037
6737,6739
6946,8007
2654,3446
4725,2456
1522,2470
4813,5200
1382,3005
33,2119
2565,3537
826,1749
3381,7279
5188,6832
3046,2251
4929,4536
5508,5509
1549,2273
3720,2210
2703,204
5783,4574
3188,3117
3682,1744
1111,922
947,4796
5800,5824
600,2004
47,3136
1741,1496
5172,4310
3995,4335
3032,2790
3462,1185
432,1964
2972,2328
312,803
6855,6832
2565,6388
1521,3265
1549,2114
2651,3967
7236,6032
5029,3910
6007,6094
124,95
2696,2653
109,6330
55,29
3172,3180
6636,6634
813,1428
1133,1752
2435,2174
3285,3307
2662,2665
2504,3650
3636,4953
1700,1585
1132,6306
2688,2662
457,4929
5102,6227
600,3443
647,282
2704,2550
4967,6920
1356,1638
3660,3562
318,1080
312,784
6896,6897
2371,4323
1623,2323
178,3897
280,667
6305,2914
950,5459
4266,4269
766,2623
4136,3631
722,935
3062,2231
2819,3439
68,5620
5697,5543
2328,2345
1838,2097
35,135
7302,7301
1747,3452
7733,8121
1538,4021
20,1783
2369,8212
6483,6723
3304,2485
3976,6097
3449,4687
2411,2252
1808,2385
766,3835
2565,7666
7691,3962
6443,6914
103,2686
3614,608
3812,3816
842,1706
1717,4037
1875,4269
2940,4179
1285,3005
5188,4964
68,4944
1857,2307
6618,7318
3635,4332
42,710
7769,967
3026,2209
1279,579
193,228
173,4037
6770,7050
2565,4631
7352,7544
55,348
2871,3243
4947,5058
2859,3144
7225,5079
5702,967
1919,1622
6299,5829
3381,2297
649,793
4948,5100
1594,913
1055,6599
5704,3089
4764,6229
1278,985
66,3464
1888,2323
3522,2398
4709,7961
1279,871
706,1864
6914,6736
5934,896
3404,2657
9,893
667,3009
308,704
7294,7510
4828,6021
4967,2774
1962,1697
1782,1000
865,1030
38,54
2290,3301
766,2993
11,2062
7055,6243
1496,1658
2909,5387
3090,6784
2658,3443
7047,6634
2713,4297
236,308
2299,4824
1395,1966
3569,3937
87,6006
457,1596
304,1131
4046,7108
600,6739
29,286
2258,2605
1350,1973
4948,5800
4189,3192
1549,1757
988,7810
2387,4315
2102,1549
2688,3898
1875,2625
587,1425
5582,5932
2940,290
3666,4661
4103,4798
8077,8079
1230,2333
6991,1982
3479,4233
4688,4719
3872,4365
3127,3541
8162,5064
1442,1496
4557,4338
1350,1628
882,1569
3615,4289
4632,6595
5150,3897
2822,1723
1550,3192
4934,2433
1931,2654
1922,5026
1688,4179
12,937
2328,1186
1428,2004
320,1080
2693,2433
1608,3150
3352,2338
3920,2981
2611,4261
1305,4199
2972,5506
784,3650
4124,978
3593,4884
1835,2707
4044,1961
1137,1049
2133,1492
982,1192
879,3680
6624,7862
7900,8163
964,966
306,2790
5038,840
312,1700
4967,5925
5526,3803
2299,3117
2145,3338
2948,3140
2237,2830
2361,2362
1621,2174
5185,6458
766,5806
7044,7803
5596,5991
3877,6784
2882,2880
1609,1201
4673,2440
6886,4037
282,564
111,885
988,2435
310,1039
2440,5819
4982,3796
1470,1893
4282,4796
709,714
2688,1026
7055,7624
737,8212
2062,2333
5189,5262
3614,5459
172,1757
319,3958
3780,3480
3276,2958
48,54
3631,1307
5531,6901
742,7214
11,4058
1200,1393
1247,1441
6523,5839
3447,3334
203,2398
24,2328
1492,1814
5106,4400
6133,5037
2612,1548
1125,3473
1098,2721
4091,1307
7047,8139
3447,3479
74,1583
1280,290
3519,2485
615,617
14,8287
1133,3748
3095,1393
5800,5822
4062,3562
3453,5033
3256,3020
3084,1915
3380,204
3796,5459
1919,1734
5714,4175
3519,1549
5179,7092
650,714
2885,2972
5773,6774
12,793
2323,3562
791,3459
3381,6227
291,1297
2133,1808
7393,7651
3168,4666
4214,3568
1221,803
5015,4940
3451,4373
698,2323
7052,7553
1820,8292
3107,3660
6615,3381
5028,7092
6270,6953
292,1201
172,2470
766,960
3000,4994
4899,5323
1125,2398
4295,5743
826,2231
2474,5311
3635,4290
805,1125
731,739
592,619
3027,4574
2156,1140
3642,2490
1820,2231
5472,5155
6907,6044
3479,3958
28,656
5800,6634
3586,5624
1133,6098
74,56
712,1603
4001,4021
1385,4179
265,2369
7055,6442
971,1573
35,1127
2863,214
5739,5829
1132,5902
2605,2251
2229,3235
6994,7214
946,2801
1166,3796
5531,1972
941,861
257,977
3032,6251
6613,6305
3447,5998
71,2398
1549,4712
5028,5079
3459,2276
406,560
5472,4846
2015,665
8,55
1097,1428
6486,5800
3024,2651
4073,4828
1615,1253
3519,3892
3454,4875
3550,417
5839,5210
6619,5773
2972,6594
308,1587
3191,4315
4632,5819
7387,7553
7080,4983
106,1595
28,178
6595,7414
2660,2831
4364,6979
3453,4463
3614,5430
5521,3456
4707,4261
1972,6437
2658,4331
10,627
4310,2490
1089,1717
27,4828
1700,2579
1487,3030
173,579
1374,2809
2474,5200
1098,1357
3823,3541
3724,4269
7380,7381
2145,1608
8264,7238
2065,2736
1542,3014
2713,4179
5678,5679
1009,299
5998,896
2688,2831
4828,3796
3032,1823
2683,4587
2476,2617
1279,826
1167,2877
3622,3024
5185,3897
2967,3796
2209,1357
5697,5037
5296,3417
122,4417
172,391
3796,4335
6951,6980
5002,6980
1098,8050
1063,5844
7233,5872
4415,4588
1352,8290
1003,7115
2925,1211
941,1805
922,1167
2473,2264
1487,1726
1374,6523
2541,290
3976,4621
6408,7144
1922,2604
4041,4335
6736,6892
769,1413
1319,1531
3642,3919
2688,6809
737,3084
2775,3394
5711,5459
3110,3635
956,2508
11,2686
946,2697
3274,5022
3536,2799
315,742
3624,4110
6714,6000
2660,2516
1967,873
173,2328
5085,5880
47,151
827,3024
5822,6503
1374,5683
1487,1619
2940,6600
2135,6218
1353,5341
7544,7005
1837,2963
5524,7632
5605,2398
5179,4846
4317,3568
7092,7301
1247,3454
2688,1744
5446,4361
319,4551
922,978
5796,6498
4859,4124
5998,6618
6608,6665
635,1621
6043,7795
708,978
7054,1026
4483,7809
759,972
3024,3580
255,643
2411,3580
1762,6665
2093,2435
457,545
1281,1888
1919,403
1583,1608
6608,5871
259,959
4712,5452
6934,6503
1381,3192
3026,4024
1492,1284
8053,5812
2851,6850
7054,5902
2474,403
3092,4712
2842,2510
2940,2297
5582,6955
715,1282
904,1633
3394,2923
1279,1357
3057,4071
2859,4728
2908,2623
6537,6606
1166,3813
873,730
788,762
3607,5684
3381,3969
826,1880
1097,3352
4046,7088
1151,4964
794,1569
4967,3803
600,3408
4824,4781
6560,5233
2369,4401
236,325
3803,7115
265,2151
5998,7890
3238,3456
2842,2958
3976,6083
2560,2595
5543,6148
1662,856
1605,1253
7625,5028
2964,3394
1730,3970
6,228
1166,2324
7276,7763
1687,1501
1074,4791
2473,2375
5819,5178
2326,3260
1538,1165
2560,3439
20,405
1832,2819
4224,4811
1037,5079
2072,1097
1697,1859
4335,6980
8000,8002
794,1573
66,56
1133,2517
4099,6913
138,806
1552,3324
636,407
136,6498
138,168
7378,5022
1700,908
853,317
5697,6001
6068,4828
841,2256
1006,1984
3028,2651
4899,2001
5856,4574
5800,6993
122,3489
5175,5452
1922,3084
3173,3529
5768,5178
2667,5509
6327,5773
2371,2323
1133,4646
2384,4037
2225,2135
1133,2760
1894,1534
826,2016
6538,7529
6563,2440
5188,6715
789,8291
122,2932
7378,8198
1428,1849
109,6914
1051,644
6555,7651
5697,1549
5822,7063
2752,1744
27,15
1812,1842
2565,4138
86,243
1908,2333
407,2433
3641,6948
2618,2669
1542,6123
3787,5683
2565,3645
2605,3856
68,3371
766,1984
24,2697
3461,5189
6243,5902
1374,5637
856,6700
4040,3812
5316,5387
3009,4422
5050,4653
5812,6784
7092,7788
3449,4986
1055,3276
4041,6337
3568,5863
6494,5814
457,559
635,1211
5102,5936
4714,5775
3352,8294
1468,2264
348,704
5796,6934
5079,5902
954,955
789,673
457,5055
4127,3812
794,1633
1808,2794
11,1749
2135,4712
4838,4600
20,261
2231,2435
600,750
998,696
766,6043
789,5543
742,1053
51,93
1286,4613
41,322
5012,5568
4138,3192
1868,1749
3803,4212
1184,2151
7511,7021
3480,2506
6270,4218
2257,2576
645,875
6217,6725
7005,7757
5043,3284
4688,3276
1951,2485
695,3631
5102,6330
1050,1053
795,1211
1644,1787
265,3587
1767,2625
3449,3843
879,4485
1320,647
1814,993
5173,7921
1166,1983
2255,2193
122,2014
3168,3117
5184,2398
993,1319
707,994
406,675
51,56
302,75
310,4828
2323,5817
7409,5002
2688,6047
1922,3082
2272,2120
7280,7763
978,644
1772,1780
6773,5871
3127,2585
87,3276
1628,1669
2747,3892
3034,3005
14,4179
4738,4735
5543,2565
2251,2231
3806,3192
3792,6296
2328,1653
2565,4011
7086,7243
1596,4043
20,80
7564,8121
5190,5412
457,587
4653,3456
766,7005
1571,975
122,1297
5176,6078
3973,3192
763,4712
4899,2909
2251,1061
1200,765
4211,3661
5478,5886
6248,1972
1972,3352
5839,4828
971,334
826,415
982,930
49,1550
2181,2475
152,55
3457,5239
3056,3548
3449,6124
4574,5182
2160,2398
6305,6994
2859,4510
6692,5288
3976,6269
139,1507
3661,3615
4045,4613
139,611
2229,3192
766,4631
4070,4417
36,560
706,1496
6006,3962
426,567
2565,3867
7865,8212
5691,5790
29,308
1135,3056
6918,5404
1041,6934
6359,6600
6615,6417
310,918
3916,4797
1182,922
4353,5482
5807,6417
943,1023
2859,3650
3457,3946
2940,2324
3026,5452
2832,4297
8,406
823,29
1614,4706
8,373
3028,2871
109,3291
6881,6560
1507,2062
3642,5529
5187,5863
7046,7646
3519,2871
988,1291
4974,7414
400,769
1487,1903
4073,4041
2967,4013
2693,2958
7057,7833
71,2972
971,1199
3447,5829
2559,4384
766,5802
2542,2859
3979,4011
3634,5423
47,1285
7052,7478
7906,5887
5697,2273
3451,3464
47,178
2297,2333
1470,3010
4598,4011
1765,1849
1564,8290
769,922
2472,350
1462,2066
1166,214
4653,4828
1549,1285
1442,64
457,2246
125,1218
110,4981
465,3812
826,2819
6305,7301
1305,3772
1615,2106
2237,4212
7086,7882
310,2097
1622,2923
1042,1992
6615,4037
784,4201
1608,587
1549,1772
21,168
1203,1692
4632,6262
79,93
6596,8122
2135,3880
1167,2575
583,5421
4041,6400
1700,3976
3041,15
1705,1808
2092,2091
2593,2805
5624,15
3787,3089
1133,2697
3728,4417
1051,7778
5796,7115
813,2144
110,937
5321,5301
1221,1193
541,49
3642,6340
11,4485
5020,5513
2118,3125
3614,5925
5531,1549
172,2662
1248,1525
1922,2371
1428,1514
6913,7074
7230,7632
7121,6714
795,1420
27,5743
1111,299
3020,2231
1385,3164
789,5683
4073,1990
6460,7092
2565,7021
2135,2174
7744,8174
1133,4776
5002,1403
1585,3520
5796,2658
663,171
4138,3274
937,1754
6483,2160
3785,3026
4364,762
71,228
4842,2237
2842,2576
4255,1305
3402,2369
3973,4311
5802,3752
2210,4233
3659,3084
1305,2724
9,592
2686,2620
6359,8297
7057,7647
820,2120
6657,8128
3454,608
2565,3806
2605,2707
269,348
11,34
769,5804
705,317
2346,6661
2473,2560
2565,2325
600,1103
7733,7734
3469,3192
1487,3130
1555,1236
663,2643
2702,5103
2727,3265
5022,1074
2692,3265
236,349
1585,2193
6717,6869
3024,4173
308,1811
4045,1648
2688,3646
2658,3005
5179,8083
2474,1592
2565,2510
3642,6156
3456,5499
3224,2237
3450,3557
151,80
4536,3854
5783,2775
2326,1549
9,1103
1962,1963
3519,3352
7907,4983
312,311
7601,7646
72,8295
3443,3724
1395,1714
3586,7662
3032,3026
3642,3937
6042,2276
763,2977
5262,4310
766,4828
5329,5335
4550,5891
3144,204
2746,1549
2371,1012
766,1772
5802,5079
5814,5432
113,339
1615,1679
3447,6765
1705,1919
4142,3660
12,697
967,8037
5022,4065
844,935
6156,15
788,15
3459,4764
2871,2516
4335,7908
1395,2560
5181,4653
1166,873
4151,2775
6914,3885
3449,2145
3796,3274
46,150
1247,2871
1972,974
4273,6170
1621,8290
1237,1260
1133,3956
4899,4717
1492,1888
1985,2625
3199,3307
7697,3962
3684,2654
5173,4764
722,2877
110,934
825,737
1991,1653
5472,7073
1746,1788
2747,3529
766,4299
457,2504
3647,3937
5179,4071
2473,1393
5824,2565
722,1018
4681,7992
3449,5775
259,29
2932,3557
1098,6170
2688,3892
766,2653
150,566
1462,2285
4001,1385
1064,15
2452,7414
1554,4875
1230,1621
1374,2560
5531,6503
1166,3258
122,2697
5079,8224
193,358
1428,1103
4626,3443
4759,3835
2229,3145
3802,3922
143,378
5185,5002
1496,2657
315,963
4967,5680
6726,6323
5160,5392
1808,2174
5818,5415
6875,6634
6243,7699
1783,947
3719,3260
4828,7899
2497,2510
996,2241
1641,1489
3518,1297
7579,7620
6094,5423
8,232
5822,5872
3032,4530
193,86
1259,1394
1608,2145
988,2973
136,1234
308,1022
6902,8121
904,3755
5189,5760
2416,2926
5079,4530
1305,2257
71,257
6615,6198
1167,1330
1767,608
4077,5430
6627,6833
2323,4400
3812,4021
2713,2657
922,763
1521,2485
5178,6496
5176,5756
7053,6914
1621,2593
5489,4071
5068,7908
1524,5321
5819,6432
7832,7092
2326,3887
1374,6784
4142,4422
79,75
1098,6305
2618,1166
5177,5079
6270,6272
1166,2510
2411,1680
285,2517
71,3800
1352,1111
1555,1679
157,3506
46,624
166,1297
2290,3114
4036,5506
1661,4482
3188,2687
5002,4536
4604,4605
2502,1018
2411,3538
1050,1966
310,447
1480,1816
766,7871
4712,1799
5103,7835
35,54
707,1587
3453,4811
1087,5254
3812,2506
7047,7835
722,2790
351,86
5531,2914
1261,3755
6624,5933
4076,6634
3614,2775
7391,7529
1767,2066
2623,3921
1922,2325
5531,6907
3073,2981
3787,2517
1899,1901
1129,1241
5119,5204
1166,2856
128,1012
5998,2620
90,3897
4976,4191
5103,8128
25,94
766,857
2667,6327
86,4055
813,878
312,338
1133,3922
2240,2409
1766,2182
2925,2972
2569,2570
1482,415
5123,5182
763,2398
826,1672
6525,5811
5110,5178
1470,3607
304,1164
5614,7924
784,908
1552,1411
2209,2120
18,477
166,1279
371,5288
766,6166
2967,3680
1319,1556
5911,5928
5188,6554
495,622
798,4349
3449,2014
3020,2116
2565,4620
6907,6555
3366,2364
2651,4453
769,1196
6991,7052
705,1201
28,214
4662,6774
319,271
1215,1880
1184,1496
5053,5079
2833,1549
1350,1680
6220,5384
6494,3238
5915,3310
2379,5631
6906,6299
2062,1783
6570,7301
879,1990
4142,4289
302,359
4666,7992
1248,1428
1480,5614
21,868
2299,7092
2474,2145
2658,8168
1549,1927
3454,2595
5524,6833
3615,3893
3461,3140
879,3276
5796,7871
1111,1997
5262,5123
1267,1103
1166,3554
6665,7620
5817,5404
1594,1919
6494,8174
6241,6424
8211,6618
5423,6409
21,2814
1470,1661
334,704
2516,2517
5226,8058
6914,4940
1281,1282
8063,5210
2653,3007
5817,6832
592,224
86,1234
4448,4828
5437,3586
172,3516
6736,5739
5173,7073
6,643
5811,840
1185,4875
3522,3291
79,311
3175,3967
4436,3958
3634,3635
8,396
312,979
351,733
4320,4417
4070,4424
4045,6930
122,2256
3394,3291
1496,2618
3786,8293
2300,1390
11,4024
432,3635
2958,2225
3345,5596
5696,4715
4076,3912
5022,2490
1628,8290
4441,6328
943,4011
3378,3321
5089,5262
2677,6790
4046,7257
6270,5811
20,274
2229,2416
5697,5863
601,600
6305,8043
5862,6272
984,995
2328,403
109,7553
4070,3691
2707,2912
3461,8295
4527,5130
3196,3937
3073,7290
1042,1842
7055,8192
3615,3822
3404,2623
7733,6414
8,798
4476,525
5180,2765
4846,4632
3439,1571
311,6715
173,1997
4894,4964
928,762
695,1603
1291,2972
319,1164
6615,5321
2326,2066
1772,1585
41,1259
2485,5683
4046,5083
643,673
4261,3276
986,1842
3386,1166
1608,8294
1006,1798
556,675
3634,5463
2246,2535
1762,1493
2703,2754
2645,3439
231,271
310,857
3032,1777
3615,3937
25,50
3634,5022
3439,4402
3352,3607
3191,3417
4948,3455
3767,4385
1966,8149
28,488
6560,5800
1374,7295
5263,5743
6793,2160
2859,4256
2790,5263
3394,3117
1164,1956
5382,3103
168,299
2251,2814
7047,8226
127,3537
6032,7618
4041,1247
1384,2565
3634,5886
469,1717
1428,2095
3345,1571
6,779
1980,1964
5301,4574
1644,6437
74,2181
2688,5886
2972,5756
7052,7835
6359,7257
4448,5308
5037,4712
789,1521
173,1489
3449,3002
6217,6720
2323,1571
395,7553
2135,2323
3451,2456
1098,2593
2500,2629
769,868
873,875
2257,3465
4036,3720
1357,1622
3748,2790
1267,1908
215,2409
3454,2760
3661,3926
5179,4781
3088,8237
3345,6570
5226,6634
911,1080
311,1597
3854,2653
879,3956
2549,4536
4598,3334
3691,5208
308,29
749,2651
871,1538
2174,4269
5871,6720
5802,3634
2072,1985
3453,4531
1393,1394
6618,5022
2724,3772
7580,7658
2768,2174
3643,608
789,4600
3381,6221
1688,3144
4792,4981
3641,4191
5524,6098
3541,3680
3635,3615
5079,4899
2411,4299
1470,3276
4488,6618
4476,5233
1583,3251
319,627
826,1322
1496,5106
1352,1297
7675,7386
6469,6424
2778,4510
5888,5891
6766,7306
984,15
3098,1416
870,1768
1549,3104
615,319
922,1482
2277,4335
1167,2619
2565,7373
14,259
7666,6320
2364,2667
7775,5210
1074,5950
2116,1888
7225,1982
1062,975
2660,3807
1734,1521
3641,6777
3983,2535
3447,5044
4725,2381
7564,8128
7231,5872
3456,5684
2623,5956
6993,5902
3976,2535
15,417
1278,1633
3660,2923
6523,6934
5053,6043
2485,2972
2740,2120
319,2660
600,2851
1496,1622
4151,3643
988,1357
1029,1531
3601,5189
1166,4811
3965,7788
2707,3015
1236,2585
899,2809
7682,6946
4527,525
109,4798
3796,4266
3587,6850
4437,3635
1762,6832
2696,2144
825,3748
3084,465
179,989
4717,3084
3240,3243
7352,7740
3728,2909
447,1049
3457,3555
633,6330
72,182
7047,5096
152,514
1608,1628
4725,4796
4964,5092
2256,2593
3313,1777
4647,3447
28,798
1293,2877
3439,2324
2693,8295
5176,1548
4400,5412
5806,8073
7055,7620
5582,5002
3258,974
1166,2362
5543,6305
6217,1352
5085,4828
3641,5543
1133,5222
3453,6296
81,517
4,415
5176,4977
11,5037
1029,1222
865,882
341,348
1166,1140
36,2297
2072,947
844,730
2529,1186
2657,3005
6993,7763
1291,3885
2565,5378
7117,6327
600,3352
722,3050
1151,2940
5998,5932
4491,762
6552,6832
5171,3643
5150,5775
3417,5335
6082,6707
1808,1847
3095,1437
7327,6299
2290,4088
1972,3516
3958,4689
122,3321
2488,3607
2257,2667
5800,5897
1790,1791
371,204
2688,3529
311,4534
71,3576
5382,4846
44,214
3454,4531
7046,3238
2134,4256
393,394
10,257
3764,2657
1608,1534
2387,5430
6609,840
87,658
5524,8295
6126,5829
2174,2410
457,2651
4310,4781
4144,5210
994,4384
5800,4712
5819,4940
1331,2160
1985,1166
1972,4043
582,4605
4899,6328
3034,3661
457,1533
2369,5208
432,3408
6170,6311
1185,1859
4310,4777
1808,1284
1796,6327
766,6251
3274,5527
5802,8297
5079,4401
1905,1908
1585,1097
1647,1211
2174,2066
11,1200
1132,3238
1762,4712
1799,2535
3449,3664
4899,3691
1972,3970
981,1377
3457,5289
3695,2654
1029,871
766,7961
4688,4189
4948,5226
319,4632
5103,7620
5196,1972
4894,8295
1285,2079
3449,3537
2724,3200
1298,978
5177,5246
3586,5178
2535,1186
2135,2398
3447,6246
5531,5254
3000,5811
4653,2605
1492,1580
1795,2324
215,94
3642,5972
8077,6918
4483,3274
6377,5321
89,2144
6270,2851
6421,5829
710,230
3461,4040
1204,803
810,1191
2326,3898
11,271
865,214
1549,1247
1799,3803
7402,3334
967,7620
3276,3404
1111,1977
5478,4964
1820,2963
2229,2565
764,1211
7132,5839
1210,2593
2565,4373
3293,5969
6079,6080
3449,4613
2229,2474
1377,1484
457,4831
5391,4712
11,2604
5103,8192
6,993
11,608
66,4588
7280,7668
7280,1026
1701,1473
5313,5484
647,836
4310,7063
2713,978
4967,5693
697,1141
6,300
197,1353
3728,15
1374,6624
2135,3238
4967,1648
6024,5936
4948,8051
2472,2076
3127,2693
5037,5563
8,394
2033,5341
6218,7632
3666,5100
2485,896
3642,5799
1896,403
3453,3309
2565,1646
1428,2151
4040,4875
4251,2932
841,2968
6627,7588
2967,3568
1395,1390
6509,5140
946,35
313,290
2547,3034
3696,2654
1221,1538
87,2398
2871,4661
6486,6323
3449,1473
7280,7910
3449,3898
3591,3568
1521,1714
2009,2504
1166,2643
2702,3117
1247,1097
1769,993
5485,5886
2914,1754
1098,946
1615,1411
5800,6789
1924,3352
143,36
986,3970
21,960
2688,4298
2298,4231
3145,5790
3590,3591
3910,1026
6620,1982
4829,5818
948,633
600,4191
122,2657
1029,1486
3995,5637
3477,3800
2688,6227
312,321
275,604
5339,5341
1210,762
2485,1990
1133,2653
6601,6600
1297,1705
5696,5626
2972,3796
1717,1979
3457,6543
5524,5148
3624,3125
564,756
11,2456
3352,2576
941,907
988,6946
3034,2237
2356,2565
5775,4071
2565,6875
1099,1855
27,4335
2694,4735
4000,3843
2688,4276
457,5262
171,1501
5806,7653
259,1835
4994,3015
2842,2700
4542,3897
3642,6860
6905,5484
2118,2128
4964,3015
10,681
101,75
26,89
1621,3117
5022,6409
6615,6930
1210,6715
4310,7653
2565,8249
1615,1471
46,3435
11,2565
4441,5404
1922,5305
7861,5738
7703,7707
1374,2687
240,1152
854,4385
1977,2362
1447,1439
3449,2760
5189,7662
2171,1297
60,1726
2972,2237
795,1549
663,700
3691,7632
1167,1321
4663,4191
1594,1752
2371,3007
3032,6918
1029,1471
946,72
215,1811
1608,947
4767,2620
2595,3034
2686,5524
3541,825
4276,737
1245,1221
1820,2338
1879,1880
2326,1239
1367,2667
2120,1781
7484,5872
6525,2565
3010,608
3192,3615
3031,2900
546,1816
1549,5100
4967,3376
813,1658
2623,4527
5543,6296
5179,4338
310,1573
708,2768
99,8132
1972,2485
1470,3473
2688,6624
3458,5083
3457,5288
1820,2594
1621,1808
407,838
180,5563
993,1646
234,28
1170,1186
749,817
5604,6305
36,1310
1462,1377
842,936
29,127
6713,6715
1951,4994
1799,3456
2102,3976
2660,2871
306,794
2595,2134
3165,2550
3175,827
3466,1549
4328,2565
2375,4331
3498,1473
5802,7529
4255,4138
1125,1211
310,322
3352,4417
3032,5932
5932,6566
1808,2629
182,271
4040,8219
6993,4071
1293,2880
722,86
1367,974
2001,2004
2085,2091
5802,4341
2542,765
1200,1167
961,2069
20,1389
1400,1633
2548,2144
5123,7699
1889,1893
816,817
5316,6913
3806,4263
6627,5760
5106,1982
3252,2485
4686,5100
3615,3806
3682,1935
1336,2091
5380,5392
2842,1357
7354,7478
5800,1498
2693,3435
3452,5753
1395,2246
1820,3650
1922,3892
1114,705
5806,5210
457,5775
5822,4341
5295,4977
1049,1465
4948,7810
3999,2746
1151,6032
1350,1167
737,7651
150,56
1549,3463
5796,6055
4824,5506
1644,1384
2473,1688
896,696
1608,1168
4144,2160
178,673
172,1792
3662,7021
4523,2433
5189,5233
1525,3136
4124,2326
1820,1918
5524,5233
1055,3084
1151,346
192,857
2790,3024
106,1211
1549,2625
1922,188
5316,4191
1924,3835
1427,1203
2598,2643
2504,3117
3073,2819
3787,5028
6377,4764
3402,4820
6620,4536
121,95
3631,3562
766,749
766,2831
35,1446
6615,6270
81,8287
3095,2713
3733,1297
2566,1549
1151,1592
4132,2328
1615,1124
111,308
6772,7306
3360,3348
36,3258
7057,4940
7697,7740
981,304
42,1783
5871,5596
4682,3635
5816,5423
6804,7414
2547,6435
6299,6624
6359,6840
5787,5624
94,1053
6359,6913
2369,6156
310,1520
2328,1835
449,6221
6494,7620
311,2535
2713,4055
1492,1211
3098,3251
7086,7908
6,1465
1215,6161
172,1243
4828,6555
3973,4331
1357,1496
319,3796
3786,5778
7277,8121
2900,3253
8,584
1423,826
14,4247
7902,8192
1896,4547
215,28
47,2506
6907,5079
1031,1549
6375,5804
26,371
789,1966
1164,665
3223,2237
872,1662
7132,7809
2872,3145
3682,2655
3394,4783
6596,7809
3753,2485
3449,4808
4212,4875
4825,4706
2328,5822
6618,6270
2871,5817
766,2209
3984,4037
539,75
2565,5423
1286,2079
6539,4791
2541,2144
1701,1416
4001,3321
5334,5335
1135,710
1166,2991
2001,2241
1319,1774
351,356
2690,3164
5814,5028
2256,1291
697,859
4099,5058
1293,1531
3443,3875
5462,4631
4046,4678
697,5509
6804,7237
4056,1385
306,730
1549,2918
5176,2605
1029,1114
2249,3346
4073,6472
1063,35
3456,3843
3854,4199
311,1186
4726,5222
7653,7986
1350,1908
3647,1706
3274,5620
1137,64
2688,5305
3274,3537
4922,4037
2371,1267
24,2137
3682,3787
7080,8163
14,581
128,1476
2003,3371
3180,2510
5103,7280
5173,6832
3956,3958
2133,2435
90,560
6914,5773
1395,1985
1374,2625
1594,1692
3641,3459
2081,1707
3088,3007
5839,7653
3168,4820
1042,6560
946,1847
813,72
2623,15
1050,2211
2365,3028
77,214
2565,4247
4041,6306
2504,8296
2653,3650
11,1221
2688,5860
3258,3557
766,2325
3658,2620
3392,3529
6,1524
937,2251
15,1297
2674,1291
4899,7381
5173,4037
2688,5026
1701,1360
826,1732
3209,4587
2001,5828
376,36
6916,8275
1585,2210
4948,8128
5800,7101
4662,6665
3454,2398
704,1034
5485,7092
147,304
2549,4929
312,36
2184,2264
1210,1222
132,829
1221,1524
11,1374
2133,403
5189,5839
425,6982
1236,407
4455,840
4615,3014
2042,2470
879,6323
3072,2625
5002,1549
1374,1865
6993,7063
2871,4103
171,1259
2628,1847
1625,1525
4974,3843
3631,3973
6263,6262
6448,6006
68,2338
2062,2397
3678,3856
5802,6946
5810,15
4169,4265
2856,2264
255,581
6272,5210
993,1697
4725,3284
1247,1754
1234,171
3813,5922
879,4402
1133,2506
2274,2946
3191,5640
231,236
7625,7632
11,3661
1585,1697
3477,2619
56,175
5177,3089
7335,6299
138,592
4686,5928
4073,3274
1796,4748
941,1700
2114,1777
2851,6725
6305,5950
1623,1893
7691,6032
3252,3258
1204,3755
6486,7023
1098,7277
2380,2062
4487,4666
2658,3956
637,6833
1769,2571
1614,665
1549,4323
319,1514
1835,974
2326,2329
166,35
1285,1723
691,36
5543,6299
4632,4041
766,3856
6043,3015
2376,5822
4795,6913
4041,4530
6483,4441
5173,7529
5802,7618
432,960
5648,5650
310,985
4632,7391
1848,2880
5908,8237
2364,1679
1062,2727
11,49
5189,5123
2256,15
7052,2851
3456,5178
2651,762
1166,3352
5524,6913
1480,896
140,415
290,959
104,243
6197,15
3571,5288
5582,6976
5524,6123
4044,3014
663,1360
90,39
1542,2871
7321,3293
2605,6552
769,2660
1549,887
72,991
5524,7587
8069,6780
1977,2329
3877,3976
4007,2134
6994,6736
1210,1049
1925,3408
4829,3456
4001,4365
187,1638
204,439
5079,4536
2289,1888
1542,1783
3586,4828
961,8290
766,1428
1151,1848
49,363
2747,2485
7391,1982
1585,2838
1202,1407
1009,2674
1050,2210
570,581
2231,2571
3615,4953
3032,3455
1319,1638
3660,2289
904,1849
1166,3452
663,299
7386,8277
4598,6599
7902,4432
6504,6600
4980,5651
3796,4191
5800,5012
5531,5123
3812,4072
2651,1360
2257,1823
5761,3334
4967,5155
1075,407
2576,2689
1628,1859
5582,7306
10,246
7939,7021
2565,974
1236,763
2871,2145
23,236
4828,4764
2542,3804
3175,4653
1470,3516
3386,3117
1979,15
6548,7788
136,1633
4764,5543
5179,6907
650,1144
6043,7092
5662,5886
280,1608
5697,3842
3447,4797
1167,1230
457,4233
1838,3631
4527,3537
996,2225
1151,3034
988,859
2062,2121
2560,3145
255,631
2688,2657
6790,4536
1291,2999
917,86
1795,3408
3077,3099
3642,1823
6906,3346
339,150
737,5563
2365,1706
2485,2328
4308,5162
2565,3243
5998,5210
3439,4124
6414,7021
3642,6576
4715,5457
1596,2120
4355,3634
325,560
1769,4040
36,50
172,743
111,942
5802,7391
11,3394
4843,5449
4136,4216
319,908
1211,2106
3634,3089
2950,2323
457,6009
94,93
3168,3937
4582,4728
4045,1680
230,28
7509,7510
769,1137
6772,5321
5189,2925
5123,5568
5119,4547
3402,5092
4036,5459
5462,5484
7279,7587
956,2106
3449,3835
1133,1360
6020,5178
1006,4422
6714,7497
1701,4276
7052,5776
1319,579
2594,3580
5002,4483
3284,3946
3380,1166
6906,3726
2940,2693
4128,2328
2612,5387
109,5188
35,1389
2725,1049
8,86
5655,7273
826,1514
1754,762
133,144
2174,2256
766,3394
454,517
308,895
826,1518
1428,1679
3394,3005
2576,2973
3192,5452
2225,1049
2135,15
3614,5072
5809,5753
4072,2240
3447,3958
6,979
4045,5886
795,243
682,310
1037,8290
1550,3007
3032,4588
1379,1382
2474,56
871,1524
3560,2597
1756,1908
6,857
3960,5412
5301,6148
6037,4041
4653,2831
7047,7882
4123,2612
899,2805
2452,4875
166,3946
3450,3140
6447,4099
1783,2746
3057,3148
1098,6296
3976,4298
7096,3459
6620,6414
2592,2416
1813,3024
143,566
1374,5263
1803,6226
3655,6918
59,2375
1615,2178
5582,4065
1500,1717
5166,6930
1470,3458
1749,2072
600,1521
663,1123
3658,3537
1133,1772
5404,6388
854,1420
317,313
2702,5222
759,762
788,6360
4653,4574
1542,4666
4948,5459
826,3018
996,5449
7792,7927
3981,2535
4441,4715
182,977
2473,1049
187,545
80,857
1247,4299
4586,4335
1133,1157
2135,4811
4824,4795
865,417
5644,6306
1492,1319
3191,2822
8036,8128
3092,5123
1098,2071
1542,7757
6630,3919
4455,4539
4189,3394
2133,1031
3354,3371
2972,2592
11,3140
5190,3027
2379,2411
2440,3643
4483,5426
4739,4600
308,993
2225,2328
3560,3125
24,760
2120,1714
3449,2822
2851,6875
4455,4987
3402,2831
1380,1297
3092,5465
2516,5947
5596,6543
4509,2381
4934,2398
1700,993
2169,2241
4310,7237
5927,7882
28,667
5630,6251
2009,2599
3297,6634
634,5925
1525,1652
2328,6665
766,3976
2688,4712
3634,4098
5595,4098
280,4808
2623,5457
1872,1717
2883,3021
173,1788
6221,5605
2565,4263
1919,859
3457,2129
1221,1847
2686,2135
3028,3473
2713,3946
1992,1622
5857,6327
3969,3537
6945,4875
2452,8174
788,5233
1374,5837
173,3002
7850,6555
143,29
872,1413
5616,5760
982,1730
5655,7669
3026,3587
7818,8134
1210,6004
5917,3976
407,1903
1644,7699
306,934
6906,7186
5423,2774
5582,5829
1778,1920
11,5073
4040,3321
879,2973
601,2251
4666,3089
2689,7910
1132,2456
154,171
3028,4216
2936,5902
1537,3033
737,6047
6665,6503
1542,2689
6043,4310
3006,3068
993,1549
998,1186
1166,2145
2691,2958
5022,5263
1395,1049
1151,8290
1701,1621
6598,7855
4036,7587
6068,5753
766,3243
1013,857
2727,2585
46,132
2889,2398
311,989
1097,2625
1767,407
2485,6417
4967,3103
3168,2958
1150,3136
6443,2433
173,2276
3449,4422
784,2576
2237,5511
2983,8212
2133,1700
11,942
946,3629
2456,5273
1585,1297
4310,6027
5185,4715
176,1167
29,863
5543,5818
7490,7699
2240,2625
879,4040
425,2576
304,1969
3443,4234
2967,2398
7755,6560
1000,2240
317,1055
3352,5364
7733,7791
3456,5697
1260,1241
4795,8295
1500,633
4144,5301
1151,7280
3144,2856
971,1284
6406,6407
5998,7871
2565,6930
5697,5798
42,656
6596,7791
3787,4942
2688,3680
2172,1250
8,587
8060,8121
4616,6930
3498,4600
789,608
457,7835
2265,1977
946,271
5958,6720
4438,15
5246,5756
1241,1618
3297,3238
3144,2237
6359,6976
2967,762
5140,7378
3456,1549
2658,7813
1522,1777
1210,2851
3645,3568
5031,4983
3463,4719
2909,2654
2565,8130
3048,3050
580,3664
6414,6634
2326,2918
766,3321
2497,2117
1767,1811
766,1049
1236,1164
7280,8124
1368,4043
5908,7810
4976,3976
2842,2508
5805,5799
4764,3089
2229,2550
5524,5210
1756,1918
7849,6555
2231,3976
1621,1211
4828,6041
3057,3007
1552,4254
4653,5189
2136,2137
5079,5208
5250,4098
813,1653
3459,4310
6023,6407
3902,2326
1553,2504
7055,5839
5787,5753
5321,5683
2326,3276
1521,1166
5189,7620
2298,4365
7198,7707
5185,7351
3010,3629
4073,4400
1381,1453
2504,7908
47,609
1062,764
2135,3089
789,3447
2651,4792
20,2348
559,560
5185,5527
3168,2576
1749,3030
663,789
3443,762
4937,3898
3159,3192
646,3150
4894,5640
99,5022
176,19
3055,1754
2546,2145
1919,665
3027,737
1098,1833
993,1222
319,4827
556,3136
236,271
695,1374
6524,8178
1074,6170
109,2511
2855,6330
1542,5061
4452,4453
1608,1034
1129,941
1542,6227
5457,8295
1549,1754
2565,6913
5892,5817
1972,4162
1167,3334
4124,3660
2299,8178
5472,4574
1151,1808
2371,2324
1230,1700
1278,1808
3796,3276
3352,2252
3452,3352
3451,4403
7047,8168
269,1248
5006,2342
6916,7450
129,427
2790,2510
4045,6327
311,259
5817,6953
1756,744
1749,4021
7053,7059
4828,6388
4363,3321
3642,3796
7173,5819
4948,2381
1204,1402
766,3284
1247,2398
2230,2256
5096,6044
1835,1211
4273,7315
2565,4412
113,4037
457,5818
761,204
2072,8291
4073,6360
1608,665
87,5308
3459,5596
4653,4482
922,930
26,271
1350,1798
1285,1726
4565,3454
1024,3009
2114,2968
3469,2535
5998,6327
4040,7443
879,1453
1487,1199
2473,2251
5103,6897
587,2625
2706,3324
4948,7005
312,1196
3498,3456
946,1253
166,659
86,932
5612,2398
2595,2328
103,391
223,301
2229,2697
147,1955
3238,5100
813,2510
109,4715
1769,4043
4040,5991
1714,5335
766,7890
3641,1549
3568,4530
2560,4289
7843,4983
143,299
6934,4884
1521,2594
1495,1973
1151,2830
1037,960
5008,2516
2978,2977
1236,2594
3199,3028
301,362
1767,1628
5166,4310
4899,7890
3642,5226
5612,737
4036,6780
1471,1234
2908,2542
2298,2129
4581,3433
2872,214
24,2660
2133,2579
1542,5437
5399,6029
1691,3150
813,3029
4708,4261
4686,2369
1549,6299
5811,7423
3326,2653
4943,5432
5263,4964
928,2996
704,805
1542,6447
2411,3408
7675,5020
128,130
766,3910
542,243
722,4820
784,2106
1621,1901
312,715
1566,3173
2416,3099
6907,5022
6272,4940
5769,5123
6907,8174
988,2623
2003,3408
5697,5254
2565,4588
3092,5484
425,6813
3666,3615
6305,5584
3642,5404
3614,6327
3352,3092
4673,6432
4817,1360
2381,5697
4441,5028
312,789
1055,1564
2560,2951
1098,7675
4310,6327
1487,1979
3098,2700
6758,7478
2231,2499
6526,6004
7231,7871
993,3014
2817,2818
1767,2381
805,1783
3614,3417
2747,2510
5531,5288
5814,3919
2565,3473
1549,2713
6,377
87,3912
1471,2072
3631,2535
5110,5430
978,2120
3682,2328
766,2819
2225,5022
1428,1772
5009,4547
2120,2426
3642,6226
4041,5737
4077,4400
3348,6634
5531,6148
3453,4448
109,1679
904,230
6299,6783
3459,5506
764,2328
941,1034
2935,3835
7278,6832
2116,350
5103,1498
6916,7351
4663,4661
6305,5079
5360,6567
1542,1798
2872,3005
172,2016
4073,3443
6538,7819
7343,5233
1335,5828
3092,5459
2605,1297
715,1221
11,4661
7614,3310
2759,2763
4008,15
550,55
6007,3498
2290,3556
1006,1007
5796,5121
3402,2252
2702,2251
769,3253
5531,4191
5176,5743
2332,8293
2859,4162
6595,6948
3454,3645
3601,3089
259,1372
7239,7237
1986,2145
4752,3748
7132,7021
4364,2433
4828,6305
5427,5430
5890,15
3032,6347
4948,8219
7086,2851
42,56
4633,2517
4276,4338
2842,1754
2274,2579
2713,3408
501,322
3683,2398
4682,3460
3374,3516
2065,2542
11,2575
3541,3480
2133,1847
311,2210
3046,8293
3459,5199
3786,5790
2290,6055
6522,6777
6914,6993
173,907
1543,771
3642,4786
2713,3351
4072,4621
813,1137
1374,2658
29,3720
7675,7397
5263,2490
6703,6221
5772,3459
7301,2223
1025,1026
5188,6560
2016,2697
1765,1983
5612,4798
3456,4256
6596,7835
7055,7992
2326,1157
2585,2544
72,802
7294,1026
730,955
3010,2252
2196,4179
3192,1453
173,6994
4073,4824
2704,856
4016,2384
4923,6094
3334,3812
1487,763
1891,2977
317,871
1594,2794
3659,3914
6976,4361
2693,4953
1221,1814
457,6668
1457,3748
457,5637
1470,1374
2774,2506
4981,5947
154,1053
2109,2350
110,613
457,2900
3084,7809
6272,6501
5524,5947
1098,7651
14,56
704,1166
143,1211
3956,4365
2988,2016
6895,6032
226,1014
7885,7928
2859,4331
6934,7262
2688,5262
6736,6869
4152,4298
998,1248
2790,1984
6615,7450
3291,2923
3642,7092
5819,5457
4967,6784
1428,1000
4974,5844
457,5798
306,1277
3072,2623
11,2181
8126,4507
99,8237
2323,3243
789,2354
2506,2474
818,822
4632,5568
1795,1814
147,28
1615,1864
3726,3092
3641,3117
2118,2851
5800,6174
5103,7116
1537,3568
722,4201
1538,3260
2264,2834
1494,1167
4442,4266
2700,3548
2102,5459
1385,6004
24,2345
5125,4781
5176,5524
407,204
5301,5233
6156,5624
1749,2763
5063,3537
2258,2511
3666,3661
317,849
2258,5804
1166,3155
173,1123
4673,5106
24,1186
2509,1374
6360,4715
5814,6299
1990,2693
1808,3320
3144,2974
3452,2456
2674,2225
6795,2160
4488,5037
7233,8083
1374,1411
3586,6414
6913,6634
3555,2328
7378,1982
766,2660
7104,5404
5456,4712
5612,6739
11,3680
2651,608
173,2774
1891,5144
155,7648
4355,4654
59,1315
2118,3408
7738,5148
4124,2790
1098,2651
3593,2654
3916,3796
5188,6945
177,1593
3107,4365
1678,1211
68,8
2988,6832
2693,6613
1382,2411
445,3309
2510,1633
313,29
7901,5605
4829,5412
3631,4846
6325,6979
879,4162
1151,5289
4813,4814
3541,3562
68,4040
996,2593
5908,2535
3026,2508
2856,3126
3956,4795
1003,1956
2703,3307
4504,3443
2063,937
5487,5569
3562,4256
3375,3562
2653,2918
260,258
4441,5798
5802,2440
2264,4247
2974,3480
4138,2289
865,2535
1269,1259
7564,7662
737,7961
2933,1211
3095,1837
5543,6790
2702,3018
1133,4983
1521,2814
2713,2660
3445,2775
1384,2814
836,2256
6462,6327
971,789
4531,3557
1098,7574
2410,2507
4509,5073
2612,1297
2135,1247
142,300
1918,1297
1631,1165
2967,4453
5729,5732
3541,3937
1293,810
7233,7529
5816,4944
5103,7295
5103,6832
4140,8192
3453,5693
2658,6243
5482,2831
20,308
3965,8209
8211,7810
5299,4587
5123,6337
5020,2381
2660,2323
6615,6714
2240,2241
1137,978
3010,2411
3568,4171
4222,5179
993,2246
29,75
6243,6832
364,2777
4221,5002
4994,6043
4073,4776
8005,2223
1384,3489
228,299
7801,7803
383,2508
1608,4037
7160,6327
59,1476
1538,928
4219,3352
4788,7912
312,878
1202,1997
6110,6246
5524,6946
6467,6424
4632,8073
5543,6774
2768,2264
2371,2654
2688,2925
4814,5459
2686,856
1074,5714
2093,2707
3062,1781
1210,3253
7753,7005
311,322
163,6691
110,839
3460,6347
6619,7373
582,4040
3402,3962
5495,2001
7391,7443
1151,2160
5053,7908
2145,4384
2414,2625
273,302
1297,8293
3168,4191
2369,5321
1612,7094
6615,7442
2646,2993
1757,2106
8,415
5802,8044
643,282
3402,2623
4948,7979
4653,5204
2255,1700
766,5479
1384,1374
3028,4677
2658,6174
308,1055
762,7809
2700,3010
1549,5215
1966,2079
5696,5200
2549,4037
1700,2589
3461,4613
2767,1646
988,2654
5437,5123
1200,3030
5020,1385
5419,5072
1297,3084
86,439
2542,3587
4310,72
425,1165
3459,3830
2473,2979
3150,4099
2935,4298
5189,1548
1838,2101
3583,1915
1820,2686
826,908
2369,6725
546,6590
2510,2117
3,371
766,2765
993,298
8046,8212
7578,5378
5020,5350
28,746
1795,1805
4476,5457
2297,3516
143,19
5010,5079
3658,4191
2326,2384
3010,3371
1305,3009
7614,7544
1816,2256
4144,5020
5697,6869
2174,8291
2792,2794
3304,3580
8112,8141
4982,3092
3479,5844
1305,2256
5818,5273
2176,856
259,600
2576,2001
2379,4233
1032,2909
7153,7373
1700,425
2145,2456
182,1357
11,1185
2286,1492
6241,7561
3026,2625
7240,1403
407,3580
7086,6634
1319,1772
3565,2667
614,659
4351,3724
1549,5312
1319,2097
5524,6897
7057,7699
5529,840
3209,3520
1368,3843
457,5484
1221,1425
310,1901
3375,3974
3459,4653
1594,1629
3456,2592
5106,6227
4850,4600
5439,5140
4748,6599
5822,7833
1352,230
2565,4986
109,6567
1151,1757
1356,259
4813,3479
3447,5804
1700,2880
3449,4335
1129,1407
2972,7186
6789,7449
3642,6934
1062,1521
5333,3460
1098,7620
722,2654
1253,1566
4076,5130
8,622
3402,3537
245,56
6951,8079
634,3516
306,1043
5427,5891
5722,5263
4152,3615
2565,2594
3456,4964
1522,3260
4310,4037
5811,6860
1374,2814
1701,2440
5002,7373
1374,3351
1055,5254
4045,6725
231,686
3813,6833
710,2900
1795,1549
3449,5684
21,35
1471,1701
6934,5404
68,3958
2697,4247
1075,1525
2062,2253
1549,1859
8153,5605
2657,3567
1151,3976
625,2398
1279,887
3479,2958
2003,5144
8036,5614
1098,3117
2406,1842
7241,3346
2688,633
2565,7992
3796,5123
3258,3967
1167,3650
2549,5928
3276,3173
5752,5072
2688,3394
5162,4600
11,2119
8088,8089
5140,2273
5022,5963
1639,1378
2135,3321
2474,2697
6006,2535
6615,6980
7104,5432
2790,3980
3333,3030
2328,2794
1862,1864
5022,5423
4967,5928
1151,1026
449,4402
1207,941
67,132
4073,3447
4354,4335
4119,4706
4545,1688
3522,3554
9,611
2689,6833
3641,5415
5802,7860
4212,5178
1166,3516
2542,3903
27,243
7090,7225
722,2918
3009,2297
6486,7491
1133,4235
11,760
28,49
2667,5239
3449,4798
546,6840
3457,1157
457,2843
155,7921
699,647
24,4373
5524,4341
546,2128
4859,3276
1796,3459
74,1811
6624,967
2658,7694
326,407
3482,2973
968,972
5772,6001
4073,3796
3390,4653
5739,5210
7132,6555
3587,5022
2842,3260
1009,2202
4416,5714
3662,6914
8,636
1700,1385
2981,5432
224,271
2871,2585
5617,6110
1374,1375
3615,4365
3153,1781
6510,6388
6486,6665
138,151
5524,3459
2485,5454
737,4401
1097,204
109,5799
2842,3291
3614,4534
695,600
457,5891
5246,5827
1374,5335
766,4879
67,214
1608,1291
3321,5073
1374,425
6320,7092
2473,350
789,346
7262,5500
1034,1482
5805,6251
5997,896
6207,4099
5822,7662
7400,5839
8053,7391
312,1492
1200,2651
2775,4604
4044,4266
151,733
3642,7201
544,55
4906,4037
3787,4712
1133,4199
6272,7510
25,302
3148,2819
336,75
7294,5002
122,152
3724,3661
4924,5545
5184,4098
6,6624
2410,3027
1661,1808
3796,3797
2972,3460
3869,4999
6486,7365
5050,5200
1319,1706
5822,6789
3648,827
3304,3516
7099,5393
704,908
4261,3568
825,1310
371,1222
311,871
6518,7092
2508,5083
2972,6441
2237,3417
2972,4815
7150,7005
826,2651
3250,2700
3088,7389
5189,4587
5612,2276
895,1569
1111,3192
749,1629
3461,5463
2792,2834
2276,2433
2658,5245
3615,3455
697,994
6204,6930
7818,8083
457,5830
126,1156
825,4037
7691,7862
2855,2225
640,644
312,1842
2299,2909
2565,7144
3586,8051
3777,4297
941,1774
1549,2398
5173,5465
4044,3898
5189,6458
432,849
7114,7115
2988,5651
3352,3635
3197,3717
3614,5837
457,6334
1608,1781
2510,3557
6218,4712
1241,2594
2417,7168
1009,1442
4310,5423
5543,7979
784,8290
3352,4827
2297,2797
3297,8293
49,1031
2009,6624
3659,465
4045,4687
1922,2294
2251,1679
3291,4365
3453,4466
371,991
727,1497
2369,3897
2072,2106
3352,4323
784,1987
6914,7442
1922,3486
7854,7855
4665,5305
152,586
1055,908
310,1285
2256,8294
348,325
7755,1982
3449,3726
2278,8291
695,1521
3642,6098
1374,4875
24,908
172,2700
1278,1203
79,600
269,339
6360,4980
1160,1394
5696,6229
395,2963
3787,2909
2689,5055
861,1992
3449,4247
2197,859
308,762
2065,633
986,1966
2054,2055
1674,1279
2485,3897
2276,5963
937,1453
4550,4335
1305,4263
2653,4124
158,153
1918,4072
5103,5529
5097,5100
601,1152
960,697
4536,1026
46,1593
5543,4483
3796,5130
1835,2323
2985,1315
5814,5543
5871,5739
4710,4824
600,864
2724,3804
2472,2697
2114,3084
2369,6041
5316,8168
5829,5301
1133,2909
1098,5582
7044,7059
4673,6474
4760,3352
5802,5697
2660,3587
3665,6422
5179,3969
1055,6979
16,1186
3642,6435
6924,5739
39,325
2233,2625
1879,3885
122,3117
5413,5414
4441,7912
2233,3033
2565,7927
1542,1185
1151,1964
4441,5684
5800,6869
457,4621
407,3835
986,2871
1972,2966
2565,2958
3639,762
1374,7108
3614,4953
1608,1374
3032,4417
769,707
3315,3260
5620,3346
1549,2324
3660,2508
1196,3050
2889,5925
1031,1835
1286,3309
3445,4712
7241,6032
3453,6323
560,1638
5110,3092
1462,2490
7153,5897
4428,2364
2033,5123
4437,3140
2229,4385
457,810
2324,1565
2237,2510
2688,5814
2375,4500
1037,3724
1919,1211
1374,2623
4630,15
2707,5432
5002,7652
7295,6976
4019,4021
1278,1490
3541,3404
3633,1915
324,966
5553,5178
1286,1903
249,1485
1420,2151
5800,5827
1701,3537
27,584
4298,4827
2983,8178
2256,2329
5543,1159
3451,4335
3614,5637
1428,3970
4964,2364
1550,1990
86,4338
6615,6945
7679,6875
1167,1270
2546,1357
2672,2294
7882,7021
3475,2790
1374,2516
649,802
3053,204
68,3084
371,664
1608,5545
766,8042
5861,5482
1972,2356
618,715
3457,4583
3084,7803
7441,8168
3457,4879
1185,6790
2255,2999
3454,3455
11,1791
6649,5543
2565,7799
1820,2697
24,1156
3519,2693
310,299
4099,5886
1374,3030
5615,4037
6627,8178
7280,4983
5998,7119
1608,1956
2009,5028
1164,5412
3375,3615
1769,1151
457,2398
3976,1984
284,389
5531,6783
2144,4349
2473,2410
1006,1610
68,3021
1284,1965
2411,3609
4693,4261
2343,2650
1814,6023
601,1476
1064,243
5475,6414
2688,4964
125,1966
2907,7809
5713,5459
280,2004
36,2066
6624,6243
313,1297
1691,2871
3973,4179
4653,3276
742,317
3576,3026
3447,4588
5487,2764
2371,3034
5173,7301
3614,4510
3642,7295
733,549
5189,5980
4140,4201
541,75
799,802
5915,7795
6596,7668
5342,7726
1506,1652
3345,2398
1991,2805
3641,3417
3032,5335
407,1835
3320,7442
122,3681
1500,2323
1549,2685
2504,2576
1167,1234
3352,3173
1377,1253
1549,825
634,1186
2691,1799
1160,941
5179,4666
457,1791
3449,4719
1305,2544
3777,3568
3352,4349
762,7378
5802,7295
2972,3092
7733,7389
2369,6634
2547,2819
3587,4488
7004,6774
6,8
2256,2504
5487,2535
5009,3106
4598,3885
2940,3114
310,1501
5818,5262
1471,5697
3813,3717
1919,1836
4828,5335
2227,1808
383,2674
6907,1498
28,273
1796,4099
68,4588
4342,4212
2125,1566
3812,4031
1290,1518
4576,3919
65,89
2474,2902
5079,4065
1496,1521
766,3616
4441,4717
192,379
319,978
9,348
3005,3580
6467,4712
2972,3634
6198,5822
145,717
3073,4827
5692,6634
3246,633
79,697
6305,4441
308,1513
2565,3007
1166,2550
1133,3615
4422,5829
3681,2654
4550,5592
1441,2073
157,435
1613,1610
19,127
306,3005
1236,1816
986,2348
122,5506
3498,2535
6951,6979
3814,4269
371,1044
1259,3680
1055,871
7393,7662
2237,4417
3321,4124
457,1842
1441,1201
4632,3498
3199,1729
247,274
2510,1992
1482,1034
5313,5412
1487,1629
704,859
53,3812
1428,2324
7856,5605
1510,1524
1210,3958
2072,1012
769,1297
5998,5835
6941,7620
4632,4666
1972,5449
3614,2592
5396,5838
6619,7648
1133,4110
4687,5254
457,1880
2964,4247
1319,2625
8,144
6619,6330
7614,3238
1940,2323
2001,5963
2326,3007
6906,7306
3478,2001
7134,7587
1980,2240
2832,4424
1614,993
5189,5743
2011,5162
1972,2252
4712,2535
6781,6833
2831,4531
7901,8224
457,763
3390,5651
3458,3456
1985,2643
737,6596
1055,1811
6359,4791
2703,3538
4483,2386
1279,1326
3375,2657
5802,3969
1922,1679
5606,5844
5630,6255
1700,1564
5857,7510
6665,5288
3655,8294
1133,7092
2658,7529
686,1538
11,3034
706,2397
8,868
1166,3887
697,705
5531,6599
1278,1476
860,643
2297,3615
1202,1353
2488,4201
2658,7131
852,15
766,737
582,3460
6552,5022
6605,6632
3072,1792
1291,2297
6,1234
7056,5738
2950,2966
5008,5144
5079,7478
3373,2746
1661,4402
1997,1787
2145,5404
2135,741
1221,545
1808,1734
1032,1520
1166,2669
852,4037
1204,3843
5531,7351
3461,4044
3641,4828
1538,1564
1319,1622
1279,1286
1542,4297
3591,4480
11,250
5188,5200
1151,1585
5714,7168
1279,290
2133,1384
3630,2585
4653,5563
275,28
5534,2831
2485,2877
1137,1534
1322,2785
5524,4781
5176,5513
5814,5002
4899,1680
5739,5524
7180,7803
1039,2157
6779,7478
3459,5524
87,28
36,722
722,3580
6780,4071
3005,2297
1719,2289
3056,5045
6502,7624
187,664
341,396
55,317
103,1982
180,3
3098,2697
2686,4735
1596,2117
5800,7561
2387,5780
432,308
2912,2625
315,2625
825,5301
4879,5835
4347,8042
2936,8186
87,8141
6075,5936
3460,5178
918,665
4310,2354
3027,6576
996,5392
3556,3200
5524,4191
2941,3549
5002,6221
1769,2516
3293,5605
3010,2815
3026,3007
5184,4846
766,1781
1931,6227
122,2257
1286,4432
3601,5392
4007,2900
79,29
4689,4661
3614,2859
988,2619
706,1520
1550,1549
2042,665
5708,4483
1279,1573
2072,2240
7132,7362
11,579
2871,3050
3404,4138
1549,2760
2236,1919
5998,6552
1211,2763
865,895
1055,6347
1335,1428
922,3136
1772,8293
407,8290
2365,1792
7812,7890
1594,1236
6460,5819
6935,6272
5061,2386
789,3092
6560,4435
3274,4099
715,1637
2322,332
1749,3937
4981,5671
1462,8293
7035,4536
2651,3408
2688,4534
5189,4824
6941,3969
4688,4661
2842,4485
1374,856
4036,3456
457,3643
15,30
5143,7250
3661,3967
3394,2585
5836,8295
1647,7131
4140,8168
2703,1571
3456,3464
5783,5928
4712,2364
1583,1956
2504,6918
4257,3463
457,2689
2256,3473
36,1524
1097,1564
2145,2775
36,38
4338,5045
4211,3813
27,182
4338,4037
2605,6600
457,1768
3796,4212
4441,4827
324,849
1024,1305
4027,4384
7744,7620
3794,3092
4994,7813
7294,3084
2485,1307
306,29
1522,1880
5179,4600
3456,5254
80,310
2987,1754
5400,5412
5714,5072
4574,4103
5814,7593
1410,1412
4489,4191
3120,2687
1236,2625
1006,1432
7352,7809
3728,1024
3910,5254
2485,4256
1468,1476
2472,2120
1374,3084
2252,2693
3457,3092
4967,5226
4355,2364
46,844
6619,7306
788,3755
810,35
1374,4448
68,4037
2904,2411
122,6498
1374,5500
2704,3155
2237,2517
290,1717
2560,7400
2674,1305
316,322
11,10
5524,6417
3456,5828
4435,4666
1029,1103
143,391
4162,4981
5802,6458
311,1160
3453,5222
5140,6594
1204,710
2369,2785
1297,1918
7231,7498
2548,3005
319,5545
988,8122
8189,5064
2485,5806
2156,1888
306,3713
988,3812
813,1991
3965,8168
4065,3854
5796,6860
4893,4044
766,2747
2401,1323
1357,1649
2411,3898
1542,4587
3060,2251
1236,1253
310,1538
7092,4507
1879,5423
5605,7632
3463,3321
3498,2381
2297,2144
5189,6337
405,658
3447,6225
1137,1956
3173,3537
5189,5824
11,1802
2565,6979
3375,3557
1384,4110
4394,4402
3449,5123
2171,3030
3447,4776
4276,2831
1820,1166
974,4735
6615,7119
4310,6869
55,761
3457,5215
896,7961
21,433
2326,3021
5053,4037
1246,1979
457,1783
2872,2625
3641,2398
36,958
101,56
3525,3772
4190,15
3948,2565
7810,7979
2862,2926
2236,2325
2654,3769
647,1330
1350,2400
1823,935
1151,5459
6596,6032
28,1286
2237,1315
145,1080
4077,4712
457,1286
1789,7871
3949,3260
317,637
5190,5182
24,2193
1322,946
67,405
795,643
5812,6328
1522,2619
457,6442
68,3634
179,756
6243,6414
2381,3456
784,1259
2686,3020
3806,5639
6586,2285
5697,4795
4951,2917
3089,2625
7613,4884
3309,1297
3252,2209
4967,6170
1428,1798
1496,4875
1279,1490
6118,4781
4045,1688
8238,7553
7682,7910
5524,3015
3456,3439
2683,2685
94,1201
3560,2565
5378,6780
3284,3516
3494,8293
4948,5239
4625,3443
2485,2550
3,108
1357,1734
2145,4400
457,5463
1247,8249
3390,3796
7386,7280
2256,3616
1700,2340
7047,8122
1471,2535
3527,2785
263,1123
4212,4639
946,2619
2908,7620
4598,2160
1374,4341
2411,1492
3948,4138
3418,8293
947,4777
5051,5055
2290,3520
4967,6595
310,868
1350,1718
2688,6833
6313,5233
1049,769
406,306
1135,1997
5091,5092
707,1075
870,674
7231,7707
1380,2151
3630,3650
1267,1259
4073,6553
7659,6934
1374,579
2473,3251
2768,2560
72,4276
3258,5412
5006,3456
3057,1990
1772,1787
6241,4341
3310,7587
20,182
4653,2909
3276,2416
1352,1661
3027,3456
1374,5539
3498,7478
312,1156
3190,2654
769,805
825,5423
4448,3321
425,204
1374,7386
4557,5524
722,1641
1253,2381
6248,5178
2003,2923
996,2095
600,999
1951,2257
986,1734
226,439
1166,2062
1705,3029
2658,7965
5655,7386
328,373
103,7074
11,2653
36,2329
18,429
47,214
109,3310
3452,3417
2379,2062
546,2660
2667,6337
1003,946
3073,2506
988,3352
4653,5208
4550,3393
2237,3260
1769,2697
1207,1062
3057,3587
854,1564
6951,8204
4353,4846
68,2809
6062,5543
3452,1305
8136,8134
3842,2923
2527,1186
166,1211
352,8287
5773,5772
4967,6407
4070,1305
2707,4055
784,3089
2229,2575
1133,5233
1831,1855
2297,4811
5173,7108
5378,2785
1729,2856
1442,1487
2677,6930
1594,1471
1888,5321
6665,4884
2565,2900
3498,4986
3028,2625
2485,2674
1279,1234
1245,982
4261,1385
1428,1619
5630,4781
2129,3404
4531,2398
2328,2479
4261,4263
4718,5260
2859,4661
1133,4482
1210,1547
5321,5482
7564,6044
2688,3144
813,6124
127,3456
5871,7620
5085,5115
3785,4666
5140,5273
7744,8121
6360,7214
1951,2297
47,140
7902,5605
1129,762
4045,5775
3449,5439
3026,2871
3092,4099
766,4798
6804,6907
737,7517
3830,2565
5802,6663
1566,2328
1549,3680
4547,3537
3010,3529
5079,4527
3452,4191
5176,3755
449,3007
2978,3155
1976,1285
2688,3026
2802,6023
1991,2856
3641,4781
722,908
4151,2144
7131,6907
1549,6790
1394,1472
4686,3897
4709,7979
6946,7668
781,1514
3642,5680
124,108
5553,5637
2375,2599
11,805
3806,4964
2686,2667
1583,2785
6555,5002
4045,1159
1384,1847
5430,5254
766,4400
2564,5637
6,1014
6695,7632
4137,4256
3453,2364
3320,8295
6068,7879
5857,4994
4200,7144
1029,810
791,1193
5173,7060
6907,7618
20,611
2688,6229
1386,1203
998,1956
2967,3404
306,282
25,308
138,308
2654,3007
826,1520
407,1956
1829,1842
3394,2508
3614,5079
3188,417
4310,4748
1166,2501
5802,4689
5524,4310
2118,2617
1769,2794
1245,1241
1184,5412
290,1622
2565,2416
1167,2838
1357,1619
3189,2066
317,1518
319,673
7891,6914
24,54
3274,5947
4632,4980
4044,1688
3469,5844
2326,1166
5855,15
87,1411
4967,7168
176,1218
1542,6241
5140,1493
55,370
25,659
2654,4111
3568,4483
1133,4631
2411,1918
3461,3956
2332,2754
6620,4134
7086,7965
2746,2256
3642,5928
1441,1757
2713,4349
1224,922
565,282
5582,4964
1350,1649
3862,3562
2369,5680
1133,4468
4828,737
6006,4483
3081,3607
151,549
3835,5335
1868,1714
546,1893
2133,2972
5816,6700
5173,5179
904,1127
2576,2102
14,538
2688,6803
1549,5430
5185,4986
2230,2234
5773,5745
3463,3806
570,567
5857,3634
1667,1835
600,5423
3660,3557
1395,2385
2564,2066
1542,6832
1374,5737
3275,2594
199,5671
5179,3238
4197,762
151,895
5103,6227
2233,859
918,3136
1151,3005
1811,2625
3447,3352
5487,5545
6360,5804
1366,1075
4841,2237
3024,3284
15,756
3905,2544
4718,5844
1357,1352
4988,737
6772,5179
766,1621
34,54
5796,5829
4948,5463
432,4687
3343,3888
1211,1956
766,7237
7225,6000
5173,5285
2832,3568
2713,4269
90,72
1596,2625
722,813
2592,4098
1353,2595
826,1705
6305,8297
3459,6869
766,2576
5915,5928
3457,3634
55,94
443,28
2133,2604
457,8212
5521,737
457,5732
2560,2979
3394,3455
988,3164
1644,1489
2371,959
2210,1061
7052,1191
29,739
5524,6243
1757,1791
1374,2830
255,739
113,6555
3641,4269
3591,3014
6918,7927
6784,5079
2923,2972
4762,3352
2485,4124
1549,2128
5199,7669
11,631
5233,4071
2621,6789
1352,1580
813,2375
1006,1141
5188,6001
2560,3650
2369,7050
3614,5714
6380,4798
311,722
457,5714
1278,717
5053,6832
5452,6388
4045,6505
3449,5527
1608,3871
1991,1842
2560,2231
1730,1772
2842,2016
697,1014
127,1956
5775,2785
633,439
86,2799
1608,1903
2485,2257
6299,6198
5529,5819
3965,3297
922,982
6510,6523
2547,3443
1170,1190
122,8293
1305,1127
2972,7101
1166,5922
7231,7400
3641,6272
766,2925
5612,6170
2111,3030
4824,5310
4483,6080
1442,1297
162,168
948,2619
6622,3346
2693,6347
407,1141
39,549
4066,3568
311,271
3439,3276
7086,8174
556,1035
12,838
1808,1407
3447,5479
166,5288
6855,5814
2237,608
2747,3114
3527,5288
6941,7301
3449,5651
3123,3130
1022,1053
36,3454
2120,2121
4041,4043
4040,4401
1395,2356
5524,6555
707,813
3786,4201
2658,7341
4191,7632
737,6875
3586,5714
4686,4645
4441,6712
1701,4037
182,4037
3304,3646
2237,2550
7150,5839
1055,3755
3661,3631
1496,1201
172,2623
5714,4981
2565,5073
4310,3634
1473,3439
7862,5605
154,168
282,19
2951,2790
7052,6174
7045,7052
66,3680
4767,2565
813,1230
3902,1984
1133,4365
3291,6151
1542,7691
5800,7185
465,8294
5179,4980
3462,1305
7808,3752
109,7373
1542,1608
7391,7992
140,339
2565,5289
6049,5811
3463,1688
1050,2651
5817,7186
5180,4536
2831,3529
6,673
3976,4529
1183,1808
1098,4764
1823,5819
1733,4735
1166,5305
960,2580
6,227
3433,4962
5173,5922
4151,3034
826,2662
5404,5482
1820,2411
3472,2237
3366,2565
4988,2490
1922,3253
3260,3265
5697,4791
2859,4031
1621,1031
825,1754
5799,4798
996,1992
5126,5130
5812,3614
7052,3238
4981,5605
1151,1783
988,3114
1247,633
7233,6946
5020,5022
8109,4037
2299,2547
109,5479
722,3276
6,153
3005,1357
6156,4687
2623,2652
4151,2145
5193,4335
2290,3973
1522,2398
3982,6869
5934,6855
5190,5693
2145,1637
2118,2580
1496,1718
974,3443
2440,3007
4045,5814
4688,1769
457,6407
1759,1780
2322,2814
3260,1919
10,715
5262,5863
29,271
2062,2273
7055,7946
2972,6498
122,4422
1352,1802
4073,2871
457,6529
6043,5524
766,5539
1549,5459
5179,5693
2507,2844
6714,7378
3352,5467
4894,6474
86,719
4065,3958
6320,6505
3673,4547
2695,2667
996,2210
1783,1411
2560,2597
304,972
2133,2926
2686,2328
7598,7809
1997,2106
2298,3253
8159,7620
7231,7052
7679,3084
79,407
280,1585
2846,1723
1835,2547
3449,4448
3916,5630
5196,6665
3571,5028
3026,4162
4124,5022
6657,6715
1319,1658
1834,1842
1151,1061
5479,4884
2566,3562
5177,6437
2372,1700
5796,6001
2768,2928
2700,2209
5103,5922
813,1836
1608,1610
1701,4578
290,1893
4901,2014
1717,1622
7744,4940
3691,6897
6123,7381
1594,2968
6714,5835
2135,5454
5584,6156
2654,2510
1582,1654
2120,3258
1386,928
1127,1701
1135,332
854,1538
3614,4298
5697,6665
4144,5144
203,5423
8046,8249
4310,5806
2565,4808
2768,1646
1549,4276
789,1156
3453,2433
3168,2398
5324,3393
47,1300
2456,4531
742,4386
4077,3645
2485,3371
5529,6327
3127,465
9,972
2365,1521
6627,6850
343,1261
3352,4448
805,1501
6934,5872
1985,2128
697,1125
707,1253
4199,2433
6563,2565
861,1608
2210,2246
659,439
8035,6946
5802,7544
2135,2565
7528,7529
5176,608
600,3018
588,35
4455,5178
5612,5680
2699,3580
737,7373
766,5814
4633,4011
4297,737
4756,6560
5185,6897
2909,3726
3666,2775
457,3660
993,1768
1428,1903
1664,2535
132,310
1133,4713
5022,6720
2822,2707
78,1513
1374,2181
5020,896
749,2654
320,243
5543,5178
749,4953
3770,1403
2474,2231
3453,737
180,370
1029,771
2700,2597
1210,1137
3276,4631
1489,1855
1037,7620
221,135
1608,1353
5246,6029
125,937
3748,3026
7901,4401
5300,4587
1608,7882
5524,5714
5802,6955
173,3897
6494,7386
3439,2597
634,3892
110,893
1247,4384
3729,1297
173,1628
3200,3114
2156,1772
4818,2364
5857,4574
6624,5671
1132,2257
1808,2955
1962,1757
29,348
2972,6560
1800,1787
5655,6832
2411,3967
5814,6327
4045,3919
3378,3720
2686,4041
5786,2775
996,8290
1492,1055
2356,2210
2369,2411
4828,4795
3452,5121
2297,2856
3026,4234
2062,2181
72,232
5173,2775
2871,4261
3666,4110
1808,2963
1261,1514
5039,3002
2369,5037
3641,5484
2328,2240
788,2914
407,1573
2474,2240
2688,3806
1357,2264
3912,3937
5181,5848
11,2095
5189,5467
7856,4435
3799,465
457,2958
1915,5121
2029,665
3812,2595
5531,6715
1473,1374
1167,1489
1549,2165
4435,6770
1608,1416
805,2106
2677,5998
7082,4944
2565,7497
2872,3967
1129,1478
993,978
4792,6634
4045,6570
2729,3755
7350,7561
1980,2338
1135,3130
4574,3455
2485,3014
1166,8291
7449,7921
4007,3192
4974,5775
826,2946
710,1286
4036,7860
311,243
1167,1835
1947,3276
826,1049
695,290
7425,7649
962,3456
425,1893
5802,7115
1151,3136
4219,5092
4045,4944
7544,6032
7452,6914
4219,4735
3472,2775
1772,2333
6523,6774
1377,1652
29,656
1749,2470
3352,608
2576,6044
5824,6001
40,33
5531,6417
3032,6001
5022,6755
3095,3410
75,515
5582,4994
439,644
5655,5829
3614,4191
5207,2909
1583,1706
2623,4254
5241,5245
6596,8090
4938,5162
3055,3010
2297,2225
5079,5437
4894,5083
4653,1680
4788,7649
1306,1253
2859,3155
896,5798
1717,2053
3902,4261
4073,5178
3057,608
1594,1888
1407,1412
4988,5026
5773,6227
2366,1374
784,2654
5099,2925
4437,7351
3787,4828
3033,1571
4041,5439
813,2859
188,2713
5857,6576
1100,1080
1151,1393
251,1261
7326,5199
1766,2345
2371,2815
308,2157
1185,1151
5079,5262
2535,3897
3641,5404
171,575
6619,7662
6,280
4076,1159
1000,1754
6075,6124
2658,3807
3513,3516
3456,3645
6068,6151
836,1901
988,1792
6127,5671
1972,1315
346,659
4839,2237
1608,2508
996,7047
4967,5844
946,1020
6578,2285
269,321
5193,4712
2651,4261
2940,3807
2384,5753
1506,3976
1166,2285
763,1464
805,1628
1835,6000
4310,6567
2696,3352
784,2535
3666,2307
127,3587
844,936
3032,4453
3388,2871
946,2669
1542,4012
1705,1723
3641,3103
3645,827
2290,3892
2557,3958
1009,1858
6156,6006
3028,4124
766,1646
2762,2763
4065,3898
1245,805
1166,2474
1335,1618
3458,3301
2352,1031
1820,2333
3631,5254
3457,5044
87,4400
260,6262
3643,2398
3378,4463
4224,3635
7752,7757
3724,4349
3814,3720
1297,3376
457,3034
4045,6528
1684,2651
407,993
2842,3024
3586,3770
5543,3498
2713,1571
1055,6739
29,837
3010,3265
395,967
319,6097
4338,3084
5155,4645
24,311
4045,4175
173,5130
1055,1649
5189,2620
4353,5226
4725,4037
4761,3352
2097,2607
2958,3125
5110,6337
2822,3050
11,1697
1991,2809
3168,2654
766,6272
3458,2657
2120,3324
1029,1000
5020,5452
2186,1919
3614,3554
1749,2231
5196,7646
3392,3084
4344,4373
3375,3903
3028,5146
2688,3260
3366,1140
2872,290
3451,4254
317,1573
4325,2565
3402,3321
871,971
6993,6774
1335,290
1261,1165
6624,7561
3366,6027
1395,2435
68,1498
825,4261
1384,2660
3530,2660
6518,5998
988,3026
988,8130
5531,5423
1137,2490
922,1772
3451,4662
6596,7778
2264,7620
226,298
4661,2811
986,3307
1608,2504
5233,737
1126,214
1538,1700
1769,2617
6914,5998
1594,1855
2700,1239
2686,6417
6243,6628
1821,1633
5484,4310
3635,2746
113,132
2368,1097
2072,2151
173,1222
5802,6320
5883,5886
4662,3073
1522,15
110,656
3439,3631
157,885
173,3643
6,154
3192,1307
2658,3541
5179,6432
2174,3439
2909,3260
1166,5412
7580,7647
1164,407
1592,4953
323,80
3447,1305
1357,425
789,4706
308,958
180,1166
964,3634
5655,6226
4310,4247
1538,2066
2654,1453
4843,5850
3917,3568
3111,1734
2176,2205
706,765
47,2754
2832,4191
6615,6330
7659,6712
11,1550
6483,6661
749,600
4070,3106
5166,7092
2062,2071
6959,7295
2972,4058
4967,5273
2700,3615
325,2134
2371,1211
3456,4827
1137,3643
3641,4044
1133,4584
2256,3200
3642,6501
3624,4043
1696,1701
766,2264
994,1007
3786,6833
1549,1473
57,55
2623,204
11,2544
2688,4527
2188,1548
705,857
3381,7450
2485,2923
600,3755
1374,3274
3910,7620
7862,4037
1125,4735
3815,5732
5022,3015
4310,5288
5079,6739
5020,6311
3642,4875
6615,7414
317,311
3720,2657
4632,4715
5173,6976
1980,2400
2323,1729
3631,3084
3445,72
3144,3567
6934,5582
1972,5463
2651,1729
128,1613
5439,6474
1667,1628
5173,5738
3787,3459
4818,4820
600,4310
3787,8083
1169,2594
2565,2426
4044,4719
6649,5818
1428,1734
6902,2511
2653,1267
5184,4986
11,4422
46,590
5176,2831
7057,6151
4967,6600
2411,4412
2688,6739
5185,6873
3624,1990
2456,7912
3026,4323
3290,3926
110,857
1614,4735
1550,3439
3258,1166
5020,5073
7233,5811
937,795
5179,5543
914,989
3544,2660
7052,5806
3728,3946
87,1718
4973,3002
4252,4299
4129,7688
2964,825
90,1596
2686,2623
3447,5683
7086,4037
1419,5732
4618,3034
6134,6296
2660,3410
1319,1919
2572,2587
342,135
4489,5254
1166,825
216,86
3498,2516
1549,2697
5543,6979
3084,2593
805,1842
3976,5936
5022,1823
7808,8124
4072,3898
1098,1734
1506,2135
697,704
132,144
769,2256
1135,2685
29,524
457,1378
72,356
7280,5179
2871,8293
2688,2135
3028,6462
766,1100
6649,4488
1247,6417
3786,5737
4065,4216
1919,1979
1615,1636
3675,2747
996,2102
5811,5902
24,1842
6902,5288
1751,417
4979,1310
1885,3136
2072,1018
2169,1211
3366,4574
2953,5106
6865,6930
3252,2595
789,1638
2062,3014
3812,3258
1772,2880
3786,4536
1613,8290
722,3255
7490,7662
647,2348
1037,6634
2717,1384
1542,5335
2326,3258
1794,1814
1098,7052
264,271
6736,6860
3457,6004
4937,3537
993,1437
5188,2516
3381,7414
789,985
650,798
3032,3238
4574,6624
1783,761
178,371
77,108
5896,5499
4151,2592
763,214
2332,2625
7057,3297
3312,2651
2940,7277
2369,3634
7579,5529
3614,4792
2871,3557
6,656
5624,3293
3854,2764
759,3520
3634,4323
5324,5637
6907,7620
3084,7443
1166,5998
249,1648
3028,4822
1756,763
110,810
1142,993
128,379
5155,5393
4310,7101
275,2999
795,789
4686,2381
3027,2831
826,1124
4073,1972
830,993
2356,2324
789,1384
1137,3192
3842,3812
2497,2693
3976,4547
4828,5470
1762,5871
5180,4534
7055,5806
3528,2973
4973,4124
5184,3393
1701,7855
6094,5527
5179,6414
1135,1211
2120,2281
4441,4687
2859,2237
290,2474
6941,7632
3463,4072
5022,3459
5922,5103
2747,3516
1193,3755
9,756
3615,3192
2775,3568
3331,3030
1492,3258
2585,7168
6649,5932
3417,2657
6217,6388
3541,2727
2226,7924
2225,3452
2535,5254
4202,4201
7350,5872
4441,7882
1167,922
319,1382
810,1716
707,989
6486,4218
2932,3812
2093,2475
1608,2273
2967,3538
2249,5199
2290,3887
1967,3260
978,214
1166,2951
769,2328
766,1971
3521,7757
5999,3084
87,5392
3032,762
7092,7557
457,2822
2953,2955
371,313
710,1055
3601,3334
4866,3073
1395,1969
2587,2576
2923,2474
789,1646
2193,2991
4422,4424
3447,6044
432,3310
6900,8134
896,6780
1701,4712
3453,5802
766,5423
138,488
5378,6044
232,5254
3026,3454
1319,1446
3009,4338
3439,3670
7980,8132
3453,5412
7057,6241
5079,5415
3615,3967
3976,5387
5143,7557
1374,8297
3456,5412
4077,2831
2502,2655
2393,2397
1166,2785
1167,2647
308,1307
6912,5484
2667,6441
2485,3417
3813,6832
3304,2657
3642,6255
1137,1514
1133,3443
6488,5871
3249,4247
1496,2297
425,6855
2156,2736
1748,4037
5106,7365
20,896
2125,2145
6068,7092
1395,1471
5524,5933
838,2053
1374,2397
1922,3030
1133,3002
6299,3238
6552,7168
3456,5123
546,8292
4151,5188
3020,3253
3447,4962
1129,415
2968,2297
4619,4620
2062,2246
2565,6774
3453,6054
2237,1185
5185,5479
6383,4483
5866,2490
1748,3548
3291,3059
4828,5449
30,5543
1799,6044
6624,5002
2618,1814
6714,7351
1151,4065
1055,1439
2115,2210
788,696
3439,2932
3252,3253
3660,4289
3447,7381
5448,4687
4948,2576
2384,3417
5857,6481
1489,1583
5177,5969
988,8073
4982,2516
2653,3483
3032,2135
2688,5392
4162,5055
2688,5848
42,271
1469,290
3456,4099
639,794
6174,2658
1102,1842
1442,1525
5181,5254
2978,3164
1615,2079
11,319
6,995
3642,4041
2871,1267
1489,1307
4221,4547
20,322
7047,6618
3402,2760
3798,2535
311,7833
3601,2657
395,6869
2871,2700
29,394
3477,3843
173,959
4284,4256
3276,2328
871,717
4756,1680
4448,2398
1305,3713
3661,2134
166,7574
3301,3576
2688,1680
6346,7052
7086,8149
56,214
5143,6907
1487,1211
4219,4011
4045,4338
3380,6946
5915,7803
1129,2397
3168,3007
1522,1103
1506,1531
1808,8291
5697,6441
6245,5465
3284,3973
3479,6124
4914,15
3142,8192
7915,3962
1221,2168
109,7924
6456,6458
4536,5100
3855,4335
5190,3103
3393,5459
7055,7910
3958,4072
6272,5902
1991,993
993,1167
47,5412
3316,2398
1585,2830
3642,6475
3031,2485
3029,3027
312,1648
766,3453
6753,6442
3059,3265
2229,3307
8,19
1305,2338
1029,1520
5819,5254
6081,6083
2542,1453
941,1621
4929,5120
1612,7280
5188,5459
2871,2381
5243,4127
66,2625
4828,6481
5697,5524
2871,4466
689,2643
996,5454
4542,3334
1795,5814
5285,5506
334,955
615,282
813,947
1305,2657
5006,5132
3641,5327
4063,3645
4041,3103
2651,2144
1499,1612
3439,4269
432,2375
7755,5079
791,1468
988,1437
5796,4717
4489,72
59,733
4894,4653
5439,7060
704,2708
3404,3059
2003,6634
1813,4552
3449,2240
2485,5096
1766,1018
71,2763
4673,5439
7594,8083
4041,5459
1482,1969
178,2073
2727,3516
3924,1453
766,5780
7697,7908
4483,5296
5529,7092
2129,4578
2114,3029
432,6780
3028,5936
1151,3381
3477,2595
1612,6560
2972,6946
3381,7301
689,798
1234,978
3631,4661
319,4828
6,1321
1062,2085
2651,3854
5817,5421
4416,2535
2003,6918
722,3371
2784,2785
5796,6901
5800,1982
173,313
5921,6330
4409,6306
3352,2657
14,3192
3057,7833
16,1374
5935,5972
6916,6618
1305,1956
1424,3243
6784,6855
2842,2297
5714,7115
722,1556
4395,6755
383,224
4099,7092
7236,7632
1808,1811
66,55
6,257
2240,7517
8051,7553
5125,5484
3456,2328
4046,4298
1922,3650
3026,2674
5123,5775
2900,1705
4077,2592
4673,5798
4310,3643
2174,3007
1230,922
6886,840
215,1783
457,5378
24,2830
3028,2799
1608,1165
6666,6715
844,299
6918,7553
935,1723
339,600
2542,4191
2328,3114
4291,6306
1496,722
4222,2145
1891,762
3965,7422
1794,1919
4764,4536
1644,2398
824,677
1947,4031
1519,1032
3965,6552
3459,5830
113,439
2062,1633
11,4256
2194,2145
371,7795
6563,4536
1151,6437
3748,2516
5153,5963
3969,5026
1006,1836
1279,1538
1744,1297
784,2091
4151,4712
1380,1573
2738,5179
553,1855
6620,3346
426,427
336,4289
3394,3958
1352,928
1198,1006
5811,1403
339,822
68,5933
643,6589
109,6481
2713,2565
2558,1956
4041,5204
4824,5513
706,36
5802,7994
546,6441
2576,2620
5487,4846
2704,5693
6170,5871
432,2117
766,5714
306,4290
2693,3580
813,3026
2474,2665
4046,4661
704,1471
2700,2654
28,587
3455,3748
2120,417
5871,1982
1820,3903
2593,1847
1621,2328
3204,2662
55,271
1549,1893
2337,2339
5089,3479
3512,2485
556,656
2156,2589
1875,2619
2688,5563
2778,155
2872,2981
7744,7809
7357,7924
3209,3473
5707,5459
7387,7809
3404,3238
5008,5980
784,2579
1098,2297
546,417
1377,1279
5984,896
5079,4041
1756,2145
3636,2576
5814,5811
1374,5452
5691,5482
3381,1823
3026,4600
4828,5663
1151,5721
4036,7620
4045,6148
77,363
769,1473
870,1687
2859,2264
178,313
3010,2209
25,8
769,1597
1756,1788
280,1855
899,2828
6170,5037
1705,2805
2832,4713
4219,4987
3480,3541
2859,3843
2120,2781
3456,7553
993,1476
800,829
2565,2674
1204,1267
2653,4162
3526,1706
2437,4687
6494,7833
1374,3554
870,1555
3032,6774
988,2328
7726,3310
1972,2999
5479,15
852,1053
7270,7763
1951,2117
5185,6789
5067,6720
541,55
4948,5412
339,628
3394,4021
128,8291
686,1165
3635,2932
1184,2926
5185,3919
6316,6665
3767,4529
313,2157
26,38
2473,1847
5185,4713
3691,5288
1792,2777
201,823
2688,1393
937,981
6241,6123
1114,1220
1733,5449
5800,6892
6975,6414
1133,298
4221,4828
3034,2625
1380,1382
14,2066
784,2144
3787,7422
722,2785
1098,7059
2875,3307
3454,3452
7057,6946
68,4024
4813,3498
120,1569
24,3458
978,908
2951,2625
788,5814
2507,2805
956,4338
5543,5295
5697,5188
1167,1514
59,421
3389,1633
3402,5463
1236,1319
4045,2145
2369,5664
1639,2079
11,313
3642,6505
173,941
7043,8219
151,338
3094,3537
132,204
1151,2116
4712,5178
457,1193
328,626
47,1787
3812,4051
6,1507
1566,1855
6946,7604
7682,8209
3567,2981
4712,2909
7280,7778
2547,4715
546,2474
643,313
4361,5288
3145,3140
1919,2805
1210,2625
993,6498
3455,4124
6320,6321
5171,6327
1428,2506
1166,5932
3455,4820
6217,4099
3614,2258
5802,7450
3010,3173
3660,3447
1228,2940
3453,5784
634,1774
6596,7620
3381,5022
978,1191
4960,6437
1621,1521
275,650
4127,2134
36,3480
14,619
4788,4764
1493,1167
1808,2560
986,332
1151,1164
2623,3856
3402,3489
1680,3813
2967,2707
1279,1726
352,75
5059,7040
3457,608
4532,7961
3523,3804
1029,1506
312,628
2290,3812
766,2256
2384,3976
1700,2571
2565,4528
3258,3454
1594,1669
3404,5430
462,105
970,857
2713,1777
1835,1374
3661,4289
457,4709
922,861
27,684
1374,2145
47,54
2686,3614
1772,1956
6305,6777
4070,5872
2660,2066
2576,2765
6191,15
7054,7673
5286,5442
3284,3871
598,151
3965,6832
3545,7890
2855,6790
407,937
2674,633
6946,6424
2497,3529
730,838
4221,6774
4795,5254
4828,5262
6460,4966
2510,2134
841,1723
138,1842
789,1165
319,922
2831,2972
4626,6780
4353,6262
1221,1203
3949,1239
3642,6897
5079,5812
1605,1525
6615,7544
722,439
2109,2516
339,379
6280,5335
1184,4631
2703,2474
2655,6441
2909,2398
2653,417
143,2329
457,4256
2474,2968
6624,7803
4276,3352
5773,6000
335,1259
2115,5721
28,322
1794,2135
689,1018
1471,2160
317,1039
5079,4944
2290,2747
5384,4400
4598,5028
993,1464
3381,6955
3916,7225
1888,2157
2585,4191
1549,1977
172,1012
2240,3796
946,2241
2838,2585
5811,6198
6421,6670
14,477
2658,7436
5837,5963
1756,1315
2258,2775
5006,4828
4608,3958
2693,5543
5532,4335
6913,7143
1111,1247
138,274
59,417
6784,7092
407,1026
2972,3967
3137,4578
87,6407
994,1549
3455,3447
457,5285
4632,6097
697,1548
7443,7280
1795,3020
7080,5773
4451,1352
28,675
3209,3489
2822,2902
23,706
3719,4191
7049,7443
7449,8174
722,2575
407,1049
432,2091
795,4289
6611,6414
6,1641
3447,3034
1466,2264
74,1836
3624,4031
1329,1633
7327,6503
2440,4646
755,756
2648,2365
949,1573
7045,7618
7945,5022
11,545
2677,4666
6443,2620
450,28
766,6869
310,4471
7682,8128
308,3562
7774,7965
7907,8168
5811,6566
2765,2819
784,2747
24,214
2713,2338
545,710
5543,6166
3352,3567
3481,2324
5857,2535
5940,5254
784,1151
2118,5524
1820,56
5173,5500
4828,5977
2365,5285
2713,2918
2439,2470
1098,4981
788,705
546,1166
3814,4173
138,857
993,506
1098,859
5179,6560
1525,904
4036,5445
7733,7005
3956,3980
2658,3557
87,5020
722,1291
7055,5079
87,1604
3973,2328
3026,2016
4795,6979
227,35
5179,7620
1133,5928
7386,7649
340,1020
1151,2587
5684,5182
691,1201
5857,5827
2010,3310
6241,6790
4077,4480
6552,3459
310,1407
1794,3892
29,1053
68,4231
1581,8292
3378,4055
1151,1152
3916,6124
3208,4999
2623,5772
19,33
376,2325
4829,3459
2328,947
68,4584
2987,1357
5143,6736
346,1453
2576,5254
136,6000
5102,8163
3456,4600
650,2972
1200,5412
6981,6982
5524,7301
417,226
1594,3136
5125,4875
4575,4578
3447,4044
28,50
2516,2579
856,2651
311,1152
7086,8209
173,1464
1972,4041
12,857
87,5775
3498,3443
5802,7116
6276,8295
462,75
3969,3352
4338,5254
4099,2516
697,311
2290,1297
956,2777
3402,5106
4441,5148
5804,3000
2701,3030
3142,7928
2145,1653
1555,1701
2972,5204
3447,5563
3787,6306
3796,4574
2229,3351
2972,3661
4219,5323
7833,7092
2373,2470
2052,1186
947,2594
4673,5200
4912,4037
1997,1749
1838,1973
856,2508
3456,5739
1098,6938
5702,5897
47,2470
871,214
1608,3796
6596,2658
7357,7391
1349,259
4983,1310
4076,4263
3202,3516
1496,5452
87,765
2485,3243
1000,403
3478,4797
47,1514
3633,3800
5915,7449
2256,4946
1717,1658
8057,7860
1133,3843
311,313
6619,7381
2595,3456
2658,4335
5176,1247
4138,2516
3447,5043
6359,6491
11,1413
2667,1799
5810,6337
5178,2925
2658,7063
2968,5073
371,29
5188,5454
1730,3443
136,6725
138,600
6,394
221,590
1114,1286
1305,3099
6241,7620
24,2398
3109,4219
3453,1026
2229,2856
27,144
339,86
3352,3313
2693,3014
769,1637
21,853
1612,8249
2497,2657
937,955
4665,1360
1480,1780
3411,285
2744,2787
8,725
2688,5651
1133,5886
4964,6682
457,643
5800,7520
3877,5295
5285,5637
1241,3084
784,2693
5857,5806
3053,3516
3528,1166
3242,3253
1008,5254
795,1167
6615,6979
3622,2257
5697,2440
457,6913
1808,1585
3098,3020
1374,2223
2485,4055
6946,8121
2697,3253
848,317
1395,947
5553,6006
3269,15
7052,5839
6327,7246
5173,6789
310,308
2688,5449
769,1836
5524,3000
68,2276
1992,2120
1151,6458
10,38
3175,3537
2651,2746
178,616
7239,7497
4632,6251
3854,737
634,2071
317,705
978,1031
3453,2326
1542,4191
4595,4468
2240,2285
4198,3898
6991,5199
4653,5630
647,1497
1308,644
1751,2211
1639,2237
6518,7277
2565,5506
1608,3260
5822,6435
1701,2120
2704,2231
737,6933
15,600
457,3253
6714,5714
2713,2544
2109,2398
2559,1814
236,406
5188,6930
4712,4846
3144,3443
2559,3253
2689,3024
1521,2510
2240,3615
2290,3480
28,6
1552,2504
3633,3680
4437,7839
72,5459
1522,1151
2701,3265
879,1382
247,341
1099,559
2549,5773
766,3645
2565,6860
335,4551
4712,5449
4824,5133
5061,5543
1386,1534
80,150
1167,1603
3390,5693
4493,762
1032,1622
3032,4846
2257,2381
6976,4944
7355,6832
5802,4992
6975,7110
2967,4021
1043,1717
3787,4361
572,2398
2651,8293
1166,3164
5775,7813
203,1075
2932,4254
788,311
6902,5563
2912,2251
1278,993
3317,2508
1891,3568
3096,2542
312,684
4044,5058
187,2290
1838,2106
3541,4424
871,1446
4901,4962
4924,6251
55,784
1044,5055
2307,3024
2236,2323
2366,1835
6727,5002
6447,6006
3010,3769
6274,6044
7153,5671
2371,3068
2473,856
7490,8128
2646,4422
1873,1717
5423,6306
1772,1031
1547,1497
2565,7186
1466,1055
5378,4507
7727,7871
2256,2517
3453,4124
7578,7092
2620,2618
2653,2206
813,1585
4574,4578
2120,7277
2658,3969
3381,6784
11,1583
4134,2328
6305,6875
4099,5671
1603,15
78,567
4046,7185
5079,7553
2542,3443
3472,4654
993,2828
1319,290
4897,3458
2618,2790
2690,3258
3666,4191
398,402
635,722
1965,1378
3541,3849
1164,1261
3451,3958
2474,2340
457,5178
2050,1697
6483,6621
1042,4412
647,2322
5998,3381
6494,6914
3641,6930
1555,2665
1670,2240
759,659
2411,2474
3571,1453
848,882
3453,4999
182,3251
5814,2276
4338,2354
319,5072
3796,5226
3985,3460
2967,3787
1542,3554
75,192
674,675
7265,6784
7744,6555
1538,372
284,132
4748,4500
17,982
6443,5002
3453,5022
2547,1808
2651,3117
644,2838
6522,4713
6648,1026
3175,3541
1098,2102
3456,2576
6914,7803
3026,4453
1535,1538
3018,3034
4550,5341
3813,5683
749,3970
1554,6094
2328,4604
3660,2696
5692,6855
5404,4536
3787,5288
7071,7073
1380,2517
1046,1486
66,784
1428,2328
1293,2843
1972,2535
1922,3473
844,959
311,1453
946,1653
2249,5378
3027,3976
5028,5022
810,1186
5802,7910
4574,4811
4948,5506
1537,1966
109,5818
4894,5323
2298,3145
5932,4828
171,1062
5123,4536
2968,7908
1374,1730
3454,3926
1986,1585
1098,7810
3174,2371
7901,5378
1098,6765
20,465
665,1729
2328,2877
3455,3321
457,1234
2688,3007
4948,5326
996,1453
113,214
1381,2378
4099,6566
1885,1297
5177,4715
2700,2623
58,6044
3147,2585
5102,8212
3814,3816
3452,3748
899,1956
7393,5839
1608,5288
20,371
5103,4717
3021,1473
7525,737
462,8287
8097,8134
2747,5144
11,1377
4099,7553
2689,3010
3317,3024
1107,1080
766,1024
2541,3089
1621,1428
68,4051
6032,2851
151,1661
1374,5321
2991,2993
1151,3680
4899,3027
403,1744
1772,2647
1919,2290
5102,7280
2231,2575
7080,6270
3478,5994
3593,2822
3006,3351
3028,4385
6024,4037
4686,4441
3088,2237
3447,5620
6486,3726
2688,4827
5255,5640
2595,4179
7052,7063
764,765
1166,3371
3995,5204
319,1697
3786,5253
982,299
456,4687
432,2257
1997,8290
1166,5100
4725,1769
2492,2182
7744,6918
2696,3026
1113,1075
3010,3537
107,95
1024,3034
7092,7795
1374,4797
14,219
2900,1571
1135,1858
7779,6560
6626,6665
1051,2135
8107,7924
626,1464
11,4263
6272,5811
2194,2242
11,3007
6494,6979
2535,2145
2651,2257
4041,4266
1521,2178
5872,8174
3386,5100
1644,2565
686,985
457,608
2473,3099
706,1111
3007,4219
1489,1772
226,432
2240,5871
3969,3346
7675,5096
1688,5106
2133,1186
727,2643
2609,2620
11,673
2595,2174
2485,4191
766,4044
6360,7144
1615,1726
4364,2354
6941,7280
7090,7553
68,6124
4422,4453
3350,3027
3976,6098
1279,1154
6646,4037
1705,2999
1537,3439
7391,2658
2658,4072
1184,204
650,1608
5188,4748
5022,6161
766,4134
988,3018
319,1580
1972,2654
1050,2708
1521,1419
1127,1672
2003,7301
2323,2580
1767,1200
1132,1413
2871,4482
5189,8224
3452,3103
838,878
2790,8293
1549,1566
6907,840
1151,2209
1811,1352
2145,2297
3032,2550
870,579
3379,3334
3447,3321
4044,4887
1592,2470
2688,4587
1487,3265
109,5079
1822,1908
5946,5947
15,974
2871,3967
5199,7012
3457,3352
1292,985
9,857
7019,4981
426,49
11,2137
1549,1965
4798,4212
2667,2325
1279,907
1997,836
2651,3847
7129,7290
3450,1185
426,589
5800,6123
1594,825
5190,3417
313,3005
3275,2625
3519,3456
1937,5254
1179,2508
2791,8293
7578,4435
2972,2760
2229,2713
1395,332
4045,5790
2653,3009
5069,4866
1420,1322
6907,5002
7071,7092
4221,4037
3453,3898
813,1291
1374,7646
749,4124
6946,7952
407,1979
457,1420
127,5928
1622,1428
1386,1236
1700,4441
2474,2599
1692,1514
3949,2655
9,733
2304,2305
58,61
6618,5800
7578,7855
5139,3643
5543,6306
2062,1772
727,2777
3452,4706
6596,7688
3258,827
7228,7561
5908,7632
2578,2625
4441,6576
1814,2991
697,4099
5529,4134
3960,2535
644,549
4653,4468
5330,5327
3956,4402
6714,7381
11,1218
2688,3873
5456,6833
5173,5806
3453,5020
5940,6006
1352,2157
2133,2475
2144,4037
177,849
3633,4013
546,1842
11,2350
2452,8044
4151,4234
4531,4588
2566,4191
2774,4735
5531,4488
2859,1777
1380,1956
2369,2354
11,1507
4899,8042
6961,6993
5697,5932
127,435
7080,5806
2258,1648
2790,3084
173,2348
3812,3967
3450,4528
3381,5714
1151,6124
904,8291
2565,3030
948,2689
3449,4482
2565,4331
122,1239
2052,946
5817,5922
6494,7443
5697,5273
5857,3976
3541,3616
47,1297
1496,5055
904,1771
4107,4110
599,151
5817,6523
5188,4777
6619,6327
35,415
3642,5626
4045,6553
140,363
3352,2411
1006,803
1539,7855
2474,1847
4040,7871
3660,4021
2297,332
2974,5743
2237,4551
7679,7277
2719,8293
406,668
3447,5255
6655,6665
1542,1565
166,465
20,1044
844,2409
2535,5100
2565,6503
4705,4728
71,3970
2223,4798
457,5832
715,1330
2688,3670
2964,4256
3150,5980
6615,6832
1196,3346
3786,4310
6502,7115
4899,5445
2474,4191
42,299
2297,4191
1701,4310
587,35
3624,2544
109,5804
1029,1468
7239,4884
2504,1799
290,1593
3297,7063
164,1097
2102,3080
6775,7632
47,2409
4040,5459
4829,5083
3641,6770
9,1580
1428,3835
4483,3089
737,3842
722,839
4045,5130
3452,5592
1748,3376
3263,3265
1132,6979
922,259
2062,1061
8046,7810
3785,5200
1132,3352
1919,2069
2105,2206
2660,3537
1137,3755
6271,6505
2775,5123
1137,350
4151,7115
4967,4795
6596,6174
3463,5239
2871,2958
708,1270
3956,6833
5404,6023
1667,1049
1550,1385
2653,3125
5059,7318
1062,2697
3032,2592
29,317
4162,6496
1133,3691
2658,204
4335,4653
852,86
795,1034
2145,2831
5934,6600
8012,6946
21,611
5455,4247
1820,3404
3728,4709
47,3352
841,2877
122,2542
128,2366
722,637
2565,7662
2657,3580
2677,6979
1697,5714
1705,230
2917,1705
3902,2144
1166,1678
2297,1792
1151,5947
826,1563
5053,7632
1749,2991
3666,2535
2118,4201
5185,6218
11,261
1608,2354
5932,6665
5872,7506
644,636
3057,4110
79,252
2169,1997
6574,6576
2686,4717
4455,5274
122,1637
614,715
457,2091
27,566
1297,1166
1114,299
3447,737
5531,6665
5596,6668
1000,1781
4152,737
5658,5936
3147,974
3144,3193
3636,3646
6596,5933
4315,4666
3796,3664
1772,1847
457,4748
1166,857
447,1997
4291,4290
1276,1277
4045,4037
730,243
311,1234
3615,2981
6555,3381
1293,1842
319,675
4045,2433
6848,7101
4967,5100
3642,6765
1380,1547
6,290
215,178
104,955
2236,2700
635,958
1135,2625
766,1538
993,1538
7744,5933
157,626
1166,2289
2787,4072
708,937
708,447
3770,6503
7230,5806
306,637
1151,4247
2326,3446
42,853
5242,5245
3321,3456
6907,5288
6356,2535
7602,5500
2120,1012
1808,2485
2700,2485
4829,3691
3679,5886
4756,4588
766,2240
201,271
971,1006
4527,4536
1382,3646
1993,3059
6635,7662
7011,4536
1195,259
7675,6759
1991,2174
4852,2237
4077,4547
813,3587
856,2328
6619,7423
2658,4879
3643,3946
7129,7763
1496,1849
3965,3454
4661,4662
6617,6305
5143,7651
6272,5800
6714,5002
634,1585
7237,7391
6619,6774
151,936
1041,1199
1202,1428
1560,1563
352,356
315,893
33,127
3447,6474
1832,2746
5196,4315
920,407
3092,5457
5859,6762
2326,4297
3601,4037
2972,4485
6280,7362
6615,7443
313,2386
2565,1357
2620,3193
3642,4201
1469,1608
3634,6218
3812,3717
7415,7632
2967,4962
2387,4653
3752,7908
3635,2595
6618,840
15,32
2872,3007
7080,7647
2249,2071
2365,2252
7391,7649
3995,5459
1003,2504
1622,1496
7301,4983
5457,6098
2297,1315
1062,1706
3191,5545
4980,5543
1374,1858
2651,1305
1142,1525
306,3812
312,981
1137,1203
1835,2508
988,922
426,566
6,38
1291,2102
546,290
3724,3933
11,810
1585,1243
5079,5368
2255,2333
5103,4709
4764,3631
3460,5073
5399,4041
2152,1757
708,696
2912,1734
3026,2859
6665,6699
68,4875
306,5445
3971,3458
2485,3443
946,2508
4219,2145
5824,5928
3973,4138
5775,7510
2232,1956
5246,1026
2972,3028
6624,7131
1919,1757
7198,8225
290,3516
172,2654
2510,2617
3731,3822
317,769
151,1520
1615,665
1522,1628
2618,2585
5324,5327
5806,6441
2623,5484
4511,2790
6398,7243
7047,7059
674,857
1571,1621
2485,3752
6906,7115
4948,3897
1599,1489
5696,3479
6772,5819
2660,2356
1367,2290
1542,4485
2565,2323
2972,3919
2747,974
24,310
4036,7101
8,224
24,2117
1608,8291
6494,7059
3027,1549
2565,1792
788,3631
5022,6634
1235,1425
306,1200
3714,3258
1151,1646
3796,4482
2356,2510
3614,4574
3380,3516
4966,5683
3457,4290
825,5123
4124,3568
72,3164
426,506
2233,1097
6615,7397
1772,3650
4313,2433
6305,6714
943,299
4144,4335
5190,4448
1292,1402
1468,290
1357,1236
4220,3976
691,306
6006,7810
6560,6736
3458,5963
1700,2575
3969,4780
3624,3892
3470,2209
826,290
2713,4171
5524,8174
3148,204
2416,3276
4532,5096
7054,7316
5173,5812
1062,1858
11,866
769,1111
7055,6980
1243,1593
1390,2297
988,3059
5531,6777
4220,3443
2323,5415
5173,5233
4123,4013
3433,4875
1671,913
24,30
2838,3892
3786,3897
5285,6765
2576,2662
1608,2763
1612,5378
4211,4261
4045,5121
215,1848
11,224
1549,1585
3010,1307
7301,8044
7086,7946
3144,3408
5401,6976
2299,4138
90,1638
3028,4138
2398,1012
2371,2547
1135,1918
6993,6560
5103,3238
2547,3235
3786,4013
6611,5739
1305,3506
87,15
2290,3807
4509,4297
6272,7662
1700,1622
2328,3800
2118,2332
7976,5096
548,55
2686,3007
5775,7927
172,1734
788,1039
46,1758
6270,5814
6772,6555
2298,1964
7719,7763
6867,5800
1644,6599
5551,5484
2658,1305
1767,5233
127,1464
1210,1991
2369,5457
4441,7632
2371,2877
2255,1888
2387,4574
3641,5818
2565,1315
1537,1407
1286,6875
4485,3454
2326,3769
1166,4189
187,658
3532,2727
1098,2109
2485,1982
2069,2339
2114,2323
766,6032
1200,1814
125,271
311,5743
3466,2535
4829,5739
789,4482
7006,6774
1043,4953
988,7620
1305,3631
1386,1774
1837,1919
2859,4811
5002,6618
1701,4041
3031,974
2236,1848
2387,5449
5773,7092
51,656
5445,7131
1137,1221
457,290
2240,1393
789,5178
1166,2625
246,28
645,282
2972,5814
2972,6503
769,1432
87,72
5123,6498
3661,2923
5177,5871
2052,2475
1133,7833
838,308
3000,3320
4074,2565
37,3976
1608,2565
3571,5210
2900,1918
766,5123
3522,2384
2474,2174
3724,2653
1385,7992
3445,4797
68,6505
4045,5188
2297,5055
1360,3140
2236,3034
2674,6501
5175,4797
4818,4938
1381,3897
3666,4272
805,1604
3527,3024
5246,6109
21,334
5932,5524
221,28
6958,5697
3477,3024
319,2925
304,317
103,741
1496,1654
306,2660
3062,3140
3682,3967
4065,2981
1151,403
2135,2747
6618,7632
6323,7553
3088,1297
1701,1754
3026,3276
5008,3456
306,1585
173,2062
1204,1330
3352,4613
1550,4424
4632,4011
2481,4632
5524,3803
788,5200
5802,8002
1608,2117
1098,5614
26,687
4221,4653
3586,6270
306,3567
5079,5123
933,1697
2307,3650
582,3073
1542,5760
255,600
3482,2667
2517,1310
1697,2384
6460,6529
5697,7144
312,687
766,3320
941,1701
3027,4781
27,216
1133,4065
122,3976
1278,1441
2871,3084
263,1573
5532,6302
5246,5255
1691,1842
2686,3193
5179,4530
23,1593
1566,2946
994,742
3630,3812
6941,7557
139,829
2506,6979
1473,1979
3731,1297
2565,3381
691,1199
1133,4621
3454,4044
981,696
3274,4098
27,4189
4276,2822
1628,1811
1816,2066
5233,6780
766,3310
5739,6554
1799,7809
5562,5563
1691,372
2365,5671
310,2246
1385,4999
3390,3958
2704,2856
4550,2398
3290,3587
1127,4776
3092,4884
5644,4335
113,3238
1259,3408
1133,5527
2594,2619
6398,7254
2774,2775
1353,2071
996,907
3643,4578
2356,465
1919,947
68,6407
1204,2700
5173,4875
742,7809
3642,155
5139,5886
3449,1799
4508,3806
5263,4335
3456,1360
425,427
104,75
1424,3130
136,178
602,604
3479,1166
457,5663
6488,4717
6377,6388
752,756
1384,2686
2414,1865
1374,1805
5177,5714
1286,1403
6714,6417
1367,417
7057,8134
1483,771
6936,5524
4065,4999
4793,6869
3479,4938
457,2999
2872,3557
5053,5028
2485,2371
4829,7624
4861,2237
1151,1185
4894,5713
4044,4678
1151,6328
3586,6311
7342,4361
4221,7699
2133,2768
697,5215
3562,3970
203,1956
4632,2535
6323,1972
4065,4055
639,1026
4536,4964
2241,1888
6280,3334
2565,7443
2871,3537
582,4728
457,1413
1198,2593
1167,1793
2565,2550
1549,1489
5818,6262
6494,6920
649,730
3394,3334
7413,7279
1395,1267
7902,6875
7473,7478
3498,2398
1922,72
6914,5835
2988,1315
173,1000
3787,3260
2686,2799
3787,5902
1374,6414
3987,2535
7046,7047
2967,3258
5029,4400
3028,4875
122,1419
4557,5226
2727,3276
6714,7054
5391,7809
6398,5814
2900,2922
2744,5254
4045,2851
2411,465
3456,6907
2326,3435
1211,2653
1062,1416
1977,2593
3470,2597
1037,2411
6865,4009
861,308
1319,6496
1385,1389
1184,2340
4148,2328
6414,7574
74,334
2093,2607
310,2128
7057,6596
1621,2646
4316,3568
3453,4072
3806,3554
838,3516
5020,5412
1943,407
7052,2940
2958,3084
14,363
2660,1633
1374,7005
7449,5614
457,2433
7697,7277
4099,5412
5543,7092
1386,761
1350,1489
1919,3117
5188,4764
5806,6665
546,1884
2833,1419
2118,1772
6822,5829
52,54
5189,5226
3025,2237
1717,3680
4948,4401
2713,3173
1061,1390
4748,5991
1148,407
5576,4846
6889,5288
6359,6388
86,2160
570,56
2326,3557
2692,1393
6069,5524
2241,2665
1492,1199
173,1035
5691,8295
310,1723
3,604
3453,3635
5998,3291
1471,204
20,1034
341,1771
5185,6347
856,4584
328,1864
5301,6123
2541,8293
988,5605
5427,4964
2688,2595
6032,8042
5524,7295
68,2653
854,2135
5531,3291
2683,3126
7057,1982
3459,3027
304,86
1166,2570
1838,1622
2967,2256
36,2655
6460,2620
4600,5482
1034,1062
556,803
742,906
2186,4574
36,2456
742,447
4044,4216
5200,4432
1295,545
5524,5289
6200,15
3028,3634
42,1465
5697,5210
5,61
6272,5933
469,5254
3456,5079
5022,3922
4363,3796
1029,1396
6618,7131
1564,1687
7228,2565
6772,1982
2169,1842
1135,204
1549,4875
6,717
813,1157
6319,5233
6615,5543
3378,5503
766,7694
4065,2958
4219,4808
4151,3125
4828,7634
5079,5828
5439,4687
1615,1230
2506,1186
6204,5233
6657,4712
3985,3454
6596,8002
1470,2209
1024,2657
432,637
6486,7301
3642,5012
4824,5706
5524,6528
7391,8224
1098,5020
3032,2657
1221,2225
3582,3587
383,15
2440,4827
3479,2667
4298,3125
7614,5028
1151,4037
3479,1744
5796,5563
1000,6148
5802,2785
4037,4138
5577,5592
376,86
313,1497
25,611
784,2746
1098,1633
2276,6004
68,3557
1297,2072
6457,8141
4967,5998
854,2145
766,3842
3453,5323
1722,737
3000,3144
1335,1672
1203,1679
3465,3258
5802,7992
4072,2326
1542,4310
173,2516
766,7143
1202,941
4,8
6006,6634
1151,1746
7110,6414
6993,5199
3660,762
722,4266
4041,5412
4967,5020
5020,3393
7772,5378
64,6
1608,1248
1428,2625
7086,7389
1424,2073
5179,3459
5553,7979
701,15
457,56
725,789
737,7778
407,1987
993,1201
2646,2547
3352,4551
1368,3772
634,1390
634,3394
3785,5693
3787,5800
3692,5484
2560,2993
86,405
2871,3946
1614,1780
1319,1618
737,5827
3691,4201
710,2120
2654,3171
3392,3284
6900,5902
1133,4662
1374,2106
4764,5454
6611,7215
2237,3847
996,1835
4212,4587
78,433
2472,1393
2691,3352
3965,6043
3456,4351
6467,4717
317,334
7225,7529
2967,3073
2653,2411
3642,5902
5887,5891
74,299
110,932
5945,6098
2381,6720
2688,1385
1279,1166
5173,7553
1029,1131
708,714
1661,3276
2062,1985
737,5404
675,4049
113,1248
4187,1360
5655,7730
4124,3724
3812,2822
6945,7052
6198,5524
634,4041
5176,4335
1466,2328
5404,4361
1549,1966
317,3136
686,1903
5819,3922
2842,3645
2747,3576
28,38
643,1718
4943,7301
728,817
1972,3473
12,390
7578,7833
4199,3898
48,391
1257,1062
6443,5233
4682,1769
4211,4735
2179,2181
1891,2102
3447,4662
1127,2516
635,710
6913,6327
1555,1768
763,1718
606,611
5862,4175
1297,3276
1279,1377
1062,947
3830,737
554,2654
7052,7632
1279,644
722,1420
2184,2185
3453,5804
5247,6737
4192,7094
1470,3452
4967,3393
5608,4986
1133,6161
4441,6458
2565,4335
3472,2285
1522,3455
5697,5739
2474,2619
3028,4631
3345,2819
2118,2256
132,35
2298,3806
1128,1476
204,611
1734,2595
1549,2790
122,1026
4441,4735
1097,1573
2958,2474
626,960
310,955
1891,3976
87,5790
4980,8295
2560,2809
4045,3958
2410,5415
3447,4666
4967,5179
2740,1637
3560,2516
2760,5784
41,681
686,710
5714,5818
59,2560
3304,3557
3381,5818
689,3173
1055,1956
3352,2433
2256,1012
1808,3136
1749,3670
3368,3371
3666,8294
1492,230
6619,6784
937,1781
2384,3871
766,6437
695,932
4458,4220
600,6946
2967,2958
5188,7119
5524,8044
4967,5818
7280,7063
24,19
3009,3812
3010,5130
5121,2160
2440,5605
600,2409
3394,5882
5802,7373
166,271
6479,3459
3456,3321
17,356
457,4040
2355,1186
3854,2433
5608,6783
1114,1211
1814,2594
122,4384
2255,1243
317,864
3479,2499
3274,155
1089,626
2249,7301
5189,3755
2145,1166
457,1717
2411,4110
1098,6624
5524,8163
182,299
6447,6554
5022,8295
1098,7924
3447,5529
311,5897
2658,3745
600,1353
8,130
2667,5891
7043,7735
2416,2426
5189,5863
4045,4266
1808,2646
1135,1357
426,282
4948,5743
4221,7778
1374,2565
1487,1953
1701,4600
1537,2790
5125,7062
813,4781
7774,7574
173,600
6946,7683
2900,2657
3447,5596
854,972
813,2544
1661,2912
2917,4735
79,153
5123,5020
90,271
86,15
1374,5891
2559,2053
4967,6774
1055,2565
6445,6006
6414,2565
1700,4231
1874,3835
5529,7803
4046,7373
2576,1919
47,299
3402,5335
1395,1319
3084,3562
2062,1919
2972,2689
2940,2251
3456,3537
2700,3408
2174,2585
4964,5262
5524,3962
2706,3307
7448,7450
291,4735
1293,1031
1644,3976
1697,3681
1549,5384
3635,1453
2376,6441
152,214
24,4709
2765,2511
4111,1140
1377,1496
457,5738
2550,2918
633,1966
4967,6098
4980,5178
2376,290
1615,1903
317,938
766,2004
2651,4578
4653,5569
1423,960
922,1514
4967,6432
1098,7110
2440,6699
4859,3854
317,204
5655,6407
722,1402
2371,1754
911,958
4041,15
5103,5839
5263,5963
310,935
1137,2328
2842,3114
79,1053
6522,6809
2417,2991
5103,6503
5524,4713
2118,2977
2565,2689
3057,1473
2651,3887
222,28
3027,4536
6443,7054
1319,2128
3478,6006
1098,8168
1297,1836
2065,959
3088,5064
5185,6869
4353,5775
2294,2619
1483,1893
5061,5760
1367,2653
4441,3813
3451,3144
7233,8121
2565,3150
2560,1211
3786,5828
1374,5817
5839,3459
1583,2323
1538,2510
5102,6980
6555,7243
2010,7694
4400,4219
2842,3939
3614,3607
7047,5529
306,2646
3449,5539
6627,6004
635,317
4967,5804
4441,5323
3523,3769
1278,1471
2560,7813
4065,4468
1496,1772
2972,5463
2565,2687
3352,4400
2972,5545
1549,7185
946,663
1124,2151
6692,7092
3366,72
1875,1717
5818,5178
6907,6994
1133,3238
5773,7144
5079,2440
3374,4534
4211,346
317,626
6596,7810
5608,5664
1697,5178
3191,2398
4967,3417
4673,6576
1622,2594
1167,3976
4818,6306
5802,2589
5177,3897
1772,3258
4756,1305
133,370
412,560
3404,4175
789,3460
1915,5106
2003,3892
3556,1680
6123,4488
1549,2256
4828,5991
5289,6004
3479,3615
27,3456
4124,4191
90,308
2237,15
154,224
3666,3089
5189,6098
1896,4266
795,1413
407,1927
5423,5200
1248,1236
1982,6994
3479,5130
113,243
986,1241
1259,1413
5999,6496
35,1468
2223,2398
7386,5421
6697,6699
766,7012
2472,1592
4065,7280
1114,1261
6223,6554
5439,6930
3461,2144
2411,2686
6346,3792
2256,2240
1663,1564
127,1100
1098,1964
4310,4534
854,1532
306,439
7744,6634
2116,2273
2688,5178
2384,1385
6726,6770
1622,2506
885,937
310,1240
3461,2066
3168,3806
2133,2643
1221,1390
6946,7442
3960,2619
3764,5922
3724,3439
4041,4795
825,5743
2565,7810
6015,7890
1552,4037
1037,1613
2474,2120
5934,5753
1772,1637
1441,946
1166,2135
766,5262
697,1700
3088,3089
2768,2918
5262,5020
1022,978
941,334
2256,1723
766,2135
166,274
722,739
5697,6930
825,3631
2683,2323
6089,6090
371,271
3447,2285
3780,4110
1646,1648
103,271
1253,1729
6615,5295
2700,3021
1734,764
2686,3021
2072,1700
4483,5802
1612,6934
6772,6032
813,4179
5287,5288
2507,1633
3028,4485
3796,3724
6458,6600
3144,3926
988,1919
2231,3050
1305,1416
110,838
1111,2060
2306,2643
1055,2106
904,171
5022,6441
4688,4044
3615,3439
1424,1234
3919,6628
2258,8294
5172,6006
3402,4808
600,1884
1062,1985
5998,5800
1585,1973
1166,2790
583,737
825,2790
1489,1700
2071,1992
2241,2117
2576,5739
2667,6334
151,1652
546,1990
5421,4500
1335,4536
1462,2328
68,6634
1374,974
4856,3755
4070,5706
766,3580
1006,1524
2688,3634
3569,3059
306,896
3394,1729
4222,5132
71,447
1050,2253
2694,2398
3677,2747
2474,4266
3297,7620
306,2565
1487,1622
94,261
2693,3587
766,8294
3872,2066
692,319
3456,1352
3956,4290
434,4361
7057,7620
2700,2585
1236,1518
3381,3726
7045,7295
90,5412
4437,5582
7544,7553
290,5412
3624,2655
6615,3885
2699,608
6784,6913
3813,15
3027,2456
600,7050
276,1250
6299,5199
1006,227
5185,6948
4488,4808
109,3334
1951,2435
113,868
2657,2625
6460,5839
136,7050
3589,2510
1166,1680
3519,2398
7045,7620
3081,2724
1496,2794
6000,3084
766,2117
7780,7788
237,2102
784,2062
1767,3446
1748,4189
6620,5543
3142,8051
2063,1965
1203,941
3001,2485
457,5482
5177,5947
4211,2696
6615,7168
11,2685
1166,4110
2642,2643
2256,3258
6802,6803
813,2209
904,2281
6501,6599
4437,7295
3635,2066
5140,5457
1808,2542
704,1603
2560,7647
1167,1612
6575,6576
2605,5301
2473,2707
457,3409
1470,2576
1705,1542
885,794
5110,2381
24,2822
879,4335
2549,7803
2120,2619
3642,6850
2790,1754
4353,2354
3258,3260
1891,2923
5079,6360
7569,7624
5802,7073
904,1031
457,299
2411,3473
3450,2240
197,741
2064,4191
2658,3724
1608,1901
1997,968
2159,1848
5334,2785
4045,5140
3969,3607
11,1203
1555,1842
2657,3084
2379,3099
4592,5133
5596,6723
2859,3942
11,1307
854,1549
1184,403
1374,3435
312,994
1395,298
2427,2470
3748,1688
3540,3717
259,299
4142,3192
1813,2210
583,3443
4065,3309
600,733
996,1100
5814,5200
1247,2251
1549,1407
6520,2433
2661,2665
371,1396
8085,6634
3288,3020
3586,7961
6443,4037
763,1267
1919,1378
4661,5596
4221,5818
2660,2398
8,739
3786,3946
971,271
5020,5233
6504,1972
1098,1730
4355,5459
5002,72
6976,4981
5404,6833
28,741
722,2825
841,5144
4,606
2935,4124
697,7809
795,2775
1772,2490
789,4687
90,1569
5692,6913
1922,1154
26,359
2578,2579
3631,3615
3381,6934
4483,5863
1259,2565
2072,2102
946,334
5596,7520
789,5204
1063,3456
2988,3796
1006,2066
1792,2625
1980,2547
4894,6246
1151,1707
4441,8174
2506,2145
5655,7246
2688,3562
1074,6869
6126,6006
4056,4820
1608,1848
5739,6424
3453,2696
7691,7063
3457,4529
1305,803
2565,8168
457,1352
122,2237
5819,7400
1542,7862
46,564
3568,3454
4437,4536
4099,3910
346,4661
938,966
457,6860
371,2165
154,829
737,7965
6624,2511
3207,1437
988,8219
707,1190
5814,6715
5531,1159
5721,6414
816,784
6855,7185
2686,2237
5800,6780
4020,4021
5773,4361
24,1633
182,1092
4441,7553
1062,1566
4653,3106
634,3456
5511,5693
432,1044
4967,4355
5655,7632
3461,5454
1837,290
650,3082
549,55
2775,2297
2084,2470
1133,5083
425,3089
130,650
7178,5773
5176,2398
4899,5055
6961,5697
1029,1791
6221,4037
6097,6098
5262,6246
664,849
6223,4717
5246,6976
6501,4507
6245,6246
72,2565
4416,1026
5816,7115
4483,15
1496,3772
5175,4536
308,1167
1041,6979
2133,2329
993,1542
2752,15
5396,5301
2328,1549
5485,4600
103,6327
3839,2328
5301,7381
11,3787
1473,1697
3352,2958
4483,3447
191,1893
4369,4373
3787,15
1471,4037
7227,7910
5857,4604
7131,4037
766,4422
6619,6442
5439,6920
2542,204
2667,5511
1166,1592
7677,6875
36,226
3463,4485
1505,1893
2398,2504
3979,2535
11,2128
7047,8163
2935,5092
1462,1186
988,3021
3786,5254
4673,5980
11,3453
7045,7763
3785,4189
3132,3164
1079,271
5020,3089
3478,1159
5189,4191
311,937
4221,4323
2951,3615
971,1920
3290,2535
5185,6934
704,1757
546,1966
4013,2909
2511,6241
376,789
308,2409
6,30
3541,2900
789,6855
2686,2225
826,1297
5203,6950
1823,7707
3027,7478
275,2323
3477,2257
4632,3586
86,2016
7386,7809
1373,762
310,1649
1297,1330
542,2774
178,560
2564,6442
6,1468
2072,2754
3276,2655
6648,7050
99,4071
564,311
1496,2117
2297,4099
42,1200
310,893
338,135
6032,7921
1200,2625
3522,3334
766,4528
1772,1151
5524,6151
7449,8224
1549,3755
4099,3498
7605,7924
6618,5776
2747,3394
3026,2237
2416,3080
1700,2076
784,762
5209,5210
457,1310
1133,4412
1167,1888
2693,2831
3614,5732
176,1413
4756,2354
4353,1799
1428,1680
1013,259
335,7074
7280,6043
1098,2973
5655,7688
457,1893
789,1218
1006,994
4837,2237
4756,2369
1462,960
978,1192
109,6955
280,1200
138,3
4099,3958
5773,3334
2707,2565
2871,856
1772,1111
4725,5132
5185,3015
3786,5559
255,56
5053,6907
122,2375
3635,7054
5806,7295
2229,2117
3453,3125
2972,4625
6523,5148
3456,2289
5822,5829
1166,5743
457,2324
311,1772
1542,5482
282,606
1896,8237
3897,4485
5773,5814
1062,1705
2009,3755
3854,3089
1221,1236
147,271
859,1700
1722,1726
7047,5210
4899,6739
737,7063
4041,6124
1006,963
4077,5155
4483,5684
1161,930
173,1482
2958,2727
4989,1982
5177,4310
4144,2145
5140,5886
722,989
4717,2831
68,3949
3340,5254
3191,5484
1062,2329
7062,7620
3973,4256
640,1186
2520,1186
4717,6221
1838,2128
1467,1261
1200,1267
7231,7131
1129,1420
3885,5466
6907,7874
3541,3803
695,1718
310,313
5802,5012
5457,4041
1447,1618
306,670
6097,6323
742,1425
2565,2576
2387,5341
1935,2565
2618,2410
842,2251
3691,4481
1470,3130
1011,2193
3541,3084
3787,6613
4632,8174
319,6505
3787,3631
1267,2570
4045,2237
5802,4604
4967,6229
854,2206
1583,1437
2516,4808
1133,1688
173,887
7675,7666
5022,6850
5811,5800
6719,6720
2384,5693
1717,2066
2565,7694
1538,1969
346,2900
1253,1596
6620,3792
2688,1100
974,4981
6865,5800
5187,5651
3026,2819
2674,3034
1098,1049
7682,7927
5624,4625
5439,6458
1918,2322
3015,6723
157,966
1059,784
1441,937
3969,4138
2688,2535
6883,6523
1621,5839
4065,6097
2009,1267
4483,5301
810,171
3010,3026
2792,1419
7136,4037
2093,1717
20,1374
235,271
1357,963
4828,6869
5106,5103
961,1701
742,311
4483,5204
1133,4588
1184,1855
2651,4646
7902,8132
2547,2914
2972,4507
1200,3150
1133,5437
4547,4037
1395,4110
4347,6032
2323,290
2506,4412
3622,2510
457,4547
2229,3661
3262,2297
182,432
1603,6422
4065,2871
2565,4938
816,871
1847,5254
1098,7233
3642,3479
2700,2958
3854,2364
304,696
4138,5732
2376,2066
3568,4953
5612,5524
2674,3148
2473,2900
2688,5639
2062,1678
2476,3068
2667,5482
331,415
3239,3555
4252,2932
1151,1566
187,761
2815,2102
4219,4827
5553,8134
2186,1419
3927,2508
3291,4712
5378,8219
3586,4065
3009,2693
2474,2830
3666,5288
5529,5465
3615,3887
71,2114
7047,7795
6963,5697
3814,3346
3748,4124
2605,2996
27,373
1865,7052
766,826
3477,2597
1555,1230
3642,6441
6047,4310
5806,7583
3352,4953
1166,6570
5630,5563
1098,1893
1500,4098
3917,4263
3961,2252
2251,2977
3028,525
4070,2354
6913,6774
3220,2237
5596,5563
784,1514
1419,1111
1814,1781
2061,1585
841,2880
663,985
604,325
3032,2674
3394,4735
6615,3334
2677,7073
3556,3541
3557,3084
3479,5737
5262,6041
870,733
1751,2252
2474,2955
2118,2828
556,657
5153,5437
136,6913
5282,5288
5207,5947
5524,1191
3641,3568
2808,2398
4899,3537
994,1023
1055,204
2152,2181
2221,1613
636,739
150,587
5011,5254
794,230
1204,1261
1055,4875
615,432
4310,5844
6068,4875
3095,3243
2976,4037
2440,4099
1062,922
311,2385
3447,5200
457,1979
759,1580
1132,1637
315,677
5524,7810
44,465
6907,8168
4219,4964
2258,5863
2237,3454
138,1413
425,2963
2964,1307
5800,7422
4688,4962
3031,3580
804,3435
764,2501
3642,3807
24,3643
24,4040
237,56
2085,1250
457,5148
3641,3562
2072,1444
4533,5323
3352,2134
6758,7632
3090,4341
2972,5387
911,1160
24,6496
2480,4735
7378,7632
1050,975
556,2542
3180,1990
766,1837
1305,2834
90,55
1982,7658
58,322
4859,2381
2328,4065
2869,214
86,3897
5543,5753
5822,7649
2972,5467
1034,417
109,1164
6243,6123
1032,1413
1137,1394
2658,7695
2967,1549
4717,7277
7026,3297
4151,6523
317,1128
971,959
1132,1396
5103,2851
407,5817
55,696
1552,407
173,2066
1319,1918
1525,1633
3062,2724
562,282
2369,4191
3062,3253
4078,3562
789,5323
36,2599
7231,7490
3541,3200
2872,2838
7047,8037
2871,2880
154,1718
6460,8019
29,435
3541,3005
5173,3631
4046,4706
1891,4256
310,5753
8102,4037
5103,4401
3855,1157
6620,6523
3084,2790
3454,1990
89,545
3692,1473
2778,2801
109,7400
5079,1473
1374,3830
3059,1734
128,2877
457,4530
854,2234
2003,1297
1473,6833
4795,5079
4964,4448
2933,2877
3394,3301
2677,6736
3457,4938
2256,2072
5189,6166
2237,1919
4036,3586
80,658
5296,5155
4899,5327
2485,7649
2474,3068
4138,2831
3447,6327
5816,6330
1688,1723
2623,6124
1778,1791
1537,3334
5262,6306
173,1446
1587,1248
1549,2958
2867,214
1794,2071
2830,2323
3787,5973
2257,2708
1342,2470
1977,2240
2118,4735
649,1014
4829,3792
1428,2168
2290,3772
1538,3155
695,762
1701,15
4070,4448
766,2721
1767,1151
6305,3459
6461,155
766,3459
151,182
5987,3586
6870,5800
4882,3334
1701,2328
1612,7162
1142,417
3227,4536
4076,4797
3478,3958
2241,1492
5935,6161
5140,6528
5827,5828
813,2251
1029,1062
1055,2580
81,506
922,803
7818,8025
5980,6595
4433,3812
457,3557
2972,2914
9,422
383,3537
6671,5760
852,7632
7219,1919
351,339
943,271
94,132
971,1123
68,3307
2658,4011
1259,35
457,1357
789,8290
895,741
4077,5513
639,668
788,6407
4152,4666
4485,7292
826,993
87,348
766,7699
1051,4953
2338,2654
5022,3873
1814,4777
5188,5697
6069,5404
1814,3050
5655,7359
2807,2625
2172,1772
2474,4124
3787,2958
2065,1633
5839,1352
3439,6501
7449,1982
3682,4110
1202,2504
1151,3796
261,606
2688,5514
1201,1259
8088,1982
1037,2877
9,932
2972,2746
2687,3548
826,2830
3956,4528
1948,1608
4219,5026
5820,7280
1701,5775
136,261
1305,2625
988,332
2379,3772
5179,155
5776,4899
5818,5335
72,4037
3541,3260
3571,4310
7727,6946
5175,4899
15,1717
5945,5963
4653,2822
3026,3260
644,86
99,3371
7808,3770
5524,7646
87,4338
5177,6023
7685,8124
6902,8073
1133,4574
142,579
3457,2775
2016,1315
789,1319
2688,3643
643,4037
2790,2951
564,150
4846,4400
1542,7449
312,1726
2369,840
2016,3892
304,742
2209,3473
232,228
3049,2617
6941,6241
72,6566
3422,8293
4099,5800
5123,5449
3919,5188
4441,7021
2791,3473
5324,5638
988,4962
2109,5790
4063,3125
1151,1550
2654,2508
2118,2385
24,3792
1549,1501
4673,5626
2230,3080
3477,3980
425,5811
5857,6094
737,7924
1608,3030
2688,2912
5432,6682
5487,5262
3568,3460
4563,2364
3404,5106
722,932
4967,1074
4211,5800
3083,2593
56,28
3092,5714
6272,4666
90,23
5002,4709
2775,3089
2542,2145
11,4463
2472,2264
4338,6613
5175,4099
5178,6124
310,1428
11,2811
7052,7699
1062,1419
1428,1754
312,1468
4310,4929
946,1140
90,3309
4441,7618
673,271
6305,3885
7352,3310
556,3537
136,349
275,75
6,80
1352,1285
457,1705
2365,2174
2323,3480
426,8282
1297,3034
4151,6306
4688,4820
3555,3024
7685,8219
1166,5309
3553,2653
1754,1956
3310,6784
3682,2859
5029,737
14,616
1029,171
87,837
737,6948
2565,5739
3352,4138
4964,6414
1991,1384
5624,1159
5180,5928
1470,6306
304,1654
1278,971
2120,6980
4647,2696
2282,1997
2655,4037
6560,6976
4099,5524
1700,4191
2713,3660
813,1661
2831,3813
1164,299
1043,7073
1837,2371
25,86
2371,2375
635,4201
3728,3089
312,691
2658,2297
696,714
2105,2106
1547,993
993,1393
3454,4049
1808,5980
1701,7763
2871,4468
6243,4483
727,5412
1166,5582
5022,6769
6270,4944
1164,1653
1564,1679
3,152
5549,5254
5013,525
68,5188
7810,6737
1795,2973
6327,2285
766,5871
854,3050
766,7646
3666,4179
3980,4373
2093,2830
173,6269
3956,2276
2702,2880
2940,7254
2226,1018
1390,1297
3787,1799
5022,5814
4988,6246
1875,4735
1997,1097
5531,6498
5697,6481
4483,5806
5775,6347
904,1963
5028,7052
6622,6623
2688,3155
1151,2354
935,2079
766,6296
1566,2685
6494,7979
766,2830
5070,5123
2667,3643
2509,2625
2356,3887
71,1297
7449,7279
3760,2657
5532,5772
789,4820
769,948
5190,5481
5816,7553
2264,2433
3053,2474
2842,2209
2565,4600
3092,2700
5189,3027
1098,3238
1055,1849
3645,2210
3633,3803
590,36
5179,7646
5189,5176
5484,5459
737,7544
4828,3873
5254,7890
960,2576
737,7225
3568,4289
3026,2693
7421,7238
1200,2618
1247,2145
2384,2256
113,1513
798,2289
2713,3971
805,1203
2290,3903
916,86
3062,3126
2565,7683
2062,8290
546,2297
2871,2384
769,3554
7100,6913
86,1131
978,1296
4967,3479
1495,1482
3028,3454
1506,2912
1374,5790
4967,5513
10,779
3401,3018
2832,4037
2237,4044
263,918
2660,5863
6241,3962
1919,2091
335,1282
2565,7237
7061,5822
2560,4189
7900,8169
1151,1717
5179,4653
319,2819
311,1848
371,3755
3088,1157
6305,6770
1919,1353
4903,15
2559,633
1470,6328
766,4687
2249,946
4045,3284
5123,2909
4007,3562
1658,1661
3796,1769
6867,6001
2605,5721
7379,7237
4688,4808
1210,2095
3009,2576
1691,1191
908,958
1583,1154
1165,1261
5172,7871
1350,1533
1468,1201
2804,2747
1395,1031
865,2643
4398,5925
988,2297
899,1637
94,86
6620,6930
1462,5412
4967,4846
276,849
7661,7757
810,959
4441,7005
2410,3962
4036,5743
3754,2565
3615,5121
1098,3529
3586,5298
1006,1468
109,7185
825,2252
161,677
259,853
1032,1556
1922,2623
3459,5178
4814,4993
5189,2354
3402,2324
1326,1439
3032,3200
996,2356
3456,4424
3642,6914
11,1321
1608,2576
6627,7910
6486,5289
5889,5891
259,1652
1874,4276
2654,3562
4310,5514
87,2354
311,3033
5029,3417
904,1478
4764,3796
6049,5210
3463,3034
2172,3614
1521,1706
2693,3516
3274,4796
1037,1144
2356,974
4792,5326
166,8134
3691,1307
4948,737
1612,6634
2674,2708
2323,4179
371,299
23,810
6248,5335
2365,4536
2566,3394
2440,3026
6523,3459
2702,5055
1166,1973
3457,4992
986,1297
1428,1374
3449,5837
1972,2660
2297,2504
138,590
2411,2307
887,863
1506,1672
1997,2071
941,1492
53,4764
2120,3835
4486,3352
2299,2410
306,5928
1029,978
3522,3691
1608,2653
5028,4781
5079,6523
2651,1185
4448,3664
3005,2323
1549,4776
1135,1201
1972,2747
705,710
1688,6227
1166,1679
854,2638
6924,6044
3028,6427
11,2134
6619,5822
122,3926
68,6400
583,86
5596,6059
2416,2120
3976,5199
4859,3898
3348,6755
803,1420
3691,7047
3796,4547
1335,2076
5800,6946
5524,4361
7661,7280
3498,5459
7684,7120
3459,5254
3481,2687
762,1191
784,789
4910,4687
152,75
1922,5106
1667,7491
1966,1706
2565,3615
5102,5079
3724,3258
3026,974
5233,1385
3031,1754
941,1234
47,19
2674,2973
1552,1049
2972,2871
3642,6323
727,1956
805,2811
6784,5806
8110,4037
1335,1420
499,739
5360,5559
1537,1538
3304,285
4846,5568
1888,5412
407,1322
6984,7052
4222,3635
3262,2651
3976,6130
2365,2297
1350,2062
4574,3084
1732,1487
46,182
298,5793
5714,3643
5103,6914
3949,4055
1498,3238
151,308
1350,1836
2118,1097
3055,1297
4040,1403
3453,5392
4144,6221
2384,2909
772,600
3454,2384
1470,4797
1608,1307
425,6725
176,1531
7682,5529
6673,6156
2326,2542
5478,737
3731,3200
2062,2341
5802,6715
5188,5828
3010,6783
1470,1167
766,3554
1857,8290
1496,5484
254,677
376,817
871,1377
3033,2859
4036,3276
2485,3615
6766,3885
4451,3334
326,348
1210,2109
1483,1234
5814,5210
319,2004
5852,5680
226,2775
7099,6907
1169,1061
5020,4400
847,838
2700,204
600,1808
5173,7647
3063,3082
3586,4401
2988,5178
6072,7979
2698,2708
5763,6699
1374,3962
1193,1261
4433,4662
1278,1287
1133,4297
2328,2958
2332,968
5617,72
3666,3483
3073,3726
2923,3646
7281,7809
5445,5321
633,982
854,1672
311,2323
1055,4099
2376,3005
2256,2322
3802,3024
836,1621
5553,7386
5531,5827
1470,6327
4110,5055
2545,3480
813,1908
5818,6337
4641,1984
3910,5123
3142,4335
5915,7855
2547,6407
465,1453
5020,5423
5524,3634
68,3376
4310,2605
2658,4297
68,7553
3660,1769
2576,3265
2371,2926
6,1518
3630,4373
5800,5802
6555,7351
4710,4735
3452,1360
3168,4735
6486,6555
704,2912
2647,2814
704,346
4574,2398
988,3029
5962,5963
2703,2542
1467,1441
1167,2114
1202,8290
2384,4828
870,1520
2703,2411
71,6094
7294,5605
2145,2747
4261,3447
1492,2178
6714,3809
1133,4551
136,6628
3830,2516
2660,5828
3366,4386
6934,6665
11,1518
10,673
3109,4584
8051,8246
3092,8134
24,2696
1930,1855
2328,2825
2855,3842
7514,7088
1374,6946
2688,2623
3614,4315
5399,4310
4142,4256
68,3892
3691,4218
10,658
2686,2708
2790,3439
1185,665
5531,5624
3835,346
5802,5773
3660,4510
784,1464
72,3607
8193,8192
3568,4706
2072,1808
2371,3173
3641,2831
1062,3192
826,1679
2274,1608
68,650
1137,56
5544,5545
2692,2325
2660,5210
600,1473
1381,2560
3059,2506
6902,7092
2258,3253
3660,3144
5103,6554
7695,6151
5295,5506
4894,2822
4967,2364
2384,4247
2523,1186
3682,4269
4044,2237
5059,6634
2485,6897
3691,6917
4682,4999
2667,3106
5020,5706
4967,5807
6168,5624
4688,1310
3956,7632
6596,4401
5179,5072
7012,6913
2474,1814
227,271
1608,1811
1470,1492
1377,1661
2619,1982
1383,2963
722,4798
3461,1185
6907,7116
3641,465
3835,4661
1374,5484
1549,1648
255,677
1965,937
4662,5123
3634,5509
6934,7400
4312,4728
2981,4662
5020,4824
4967,5620
2502,2576
1055,6004
1549,3489
784,1654
5656,5838
2160,3140
2328,3713
8045,7389
68,4013
7052,7593
737,5188
870,1514
87,1382
3447,7092
3593,2354
356,993
5908,6770
157,1166
457,4980
3568,4030
4786,7879
1089,1842
695,3117
7284,5378
2001,3089
1605,1520
4219,3284
109,5210
706,1296
1566,937
5806,7734
5140,6570
2713,3117
993,1125
1374,2253
1441,1199
432,743
3276,3394
1501,1471
2256,3822
6615,6789
5179,5445
1542,7649
2672,1564
6560,7092
4266,4687
2686,3670
16,993
2231,1835
1571,3136
1291,2106
2485,3529
1621,4290
328,299
7047,7651
2093,1315
7455,7510
7942,7021
1204,922
6280,7497
1009,3529
215,1141
1496,3371
2565,1498
5952,7946
5015,3293
6501,6803
1585,2091
7061,6832
5524,6945
1922,3516
2898,2174
457,4781
635,1864
2188,1111
3005,290
3456,5829
2135,1792
42,4261
7055,7478
3666,4899
766,6946
2593,2727
6560,7553
5173,8198
285,1884
920,1297
3787,3393
5485,4037
1063,7021
3010,4712
634,1378
691,1186
4441,2787
7675,2658
5263,2277
280,795
5140,7810
7231,7658
1319,2900
2326,1744
2186,7108
1166,1548
3586,7809
3447,4828
5802,5140
5817,5697
712,1496
3969,3910
182,966
1549,3009
1808,2195
2768,425
5188,1549
2256,2544
3447,4654
766,3806
11,762
20,5818
1458,1464
399,271
339,750
3479,3089
2566,2972
5814,5891
87,5254
7092,6980
1242,1199
5696,6306
2623,4298
1701,7946
1089,1000
634,1321
2225,2128
3965,7632
647,2350
4073,6400
2326,1688
415,35
6654,5254
1549,3117
2871,1571
1783,1749
317,838
6596,5643
2230,1297
341,1007
457,1991
4600,5341
2328,1018
5198,2398
3480,2727
72,885
3597,2747
3041,2256
127,252
3417,3321
182,1026
4036,6946
1701,4483
1166,7662
1922,425
3168,4103
3290,2237
1608,1908
312,1123
2967,3435
805,1164
5009,6855
536,368
5807,6765
11,3958
2871,2655
825,5484
2981,4162
5181,2605
1006,1032
3451,4231
1368,1859
2274,1437
3642,6334
86,1186
47,675
3394,3772
1564,2151
2688,2231
4124,2328
1549,2328
171,1771
6486,2940
11,3755
4688,3002
53,4088
7733,7092
58,271
708,1114
4974,4315
3643,5103
1608,1151
36,1621
4144,2354
2936,2815
1499,56
3447,5123
4045,4261
769,432
173,2385
2819,3251
6618,7161
3960,1473
5771,8178
5836,6148
6692,5697
41,377
825,3084
2658,7351
3854,3352
4222,5120
825,4412
2145,4266
3642,5020
5079,5814
2109,5100
546,2055
865,936
5457,5760
3394,4811
3381,6498
35,300
2120,1783
2889,5449
3457,1191
2237,2565
5543,4980
2658,5246
766,6589
769,722
204,2151
996,2273
3498,5637
4310,6105
75,56
4353,3417
4557,4310
3965,5802
2674,7073
795,2210
6624,5289
2549,2565
7099,5288
3634,6400
1542,6496
24,3
6608,5818
336,636
2129,8294
4221,6934
988,3970
6692,7021
2504,2297
3092,4587
2323,1633
1772,3967
3404,7833
3315,2958
4488,4099
7225,7092
5079,1680
3479,1157
3055,2799
3541,2646
2290,3059
6327,5776
686,978
5181,5588
1221,1518
2037,6111
4001,4536
20,1604
825,4099
944,1752
6615,7144
4964,3586
3660,4191
1549,1783
51,893
68,3643
5176,5891
4899,5233
178,590
1428,2007
2576,1688
1470,5130
4486,5726
1133,3376
3642,3969
1356,1493
4219,4037
1284,1688
6360,7143
996,764
6609,4536
1166,5721
3381,6930
922,826
766,4666
1589,1428
2587,2775
363,1305
8213,1982
6221,7620
5697,3614
1388,1389
7225,7924
461,28
7133,4037
2565,3937
2651,3007
1622,2285
3642,2001
7818,3752
2236,1754
1167,407
1098,1835
2760,2763
6946,5289
72,6855
6272,7882
3352,4040
4437,7237
988,1608
5753,6528
6093,6505
3902,3460
7280,6780
56,750
1357,871
1972,3150
5106,5210
1762,1496
17,756
3073,7632
1055,3140
1350,1903
1868,1787
74,28
1381,1780
6305,5179
5582,5822
759,1211
766,2257
3366,2657
1006,2651
1279,1638
2072,2618
2473,2814
1487,2594
270,1965
3378,896
3498,3910
1279,1032
6620,2565
4310,5620
634,3276
306,2097
1756,2273
1215,1186
1352,1966
4212,5635
2688,2981
5189,6306
6272,5233
769,1144
4310,6907
5710,5459
5301,2276
3345,4709
2174,2607
1169,5973
2872,608
263,339
1496,1791
4859,4547
4737,4735
2502,7115
2713,2619
5524,6407
47,72
1542,5563
2290,2144
2693,5144
1537,1357
1098,7553
7190,7191
1549,5020
4353,5683
3754,3800
4536,5226
2135,2328
5818,6613
810,704
3196,3059
5524,4632
2135,2324
3352,3464
6918,7632
66,359
4,659
4899,4335
4483,7833
310,871
2229,1679
2398,2144
5179,7632
2237,5482
733,1464
986,2341
1473,2763
6774,5739
1151,2667
4065,6770
109,5524
7225,7699
306,913
199,1520
3622,3480
225,28
3297,2565
4315,2364
5079,2774
4813,6505
1279,771
5179,1733
4712,5002
1356,1322
5176,3191
1167,1956
663,5204
91,55
1166,1453
3127,2411
710,1123
5022,6576
2940,4173
2411,3005
432,5222
4550,6938
1717,2128
3168,3650
62,2095
1210,1297
788,1123
663,1020
3814,8294
7465,7467
94,2499
4310,4400
7231,4879
1167,978
5998,6123
3200,2856
1644,2004
1374,2071
1500,2794
1525,960
5454,4191
1166,3937
556,730
3453,3027
47,168
1151,5693
6,1501
7733,6914
1552,2625
145,5189
7570,5096
3615,2535
3479,3027
3586,5524
7873,7927
3728,4037
5799,5626
1185,1805
2254,1847
3352,5239
784,1573
3015,3274
6624,5028
1980,2993
3728,4289
3192,3489
766,2834
3462,7478
5059,3726
1428,1649
3381,5465
1075,2593
6510,6599
345,567
3055,2653
6414,6914
457,5513
1922,2475
4597,2144
707,857
3454,4666
1006,259
3352,4999
3095,1357
3461,3755
9,33
1542,6166
2623,6306
3630,2240
3568,608
6714,6913
29,362
5176,5737
2775,5886
2371,2972
5822,5210
4234,4233
766,5437
5079,2273
2871,3854
1608,2128
4967,5798
2326,2619
6190,6833
2889,3459
7580,7116
2560,1305
2375,1384
3024,2585
3806,3835
3461,4098
2605,6080
1639,1186
946,2993
1808,1680
4041,6255
3722,5773
3538,6720
1098,1888
2623,5412
2713,3898
6714,5404
3976,4678
2657,3173
3390,3460
1730,559
826,2809
7107,7273
2565,1154
11,743
4982,5254
820,822
650,977
1537,4528
5827,5037
2613,4201
1374,4269
5022,6890
2859,2746
3110,3897
4276,4600
1751,3180
2174,2576
706,663
3660,4373
5524,6780
3806,5511
77,868
12,80
2660,3265
4818,4191
4748,3910
4781,1865
311,936
6815,5288
4764,5800
2596,2625
240,1151
317,762
6327,3631
147,1453
6596,7005
766,86
9,299
898,897
7229,7557
1210,1166
1210,1534
5524,6774
2699,2713
553,6299
1925,1842
7301,6946
5251,5253
407,1973
1549,2485
1697,2258
5096,7238
5178,6686
2688,6306
6494,5799
2375,1250
5612,6560
5172,72
1972,1571
306,3804
5819,2440
3262,3489
3976,5002
5806,5902
1305,2814
2903,2625
3142,7391
5176,4191
988,1777
174,175
1032,1482
1055,7707
841,5162
5928,5246
3087,3034
5190,5469
3571,1297
1800,6496
3394,2900
1720,5925
1135,1049
4483,7237
4894,5563
634,1284
1549,1482
1501,407
1549,7115
10,432
1305,2955
4536,6004
2145,3587
4795,6736
2093,1049
3614,3002
312,844
4483,6725
11,637
2713,4412
4547,5144
3478,5829
2290,3200
5035,2787
1922,3352
600,2535
2704,3145
5998,4994
172,2830
2411,1633
1137,5026
707,1489
3830,3911
7047,7063
2370,1964
3642,4527
7350,6618
4547,3454
5184,4191
3189,1297
6914,7277
4459,2144
3032,3557
308,271
2623,4098
4967,7101
6270,7304
6624,4435
334,4179
2232,2629
7831,7092
1813,2760
1463,403
5982,6833
2565,8294
1050,2777
2948,2900
3459,5363
2545,6458
2674,1297
813,1837
2932,2328
5361,5963
8,779
6114,4875
1462,2643
2688,2787
1820,2400
8232,5378
1006,686
1305,3307
634,3803
308,994
766,4899
7055,5933
135,144
695,1322
1808,2579
805,1377
2713,8294
1167,3028
2701,2708
805,2297
1074,6570
3794,3854
72,3352
2365,2618
3969,6665
7052,7651
1395,2576
789,4875
4353,5743
6534,4791
1549,2257
2646,2560
4687,6498
5111,3334
4550,6765
4223,3443
1151,5584
554,2697
5802,7063
1972,6589
789,4400
2958,2746
988,8163
5796,7561
3032,2411
6000,7632
255,748
986,1287
2447,2470
5692,7143
3010,5449
1259,8293
5817,5002
3641,5693
3904,2544
5616,4712
1374,8198
2001,3191
1236,1641
1290,1580
1125,72
4669,3796
1542,5511
697,3106
764,2195
4138,5651
2618,2713
1074,6221
1972,1734
5180,5445
4127,4256
722,2797
5140,5239
3787,5233
1748,3009
2369,7146
231,656
3092,5263
2790,3483
310,1200
36,1997
1098,722
3659,978
5179,4037
3175,2257
5028,6762
2700,2328
4964,3447
5179,5254
11,1111
2256,2770
2297,3026
4136,4247
5179,3614
2655,6422
3976,5327
6032,7280
5188,4713
23,760
1267,1965
582,4072
371,439
5531,4828
3642,7497
2851,8212
1424,887
788,2877
5355,5354
8,10
1037,7225
6726,5800
7810,7620
3449,3276
816,829
1202,1547
4550,2354
425,7131
407,1497
3402,4335
6884,6001
5185,6933
20,255
127,431
2384,3007
171,23
1305,3114
7829,6044
4347,5819
1013,1053
1306,907
3394,4191
3007,2323
2229,3813
2506,6347
3787,6251
2691,2328
23,325
2617,1653
3642,5335
5189,6269
2734,3755
3787,3191
5015,5002
1487,1757
1062,2400
2560,7694
3032,4138
1707,1888
72,586
29,868
4036,3717
7225,7707
1525,1520
7682,6979
1700,3256
2472,2593
178,838
634,6227
784,4256
4065,5871
8061,3293
5002,3456
2655,7063
1319,3021
784,35
1748,2237
2504,6094
916,559
104,1077
2842,3800
2369,8295
5822,6432
2232,2234
3916,5020
4151,3352
3722,1297
3665,2535
4792,7809
7120,7651
2703,2116
3190,5254
3447,4777
340,564
2072,2707
71,94
2476,2593
1097,3089
7727,7238
4687,4983
2822,856
1166,4335
2883,5020
2700,1633
3449,5449
5189,2277
6907,3346
5175,5459
2688,5994
173,1201
988,2209
5487,5683
1428,1802
1381,1382
2381,5721
4364,5045
6563,5745
6596,6634
315,730
282,300
7856,4432
20,941
3026,3180
2252,3970
7086,7553
784,1707
993,1991
1549,1279
7280,7233
3459,5950
5802,7351
6885,8168
26,144
3381,6736
2485,5529
215,332
1416,3140
2565,2880
383,601
763,5430
3262,2660
5871,3976
2041,3352
1982,6305
1390,2844
317,1022
5802,2940
1733,4099
7294,6555
3499,7803
6270,6474
5617,5020
922,579
6241,3634
6398,4507
5532,6229
686,805
1769,2580
4310,4600
7598,6712
5655,7440
3642,5714
2357,1700
2555,2828
2565,3260
6,1619
2542,2290
2609,3002
1767,2991
3642,3238
2507,1357
1473,2007
6907,7378
663,979
173,1585
173,1747
2565,4124
4598,6080
3615,2398
2509,2801
2488,825
407,958
128,8292
4318,3568
1707,1211
870,1279
789,4335
465,3939
6951,7666
3293,6715
4593,1961
4687,3479
2651,3785
72,6229
4712,3089
3092,6774
6993,7442
312,696
72,972
3606,974
5896,6993
6520,7280
4899,1799
12,4233
1336,665
3728,2785
19,30
3449,5463
150,371
1428,1211
1097,2479
173,1186
5697,6715
3456,3192
4189,737
457,2877
2688,4709
1749,1297
663,875
6991,4536
762,979
2299,4024
1075,3034
1972,608
1820,2754
32,75
6360,5484
2560,2485
4040,7809
3453,5226
763,3664
695,271
3055,8293
1319,1585
1132,4044
2145,6166
1814,4422
3390,3393
1470,6337
2713,4263
36,1111
11,1382
1662,1903
2645,4191
1215,2504
138,875
2688,5693
1416,1384
11,1718
6299,7587
5800,6784
2387,3014
180,1031
3787,4977
457,1569
6941,4341
2095,2504
5263,2354
546,2385
2387,5412
789,4717
3059,2328
5524,5254
2612,3958
4071,2822
1896,1315
5658,5812
4891,4588
3948,3260
6068,6094
312,1603
2774,2660
7047,7979
1585,1587
7057,6243
5189,4986
5125,5445
3456,4310
5697,6552
1210,1758
988,3009
1838,836
5961,4828
2290,974
5382,3027
1000,2593
2653,3807
7023,6774
813,2252
4948,6151
104,356
2474,2116
47,56
1215,2625
2473,290
2623,2375
2688,6869
45,54
1583,1633
1253,761
5800,7295
3614,5828
2790,2576
24,1357
3597,3026
2371,2724
412,1151
3752,2871
4632,4964
3451,3835
974,977
2651,1688
6624,6913
173,1587
2379,4110
1062,8291
3532,2974
3455,3334
5188,5524
3454,3028
948,1482
2387,4875
171,1218
3028,3614
2859,2981
325,1031
5814,5288
2372,1835
237,178
4899,4980
2981,8295
1200,2617
80,560
3378,737
6577,6699
6032,6243
237,1315
255,756
6615,7381
5006,1385
766,5273
1353,2181
3097,3099
1813,3260
2792,2880
75,1861
1151,1680
1241,230
7052,6714
2686,3459
996,3806
2697,4290
722,5341
127,1425
5872,7908
4123,4072
5802,7088
3872,2210
1792,2754
51,55
3258,3856
202,301
24,4485
5081,5484
2694,7618
110,989
1742,1859
1198,2565
2510,3276
3388,15
6911,5582
766,6496
1278,1127
4045,8295
2700,2252
5479,6832
308,1538
3459,5415
2326,2687
3197,1267
789,35
7054,4884
4869,4875
136,2398
708,2900
1623,2685
7121,5776
7490,8083
1800,2246
6377,5829
2145,3125
2658,2592
7771,5079
457,6496
3665,3459
2186,2547
2774,3089
2686,2700
2646,2963
1966,1977
5173,5714
6609,5210
335,5421
4483,5804
80,657
432,1542
5800,6632
71,93
4632,5886
993,947
3144,2871
3449,6251
3956,4124
6914,6320
2033,4510
57,299
376,310
1032,3720
341,1266
1037,417
1305,2547
5301,6503
3404,5732
3256,3276
2365,3005
2605,2594
5818,5871
737,6736
946,1218
28,56
1284,1987
1305,2135
75,1186
1766,8290
151,857
5125,6528
1608,2120
2658,2653
3015,5775
2933,2946
1972,3587
7405,5096
6494,6765
766,3843
1495,1514
3026,3200
3238,2774
2905,2053
6460,4981
922,1266
2708,2651
5531,5140
1583,2991
650,2576
2859,4384
1717,2381
1997,873
5776,6262
3394,4719
6486,7632
1751,204
5123,5737
3057,3456
7998,8002
6280,6832
2371,3235
2120,2607
2935,4797
26,214
4798,4103
406,756
7490,7618
5800,840
2612,2398
4138,3645
5812,6262
371,228
1612,7544
996,2091
457,5596
3642,5818
922,1222
457,7400
6431,6432
1964,765
3006,1267
4347,7994
24,1646
6,349
1181,1186
7011,2565
2691,2508
4364,5511
1615,1285
5176,5308
1210,3027
879,3871
3447,6109
425,3351
667,4600
6043,5543
130,657
3168,3843
5079,4134
3457,2565
4045,3144
6522,6855
3404,6307
2502,5828
55,447
2872,4051
3522,4510
1259,3429
2972,4717
5524,4712
3098,2654
3642,6855
3806,4191
763,2871
3449,3806
6619,7116
626,35
2135,4846
371,882
3447,5814
2065,3018
1305,2252
1006,1167
1772,4024
1097,1633
3787,5994
5176,4127
2700,4233
3293,5289
7352,6980
1350,2117
3728,4220
1374,1792
2999,2625
5647,5706
7362,2565
872,974
3965,4191
3812,2871
789,704
29,1061
29,140
4536,3459
348,769
2473,1808
1151,2225
6736,5321
5697,5799
4150,4735
3089,1754
3995,5188
1128,1525
7772,4432
6006,5714
856,2700
3642,6953
94,127
306,1537
5178,3796
4564,4297
87,5484
7733,7839
993,697
3192,4189
1730,4735
161,941
4852,5178
2387,72
128,127
173,1322
4178,4351
5802,6299
7052,7012
8,802
42,80
1471,3459
2565,6417
3666,1549
5697,4666
11,873
7815,7620
1133,4781
5006,5412
110,733
4459,4463
1730,2763
5176,1799
3120,3807
6624,7757
2623,2667
2033,5452
99,1498
1639,3792
26,151
1124,2062
2790,3970
967,243
3456,4289
7233,7992
28,435
1492,3568
6446,6006
1625,2763
87,5459
8010,6044
4065,2144
51,739
3306,4453
2774,3238
7882,1498
841,1680
6624,5605
232,665
4859,5222
4065,5543
2688,3976
310,1411
6616,7557
5543,5384
164,108
11,4820
805,1969
650,2332
6522,5829
1729,3084
2924,2375
109,6296
122,2102
457,2579
1757,8290
1374,5189
479,1026
1612,7052
7050,5839
4948,6044
5248,6458
1915,6246
2940,4049
600,3804
3527,2411
2264,3293
2535,5683
766,1769
904,1014
3457,4536
1799,5693
5817,6720
789,5055
2565,7912
2365,15
11,741
3479,4351
2474,1291
1558,1563
827,3946
546,5697
993,1963
310,2754
4045,4527
3796,5239
2688,6700
1522,1534
172,3473
1431,1203
2968,3650
6774,7810
4557,2276
2674,2660
1285,579
3568,3258
896,3843
600,1919
7295,5179
109,6458
5692,3803
1003,1966
1395,2410
103,4536
3381,3792
3032,3456
178,704
4669,6953
2565,2209
3125,3253
941,1482
457,5100
1778,1780
432,1407
2651,3898
3297,3498
3404,2909
2371,1781
68,4981
3020,1792
311,2708
15,299
4045,5928
3770,3800
2697,3005
417,431
5020,6059
5818,6458
2126,993
480,477
4082,5963
2485,4361
6327,4798
1098,5897
240,857
3661,3937
6,3892
5002,5584
546,4424
2639,2643
1133,4041
706,1514
2703,3489
6902,7520
663,3962
1253,1411
2237,4824
3786,5285
2618,2625
3034,3321
2444,5022
12,428
7052,5998
3142,8237
3449,4814
1757,1758
1428,3192
5079,6320
1166,5638
7131,7414
2474,2825
20,861
3479,3005
5188,4712
3056,2819
2129,4138
280,1151
5187,5775
946,1018
3032,4653
6305,6934
1991,2955
705,795
948,5083
4948,8212
2802,5484
5857,5799
5123,3910
2592,2375
3450,3645
3439,3084
6270,3334
2560,3661
3787,155
364,8287
2452,7683
3567,4335
7733,6618
5787,4041
1024,1637
6994,7290
47,664
2688,4266
280,739
5173,3334
310,1131
3447,5312
3508,2328
5188,4981
2485,3026
3554,4373
3642,5524
7260,7301
6072,8042
4382,4384
7054,7587
2740,1374
2972,3103
4846,4828
1210,1412
2332,1018
371,857
192,56
1428,64
1305,948
5531,7397
5531,8297
2003,3117
7727,7921
764,2580
1135,2504
722,2234
2547,2560
3842,2508
1594,3192
2435,2240
1585,1031
2476,2968
5119,4247
457,7074
7052,7707
5201,5204
2651,2918
14,421
6510,5020
1062,271
27,390
4967,6589
2700,4256
236,150
3813,5445
6229,6784
2699,4796
2651,4620
6270,6123
4948,4792
4981,7862
4108,4110
26,415
2256,5200
2658,5092
5022,6553
7276,7021
6398,6833
4013,4138
4947,3276
789,1186
3666,3452
1211,2923
5549,5484
4364,1185
11,756
4681,4298
275,1956
5457,5757
896,4037
7378,3334
3453,5233
5696,4994
1555,1861
4813,1352
20,1597
5190,4247
3078,2411
1549,3005
6994,5432
2299,2322
841,4044
5316,3634
6620,6774
2594,3030
166,7695
1127,1653
5079,4338
5999,6833
6736,1982
72,7050
2557,4613
5524,7442
1661,3447
1167,1774
1608,2240
6305,6330
2135,3873
2707,1549
2390,2506
4712,6306
2381,1549
1538,1201
7676,8178
311,7809
4712,6334
2510,1648
172,2324
13,302
1202,1793
2940,6496
410,140
2493,2182
2658,7647
2651,5780
3948,3291
825,2508
3032,5697
3700,3701
553,2871
710,1768
7597,7620
3658,4448
2595,3586
6094,5814
2485,4574
5697,4099
5655,3089
2706,3537
1135,836
3971,2535
6563,6979
7964,8024
1395,4261
406,636
5188,3792
3461,5651
1499,1597
4429,2517
861,1026
728,706
2654,2576
673,407
371,1053
311,1286
3417,2257
2256,2340
14,626
11,2775
3449,4666
3452,2605
2702,5204
3922,4661
1055,1297
1009,1963
6032,6006
2229,2580
766,3140
1972,3800
2778,2053
807,806
5857,6570
1184,4011
975,2708
2160,5254
1766,2062
20,981
11,2289
3910,7108
2187,1111
2552,2504
2129,2144
3682,3970
348,271
2557,2794
7405,6946
841,5132
1756,2332
2369,5189
2967,2654
2871,4011
2541,1754
3631,4735
1236,1918
5226,5680
6221,7414
3586,6327
1537,1164
142,243
5179,6913
1374,3297
4636,4468
2565,5614
5800,7699
311,1476
2472,2174
7842,4981
732,857
1701,3586
74,447
21,429
1885,2231
5423,5684
87,33
3381,5028
327,1053
3682,1239
2651,2585
5110,3460
5612,4986
4673,6571
6461,967
1496,3456
707,1062
988,2400
11,1385
871,1222
5543,5872
5317,5459
1719,1965
7237,8198
339,224
1622,2508
1496,1267
3525,6855
1465,2542
634,5527
1487,3371
3891,3892
128,864
816,5132
2328,2508
1808,8290
110,670
395,396
3624,2619
5524,4536
1006,1774
20,1730
6442,3238
2135,4748
2290,204
1291,1506
2565,7588
1202,8291
650,637
1644,2211
2485,8163
546,1658
6719,6004
4015,15
304,981
762,5162
2815,2996
5053,6151
6458,5818
546,1621
3227,2790
5524,4981
786,407
2559,4201
3479,2237
3010,2667
266,3680
2003,7440
2566,4335
1374,6934
4111,3125
1151,1791
113,1186
5800,6227
3462,3192
2838,2290
982,1453
7231,7763
556,1075
3522,5630
3026,2135
4276,5204
5485,5673
1221,1253
5217,6907
766,5897
2658,4191
3439,4088
1095,959
5233,3897
3028,5928
6152,5437
3381,6414
5796,3334
2381,3007
7885,7691
1542,1628
4310,5028
2231,2618
14,613
2229,3394
1200,7879
138,560
1200,2713
2674,3114
457,4297
3635,4265
6577,5254
128,86
3275,1571
708,2993
825,4530
199,579
2617,2775
3352,2689
3188,1706
5320,4037
3394,3352
3463,3812
5531,5732
3787,4384
742,1201
3615,3452
312,991
5324,5973
5284,5412
877,313
1919,2241
8,741
2585,5891
7696,7695
2387,6148
2256,3547
3144,4261
2968,5459
4364,5233
1542,3238
5227,5231
1717,3607
6,1394
1549,4797
3850,2565
2328,3192
3375,4536
6620,6624
319,3897
68,3473
825,5524
36,1701
2690,2651
1717,1585
182,1396
1495,1167
2535,3454
1701,5226
1632,1633
3059,2485
3586,6272
2236,2550
1549,2072
5423,7381
10,748
7695,3381
34,6
3615,2508
2507,5445
26,28
3976,1310
4310,5524
6038,4748
2133,2599
2256,3787
4632,4276
44,4875
24,1858
1361,259
1236,1199
2689,2485
580,5500
4099,5760
914,1131
1279,259
2587,2617
4040,4578
143,132
918,1717
5802,6725
3018,3537
1498,7651
265,271
5029,5155
3378,5459
3660,2535
3402,5204
3719,4021
6714,6665
1931,2871
4884,3334
1709,2643
6,1144
5582,6554
784,2174
24,299
2356,2657
6486,6624
2832,4234
1919,3136
825,4124
4487,5115
446,28
4219,1305
536,3755
3568,827
1617,1618
3015,4534
3088,1026
3663,3352
4418,5745
1137,4827
4547,5115
4040,15
2651,4551
985,5210
3615,5132
5189,3873
2688,4173
5798,3346
4483,3796
4967,4828
988,3351
1419,2815
3976,5465
3523,2973
2565,5811
2256,2777
3958,3897
649,882
2256,2809
2326,4117
6196,2535
2972,4212
766,6555
2790,974
2697,2134
3643,2619
56,1549
3787,7478
825,1823
1820,2593
3787,1549
5823,2774
5822,5839
5166,3084
306,8294
1896,8293
713,2426
766,6417
5070,7778
432,310
319,1038
6772,7553
2790,3155
143,871
306,2544
5839,7649
5185,3238
2565,1915
2906,554
2831,5262
2755,8291
2565,3009
2658,967
2387,5936
2713,3480
2557,2599
2174,1374
3072,2371
3276,3180
1151,2381
1608,1492
947,4181
941,978
14,127
3326,1984
1279,1847
25,590
2371,856
3641,6347
339,647
2988,3772
2237,204
5179,7237
1428,1973
172,873
5739,5872
7231,7054
23,725
3020,2135
2561,2809
1552,417
1608,214
172,1211
5802,6006
2674,2912
3470,2973
1129,813
3451,2506
1730,2400
1428,2276
3291,2565
4248,3291
2093,2790
872,1648
6960,5697
1439,1236
4076,7063
2226,3607
6907,7553
3456,4719
2297,3489
3763,3452
109,6376
3463,3635
2110,762
946,2593
4045,3447
697,321
2697,1297
2658,7778
946,1633
766,2696
6,730
856,6299
5640,3976
4073,5452
3466,4986
5254,6628
5215,7279
5110,5392
2519,1186
2474,4058
7336,6299
3033,1734
3458,3843
317,1277
2686,6111
1395,1781
5173,6946
7728,7763
856,3962
2565,5545
1380,1377
1132,2787
1374,1049
1184,2834
6596,6555
3614,4310
243,250
4401,8139
722,2821
3091,3034
5524,7544
2369,4124
3192,3439
766,968
6596,5378
5179,6523
7021,6774
349,613
2435,56
3641,5977
3787,5798
110,622
2704,2951
2623,5559
3394,2693
3642,5925
3633,3812
5079,4748
4338,5714
2893,2470
3453,6496
5531,2433
231,1855
259,1717
2871,4049
3603,1166
80,402
1566,1903
650,214
51,246
6916,7574
1967,2597
3032,2290
1395,1514
7012,6914
2133,1211
1133,762
4712,4717
5834,5753
3456,4798
854,2072
3556,2727
3456,2369
2485,6780
2981,3381
3587,6328
937,1031
5823,6441
3381,6634
2565,4199
3869,2384
3010,3717
1922,827
3482,4290
7092,5288
3569,3680
1350,1700
2972,4929
2594,5412
813,4290
3645,2653
5543,3586
7780,6560
4879,7557
1352,1908
1717,6306
1221,791
4550,6945
813,3650
3665,4507
2901,3068
2872,2697
3641,5800
1133,3586
996,2685
7278,6953
2968,1679
6,907
4748,5364
25,379
2255,722
3439,2510
173,1285
3801,3803
2297,3807
5796,7021
5821,4065
407,2594
2120,2900
4065,4613
6907,6918
2504,6006
7345,4361
6327,5697
4587,5947
2658,3453
3691,3969
11,994
2967,2297
5079,5499
7231,3000
1922,2669
6510,6809
2688,4468
4162,4290
1075,1157
1236,1633
1203,1165
2144,3720
4422,2646
72,895
179,301
948,1714
5243,5308
1133,3309
2258,5753
2416,8291
36,945
3571,6976
5811,4361
1305,1556
3209,4824
7579,7788
2565,6043
633,5773
5802,5839
4563,4828
5731,5732
1158,1156
2948,2550
4432,3796
2811,7604
36,3136
988,1186
425,8291
371,5412
5263,5848
4945,4044
4688,4942
103,2398
311,907
2651,3486
11,8290
5531,6400
5173,840
304,1514
5171,2764
4342,5092
3728,4875
706,993
242,407
6218,4795
4441,5140
1521,1633
4974,5886
933,966
7386,5022
1210,2398
339,341
1085,1842
5012,2398
763,5288
5816,4687
2560,7443
926,1030
3804,2506
2565,6004
4347,8128
1184,2517
3631,2517
27,435
2688,2209
4899,2822
1891,3807
2900,1297
2592,2237
73,243
3352,3059
1566,1315
5697,5226
3682,4331
813,3976
3447,5432
1055,3541
2256,2922
1737,5178
5053,2940
5969,7835
3666,3394
5002,7809
766,2973
4964,7243
2229,1754
122,3843
1055,1823
1489,1279
988,5417
869,1006
1717,204
4063,3562
1166,4037
1202,887
319,3643
2566,6464
726,756
2940,3803
7052,7341
749,1039
1522,4179
1428,1816
872,1672
3457,2657
2276,1026
856,2686
1166,2619
2240,1243
3433,2811
2145,2620
5196,3238
2010,7726
635,587
2967,3265
306,407
2651,4266
737,2433
3452,2565
5800,7047
2688,5130
3449,5132
7280,7757
3576,3970
2677,6555
310,633
68,4485
143,918
1211,4051
1316,1842
3477,3816
1129,1234
3614,2507
5264,5061
766,3803
2688,1984
6494,7054
996,3140
3447,5449
2871,825
6270,8295
72,697
5819,5482
6359,5714
2565,3752
3969,3661
5006,1680
5196,2774
1034,15
784,1679
4144,5449
310,1518
4441,4400
4964,7149
5177,4717
15,4658
2872,3926
71,789
39,6123
1925,2004
94,348
5188,4653
2713,2209
1459,1464
865,1053
3666,2544
1221,3024
4046,4820
6714,4875
5352,737
3854,2258
2557,2963
1356,2416
4824,5301
634,936
769,2231
7086,6422
3806,2612
3059,2371
3034,2912
1496,1953
2216,1714
7055,7763
3961,4021
1783,3562
1487,1747
2693,417
171,1768
432,1963
5531,6327
5814,6774
3462,4044
37,656
2605,1166
6624,7512
1615,913
109,6511
1319,3024
1374,7443
766,6907
5179,5459
3642,6700
173,922
3034,978
89,1031
1305,1633
205,613
7770,6174
1133,5055
879,4531
6649,3792
1608,3021
3642,6589
3995,4846
5668,4335
1151,2485
710,4735
6082,4441
1925,1111
2375,4875
3457,4875
2871,1310
1133,5848
3571,6875
1596,1201
5596,5738
348,981
2822,2416
1615,2112
1207,5262
7049,5671
3452,4719
5006,5743
38,55
5932,6523
2651,2324
5596,6813
2972,4055
2659,3670
2565,5539
2871,2902
4824,2831
1352,1261
600,3034
24,5055
7178,7587
1386,1595
3453,3393
2660,3125
7062,7050
6280,6442
2411,3029
1919,1888
1133,5812
6951,4507
2744,4335
319,8163
6359,5002
2842,285
1748,8291
4666,4247
5103,6780
109,4401
1707,4578
138,1375
789,2814
1166,8295
5189,5449
3449,5780
2656,2652
2452,6417
1836,214
4712,6262
457,5969
7086,7912
6907,5500
1385,3238
3394,2646
1697,1808
3775,3970
2565,7108
3603,4792
3159,3164
3378,3443
3033,2654
1047,769
59,2400
3280,2594
4045,4551
5103,7553
275,1734
5176,3103
4045,3897
3775,8294
5796,7632
5103,3873
5783,6148
5582,5776
2747,3769
5816,7809
1522,6327
826,1437
1647,2535
4536,5037
20,89
5184,2516
2255,2323
3081,1633
176,334
6895,6832
5179,2764
2236,2225
7280,6924
1549,737
3439,3556
5552,1473
2565,3319
1151,3238
406,677
6032,4071
1827,2856
2270,2273
1151,2643
7055,7510
4353,5713
722,1049
6665,5465
4219,4044
2368,2560
8173,8174
3027,4808
7294,5655
5804,5956
351,439
2510,3034
3274,3454
3714,2384
6486,7185
2871,1360
2297,1734
2699,3483
139,75
6331,6334
1428,2210
172,23
1922,1493
2485,1808
457,2106
2120,2206
1129,1774
2660,2651
1972,6006
56,105
7964,8122
1385,2999
727,1842
5721,840
5871,3643
837,230
5802,5524
2328,6832
5709,6427
3031,2693
2623,3284
1471,871
1059,2470
5261,1385
766,5188
42,54
826,2375
2546,3443
2278,2917
4669,4037
2061,1888
3477,3404
11,1653
769,2062
311,56
1847,5449
24,1669
3615,2859
2069,1049
3813,4349
1991,2768
2651,3180
2658,3806
3614,5178
3000,2819
39,613
697,3371
5199,7809
3084,2746
1457,813
4208,4247
993,1919
3032,4179
2444,2237
4967,5061
2653,2660
3630,1729
2145,2411
36,3034
4751,3748
6611,6327
357,358
4843,6790
5531,4037
1966,1585
3010,2674
21,183
6327,6917
5079,4218
5445,7449
151,1125
2651,2667
1837,2091
3072,1919
3457,2851
2485,4712
1037,1514
11,4212
1549,3164
1734,290
3451,3956
317,696
4632,4338
3046,3646
647,243
2688,3015
3394,762
1006,432
1585,2877
1009,1514
2747,3200
5317,4536
1700,2607
3615,3568
2510,3265
1885,1893
1331,959
7374,5760
7901,6918
1359,7168
1374,1419
4981,7510
1542,5739
971,810
143,2341
2565,5835
5472,7510
907,959
6280,7450
3350,3843
4488,1498
5531,5871
4266,5780
2186,5199
3709,4037
3198,2856
5191,5392
59,1230
6913,3631
2700,3631
1350,1963
7241,7791
766,7144
7873,4071
3375,3334
2658,2652
432,429
946,993
2398,3976
993,2120
4216,3140
4070,5737
781,673
2832,3835
3787,2398
1098,2504
3569,2653
1133,1029
7727,7726
4948,3452
5020,6229
3192,1305
3057,2516
3479,2657
1442,1555
2972,5693
3169,762
47,2091
457,5002
4045,6632
7502,5289
686,1973
1549,3404
2565,3029
3631,7553
2565,5199
2999,825
3015,4037
2240,2102
5532,2535
3447,3089
766,3587
3453,5106
4764,6715
2903,4796
5360,5412
7443,8192
2223,4071
5173,8134
2237,3615
1305,1201
1335,1250
311,3265
2251,1977
2972,1305
8173,8192
2774,3309
6945,8028
311,742
5531,5897
3381,3489
178,7699
6305,6699
2062,2109
5189,5288
4717,3293
3402,4261
5187,5637
2972,5430
4824,1799
808,8
3453,7238
7047,5643
3622,3026
813,2134
1991,2794
3449,4717
1980,2623
2206,1097
7889,7890
2473,3050
2001,8042
3402,3034
5816,4037
25,706
4846,5563
1922,3201
6780,5819
2702,3307
5437,2507
113,75
844,1286
1501,3140
1772,1757
2747,3320
5217,4536
5794,4625
6501,6004
5857,4981
1381,3059
1137,285
647,2345
2145,6437
7701,7588
7830,7092
5598,4247
110,1191
2504,6156
3301,3871
4899,5463
5751,5072
2713,3843
856,2831
6902,5872
6270,6736
2240,3130
2707,2364
950,7979
988,3260
109,1816
4855,2237
996,2253
5697,8121
4792,5459
556,227
6913,6736
3611,3680
6596,7694
1549,1847
1029,1485
270,271
1510,1497
317,644
2411,2667
113,1633
3447,5886
946,1211
6914,7012
722,2707
4948,3460
3601,737
4828,4944
2658,2760
5814,7116
6,4942
6327,7119
759,1315
1234,1167
3956,2917
3614,5106
2328,1621
432,2237
2688,2386
626,259
3191,5693
2565,8174
2713,4088
722,403
371,56
883,1043
2272,1031
3000,6424
1700,1847
2651,4231
80,299
4045,5479
2693,2787
5140,5844
2297,2746
44,54
5188,4099
5079,6388
2364,4037
6945,7119
7231,2565
4632,7341
2560,1915
5531,4441
1200,3034
280,3136
1748,5100
319,789
4310,5463
138,730
2653,4179
3985,3635
2967,3334
7766,7809
5692,6624
1098,1018
4441,4099
3459,4355
1166,3885
275,2625
2257,3885
8152,7620
5802,3346
2688,3498
1521,1585
182,2329
1051,6955
46,152
290,1908
8,178
25,994
136,4099
6518,5922
310,1260
1151,1234
172,3614
3010,6347
2653,3939
2972,2981
3005,2700
39,822
3258,3200
4483,4940
72,3443
1922,1734
346,4666
749,5239
1542,5798
5811,6498
5190,5335
2381,4013
2699,5123
871,960
1235,1193
6082,5799
4310,737
3142,7791
583,633
2546,1419
737,3238
3148,3650
151,3970
1603,6400
3666,3946
5655,3084
2229,2912
1023,1492
7544,5671
9,626
2549,6914
2326,3616
4686,1305
1537,1492
1377,1597
1500,1956
2145,4587
737,7673
3641,6739
1374,1733
7056,7618
7833,7238
4222,3352
722,3117
5817,7143
28,857
4187,6006
650,700
5180,2258
4037,2958
86,4687
7099,6913
19,214
3390,5123
172,2385
7511,7890
1778,1164
1424,1608
4072,2696
789,3106
457,6299
11,3258
4099,5818
3453,3144
197,152
4073,2276
5446,7946
2411,2900
6,581
4124,4247
1962,56
5644,8295
825,2940
935,1770
766,5721
11,3748
2932,3059
7225,7508
3057,7073
3787,4661
1350,1279
6068,7620
841,2416
5824,5800
5176,5459
5543,5563
5531,6803
1114,985
1204,2951
722,2340
4347,7778
5692,6661
29,243
2707,4088
6951,5643
1305,2912
3034,3089
996,5994
1166,3348
6274,7992
6443,5321
1483,1633
2565,7651
4948,2369
5020,5375
3751,3946
1305,2324
4967,5527
1097,1521
5800,6873
3563,4341
722,1154
993,1811
5002,1680
904,1833
291,3635
582,3557
922,1034
2560,3949
110,897
2972,3835
856,5511
2411,1166
78,368
1235,227
1693,993
1210,737
1098,993
3028,4078
3028,3271
292,178
2156,2071
1236,1453
5110,5487
178,866
4434,2871
1166,6560
2010,2658
2699,3009
1980,3117
7095,6634
5360,5392
1102,1103
3449,4175
178,8288
763,579
161,55
6609,5298
3350,2145
4140,7233
6946,8019
1133,2276
157,955
789,4191
1549,959
3258,3811
5462,3456
425,2231
4632,2940
2016,665
2713,3352
5920,1191
7343,8134
1596,2958
2504,3443
4496,762
5824,5926
1380,2073
5173,5484
769,5828
10,761
5095,5100
7052,5404
5696,4781
4310,4795
1783,1035
3028,4964
3192,4124
371,878
7092,6560
5520,3643
3728,4808
2688,2297
11,1191
722,1864
2072,2604
10,183
24,3537
3691,4424
5773,840
5084,5083
993,935
304,313
5121,5130
36,3150
2688,1814
44,1919
4138,4234
126,989
3468,3473
1381,2016
6646,5254
3009,2774
3209,3976
6596,7544
3562,1166
7231,5289
5817,4980
457,6907
3453,2258
4123,2289
2667,5524
5814,7795
4310,6505
7335,6789
4688,4662
3113,3117
2700,778
306,2727
4609,3443
2923,3117
336,5412
29,50
2145,5827
766,6594
335,2369
6596,6422
5142,4653
266,1802
1142,7073
4077,5130
988,3150
5857,5188
4859,1310
4207,4201
3498,3015
1253,2071
4616,3238
6886,7143
838,904
6624,4037
7104,3726
7480,7279
3026,3645
3402,3748
1608,1641
1492,2106
4596,2144
3457,3726
3315,4191
988,4290
5189,4777
3366,4466
1614,1622
2658,7442
3291,2687
1623,887
8,586
7237,8224
1374,1473
5166,5162
5787,5963
2744,5639
2381,5449
3341,2594
340,232
1717,3029
4967,5189
5582,6006
5753,6554
2485,4653
36,637
6774,7386
3976,4189
4070,3796
5540,1548
2677,4536
1210,2073
784,3631
2172,968
439,733
3175,3529
1319,971
2269,2273
2660,3251
3451,4297
1055,15
4040,8294
13,252
2109,3007
1204,6299
1919,1482
816,644
193,465
46,1542
1305,2594
3641,4709
5286,3417
4964,5969
235,28
7047,7874
66,2117
1693,2073
1200,3140
6627,5465
463,32
2546,1956
3798,2210
3447,3456
2504,2508
53,274
5028,6414
6272,6097
1395,2120
1552,2579
1055,4811
4712,6833
4295,4500
7241,6914
4040,6934
2326,3516
2667,5886
310,271
2298,3724
854,5994
11,849
788,2066
865,6566
1151,3926
2744,2781
4712,6955
1769,2102
1767,2398
1677,1279
3568,2871
3449,5624
556,86
1279,2400
6916,4940
4764,6123
844,313
2209,1653
2063,1730
2724,1049
1374,3020
317,1774
6510,3293
6518,7553
2127,993
4040,6043
1542,2822
4967,5543
5301,4717
1034,1186
994,789
6784,5596
1306,1476
5799,6327
1428,4179
4536,4298
4441,5106
122,3173
2565,3251
3863,3026
996,3813
2118,2594
6991,7323
4099,2369
3645,1239
1608,2617
5802,5671
3458,896
7092,8033
1241,1633
784,2754
1360,6262
1137,2900
1074,6560
7047,5933
2688,2398
6596,6980
4788,6388
1608,4361
5517,4191
2653,2257
1608,1604
4899,5637
457,1061
2290,2510
1615,1787
2549,2504
138,163
1549,4666
3439,1352
3625,3520
2688,3645
5655,8224
1922,5083
5037,2787
2871,2325
928,2499
315,741
2972,15
1353,1977
634,737
1552,1880
1335,1297
5125,5680
2563,1956
7980,1498
6934,7561
2567,1956
4964,3796
5714,6229
5941,3089
36,232
1483,1649
2365,1357
2688,2474
2727,1521
553,5254
5022,5210
7280,6946
5802,5871
4070,5721
6,1218
3568,5130
6153,5437
1221,2290
1808,2410
3481,3914
2009,3455
4400,4402
1585,2400
4036,4233
1552,2593
2565,3089
854,2378
72,431
311,2605
3462,4466
2651,3506
125,313
1972,1239
3614,5222
3643,3634
325,3352
5531,4748
11,1542
2688,1823
6900,7279
3589,3681
1352,1199
2299,3892
3568,3800
11,1485
2790,2297
5457,3089
343,282
317,789
2704,2135
749,3435
6146,3614
3969,4485
9,377
4746,4735
865,6328
3032,3393
1627,1525
5800,7238
383,739
2972,4661
2987,1734
3569,1777
5972,6424
946,2137
5697,6765
3635,3276
2693,2747
5088,5092
2690,3253
3767,2066
310,749
784,3020
4781,4335
4074,2653
5714,5459
5177,5527
4046,1026
1098,7819
4774,2456
993,1234
293,1497
2507,2828
1732,1416
1733,4786
4673,1352
644,2264
4967,4791
4828,6422
25,422
432,2251
1293,1855
2314,2285
86,549
2416,2721
353,152
5106,8169
7772,5179
600,35
3450,2871
290,2210
3197,2856
633,7587
3642,4065
4483,6243
11,1730
697,2397
5804,5563
3453,5800
899,8292
3026,3192
2256,1297
90,5449
11,2237
2651,3200
4072,4335
1424,1377
4223,4138
2713,3338
6619,7295
5190,5454
335,5922
842,171
122,3520
738,86
3453,5827
1074,3830
5915,6043
2326,3717
6299,6665
2967,4040
3449,5850
5524,6993
3463,4528
2702,2135
1133,6229
1749,8290
6615,4361
805,960
46,749
182,972
1623,1555
1247,2257
986,2256
766,5524
2145,1549
457,5721
8248,8249
784,647
5275,4315
7052,3969
2117,2398
5815,3897
74,304
5636,4777
5020,6148
3453,1385
7052,5199
273,151
3493,8293
2381,5020
766,4588
3168,1453
766,7695
3032,3885
4859,4953
1483,1805
3041,1416
113,5002
1990,6552
6911,6714
2559,2470
6241,7694
1596,2325
2900,2815
3568,3463
2707,2593
5810,6442
457,3144
766,3393
2660,4792
1947,1165
1428,1203
4335,4645
6490,6790
2654,2535
2535,2326
988,2576
4550,5650
3458,5055
1922,2751
6038,5829
3010,3609
304,1884
1489,1997
3026,2565
3412,285
659,857
6223,2285
317,941
996,2591
2328,2818
4937,4999
1492,2411
1734,2485
5915,7649
2009,3464
72,5022
6619,5421
5053,4884
2707,2356
2485,1403
6270,5799
759,1075
1667,5301
2972,7074
2747,2974
109,1628
6518,6994
19,50
1492,2619
1166,3266
1230,1893
3488,3967
2585,2210
1247,2775
1210,2324
7086,4940
3641,3796
2593,2801
1823,1805
425,8295
306,1476
1466,2329
4967,5002
4076,1239
3028,4256
5543,6123
1555,1261
762,1697
2840,2256
3032,967
1751,290
5807,5922
4465,4552
128,216
3453,5375
8,280
1133,663
5189,6437
282,230
986,1679
8229,8249
2085,1049
140,370
2923,2328
2658,8237
590,1026
4632,5693
3630,2276
4813,6589
310,3464
1374,1585
2226,6523
3728,1453
3449,4999
1305,3670
3027,6498
90,439
2646,2120
3175,3892
2660,417
1463,762
2691,2535
4653,5650
4899,5545
4587,2145
19,590
5800,7116
275,657
5809,2276
4144,2774
3110,3028
1133,3140
94,282
14,95
1835,4110
2713,4173
2991,3787
4781,2456
7772,8174
3381,6918
1169,1633
1374,5732
319,765
1335,1521
4142,4290
280,372
7391,8212
3032,6170
1549,1547
2658,5812
280,7632
974,4373
2688,5743
2093,2922
2541,2504
89,153
5806,7373
113,2508
1555,913
7086,6044
5531,5543
4076,4828
766,6347
5639,4335
1065,1186
784,1114
3276,2623
2983,8237
3056,3034
1166,5263
1037,908
155,6993
2651,3334
24,1547
6075,5262
2988,4041
707,227
5655,5273
2452,7116
87,756
1986,908
546,1407
1697,1701
1166,290
659,1193
3568,3970
6305,6414
6560,6946
988,3376
1127,1049
7056,7116
4899,4986
407,1489
6619,5897
127,290
2658,3334
35,50
5457,4310
1098,2062
6280,6736
6098,7306
3453,3089
1549,762
7579,7795
996,2657
4550,6955
2909,4528
2972,778
1135,2225
6204,5697
5179,737
5125,6151
5620,737
5644,15
5577,5963
86,50
7225,5800
3451,3140
3478,4138
4127,3447
3688,2289
6221,7478
199,1633
5531,6388
3000,3307
1055,6720
2653,2594
5802,7497
36,5799
4456,5028
2506,3892
2940,938
4317,4402
2739,1374
3148,1990
4044,3452
5702,5028
317,447
643,866
3455,3958
14,55
3095,2371
2369,6458
3641,1385
1549,856
259,1808
4833,4124
6625,6634
996,1402
2972,2511
4829,3089
1748,7386
173,1524
5806,7279
7231,7225
954,290
1549,633
6072,5614
3168,8293
4045,3455
766,5651
4429,4557
7184,7185
1210,2079
4045,3748
4310,5928
3028,1166
86,325
412,3813
2686,6337
5110,2516
722,2591
664,1569
1381,1482
2229,3520
4040,8226
356,2770
2182,2185
5582,6739
4046,4875
5684,6306
3454,4613
6305,5273
1769,2654
2502,5210
600,439
663,677
4212,6571
3459,5871
1566,2638
1074,6528
265,7587
11,985
2365,4510
3799,3007
6305,6595
4938,5341
5187,2398
2833,2371
1997,56
6714,6523
412,3130
762,5148
6241,5822
3641,2210
1166,204
3032,1166
1792,1858
173,560
1062,4256
4150,3748
1419,1323
3787,4713
4964,7023
14,1966
3569,2693
1236,1489
3813,2605
4828,4448
4666,8042
1549,2001
7774,5819
5857,7351
4099,3830
922,1330
3115,2565
996,1621
789,447
457,3615
7860,7862
429,435
6032,5800
7063,6555
2332,1250
5531,6594
5695,72
2704,2838
5022,5886
4056,8294
425,663
2565,3320
534,2535
5189,5705
2972,4999
3645,4365
766,3291
5531,6098
2700,2016
180,182
2967,3806
4743,4735
5485,6044
209,271
71,214
3390,2001
4203,4201
6,1446
2504,2323
1305,1679
1166,7699
457,3321
2328,3670
2700,3903
1430,1203
1305,2700
4144,3976
5531,7149
1908,1566
7511,8044
2660,1754
1193,35
600,1842
1610,1555
1037,6855
3055,3903
3614,3562
154,407
2651,2958
7471,6914
4733,5947
1795,1717
4335,2785
5816,3291
5630,5263
5998,3962
3457,5827
25,152
5404,6255
650,765
4967,5969
6377,6770
147,820
1922,3812
7301,7707
3456,5144
1013,1080
3748,2696
5243,1247
2298,3276
2560,2129
784,2597
3447,7510
2485,7927
3020,2700
5739,6934
6023,6511
1700,8290
1964,2764
766,5323
826,2504
3404,3089
813,1888
1133,4796
592,282
600,1100
6,1484
643,4117
4310,6555
5543,5800
988,5022
6615,6770
2747,3807
788,1156
311,1465
5188,6528
3453,4831
28,271
4964,3089
1549,2134
2651,2001
74,1330
5697,4574
5566,5189
1748,6993
1800,1842
3910,6634
2384,2760
3586,6832
2746,3843
312,1319
4828,6337
178,829
7086,5406
340,885
2264,2381
764,1700
5655,5179
710,2225
24,2144
2964,8294
1133,3912
2485,3173
192,932
3027,2774
2145,3439
580,5106
2366,2665
4335,4485
686,3755
5190,4666
6488,5800
2651,3629
5696,4099
1335,1798
1102,1903
4212,4551
4674,3460
7055,7699
1305,2114
6068,7927
3642,7233
5819,4994
7045,7694
5439,6481
109,1521
1000,1154
1357,1234
457,4940
1896,3435
3115,3117
2565,3447
1074,6892
306,659
3902,3835
2003,2565
4212,2145
5189,5335
2297,825
1922,2251
171,1196
151,643
1024,1641
4040,2605
2565,840
2871,2297
3724,3800
1616,928
6323,4483
766,4480
3110,2369
2535,4219
825,3800
3724,4233
3948,4201
127,3352
36,697
5811,7414
5818,3792
2690,1754
5457,3498
1492,1901
6272,6955
697,3970
6392,6400
4076,2381
1042,1592
798,3439
1133,2830
2485,2727
1027,5631
5166,4604
2565,3394
2871,4666
6619,5233
1997,2435
2485,6229
94,2643
3642,5814
5696,6496
2699,4040
2958,3645
3166,2550
5179,7088
7092,6000
434,5897
1470,1297
3854,4256
823,686
6907,6560
5099,737
4191,2144
3132,3136
3404,5439
3910,7094
1166,56
3812,6946
5189,5738
6563,7778
2472,1049
1137,3033
1480,1628
1037,947
3460,5210
122,2625
2237,4811
1608,3352
3252,3480
5022,5545
766,3873
3258,3520
1247,765
2565,2825
1098,1982
766,3962
5020,1982
3775,2958
1583,1374
7378,7386
247,435
5002,6665
4967,7144
4982,4335
6068,6875
3028,4783
4065,1769
663,871
6538,6789
1000,4527
5524,7088
4437,6097
201,705
4455,6270
176,1428
789,1352
14,214
7744,5812
5106,5925
4977,3607
1997,1482
4856,5651
5806,8002
1820,1097
1166,2594
1201,2066
2237,2182
7818,7946
5263,5693
7441,4341
1549,1792
8,219
6563,7214
5531,4134
3460,4791
2686,3009
1621,2329
5037,3459
5800,3238
2410,7839
3055,2651
6305,2433
7120,1865
7490,5002
5543,4134
3770,2851
3227,5288
1549,6442
6837,4764
3026,1814
4040,4706
1184,2322
885,1563
1700,1985
2256,3980
2658,3173
5405,608
7057,7233
5531,5179
5142,4448
4828,7992
7129,6832
4155,2066
996,1472
766,4713
1133,3276
173,311
2485,2375
178,958
6627,4632
3691,7587
838,864
2871,4183
1055,7553
1286,3643
1605,1199
1473,1026
4364,6422
72,6790
4136,3394
706,836
1552,761
7092,5773
7047,2658
57,271
128,1164
5166,4600
852,857
2713,2516
635,1357
2326,3529
5357,3910
1006,904
635,3148
11,4162
4840,5482
2565,6948
600,1497
865,1186
2653,5026
6360,4037
6323,5800
3452,5392
1055,1633
457,5886
4192,6736
2706,2565
3624,2909
1167,5963
457,5799
2379,2328
1766,722
1151,2697
7052,6789
5524,5605
3447,5204
2130,1977
3593,4247
1211,285
3449,4824
1098,1565
1352,1816
5179,6221
319,3334
269,994
1838,2095
3553,417
12,631
3304,2338
813,3258
2696,3796
2667,2507
3454,1688
7049,1191
5185,6501
737,5802
4795,3752
1055,1569
2875,1393
3449,4040
122,1247
23,1123
5022,6790
737,7450
2504,6770
1267,3970
127,805
4310,5871
3196,856
1471,971
2713,285
407,406
1613,1520
1549,840
5534,5459
4206,4201
4429,4335
4483,3291
2232,2589
110,1964
2365,2951
2686,2594
3614,2066
1836,2193
4899,7809
2871,3903
2411,2809
2323,3028
3614,4715
704,999
2623,2416
7090,2565
2297,3307
5817,5484
4843,4037
5185,5925
1967,1734
1098,5289
3027,5697
4355,4748
5804,4574
5691,6571
311,5254
3614,3776
209,1190
7391,8051
546,5524
3366,4124
11,1847
29,866
1305,3541
5800,6555
24,132
3142,8293
1896,7553
2507,1646
80,280
4070,5182
2411,1915
1686,1501
454,49
2237,3453
789,1956
215,1805
763,733
5796,5288
127,650
6378,5798
341,791
2299,3026
269,549
3762,2923
3028,2660
4595,3453
6619,4666
68,1633
7677,7517
2565,2968
5714,3586
5079,5226
5176,3643
766,2958
1062,1203
3238,3334
7052,7961
2790,3946
789,4441
4688,5026
2231,2591
2133,2721
2435,2654
7132,7961
4792,5739
1585,762
2594,856
3615,2657
1132,2946
766,1403
457,1319
1129,1321
1814,7168
6907,4361
3633,2585
3291,4013
1202,1201
4065,4604
295,1442
2702,3538
1594,2193
1044,769
407,1654
2696,5743
3728,2516
3659,4297
5814,7508
3028,2210
127,549
41,75
2768,1808
4138,4653
2072,1137
1639,3680
5175,5775
2560,2144
3145,1688
2365,1035
5020,3334
3666,5323
4952,4938
993,579
2576,7052
2624,2625
5276,6123
2888,2470
4560,4661
1467,971
122,3970
8,611
4458,4463
3976,8296
5680,5694
904,2604
317,579
310,3136
5179,5620
4036,5737
208,6156
1151,1322
7239,6000
813,2264
3641,3192
7005,7763
5188,7115
99,2565
407,429
1537,2508
941,1555
4851,2237
1766,1835
2231,1012
7679,7021
2932,3969
5262,1473
166,261
5524,6270
407,1230
1522,1514
686,1375
5296,4712
784,3615
3297,6618
21,30
2699,2667
2696,2625
2411,2256
173,2339
2932,3192
3453,4335
2932,4065
3728,4201
178,723
3691,5271
1421,1425
3724,4051
3960,5484
3642,6306
823,1026
1480,1979
2210,1787
2252,2251
2133,2877
1783,3030
2658,7478
5301,7422
5697,7052
4437,7119
6613,4666
7026,7965
7770,5933
5439,6441
1997,2095
8162,5738
7188,6976
4441,4483
6619,5969
2326,3009
1075,1858
6217,6441
5932,3459
166,8198
3454,4822
4899,4448
634,3455
339,271
2255,1964
3381,7478
1700,2416
71,391
6624,7992
5289,5592
143,204
1808,1888
3024,4578
24,2754
1166,2685
5761,7279
310,1164
2135,3614
427,4179
1919,2055
6510,6665
697,2535
312,549
922,1111
7777,7778
1492,948
2368,290
2560,7648
173,1985
6772,6809
1756,1835
187,601
254,857
4718,2001
1305,403
9,8
1603,5233
2368,2599
2256,2120
352,1077
1733,5254
4824,6006
5802,7060
3642,5121
784,243
3965,825
1374,1717
5934,6166
5068,7381
2653,2576
1357,2593
1922,2607
4899,5819
1133,1186
2655,4040
5714,1473
3917,3787
737,8198
5524,896
2565,2955
1621,2651
1137,887
904,1465
4964,5524
1896,2700
6218,6006
3032,4471
3191,5651
2002,2004
5649,5683
5697,4713
1814,2654
3456,4715
3969,4587
3144,3650
7588,7116
3917,3352
2560,3276
1041,2277
290,1754
766,2787
3642,6496
3392,2576
4824,4706
869,882
136,4795
2256,3446
1305,4051
173,1662
147,1678
4923,4037
2578,2410
3084,3059
4598,6765
1608,1718
3614,4201
2332,3408
6522,1493
1608,2231
7056,6320
2658,3010
1688,2955
310,4827
1608,350
4338,2001
3666,2655
3026,4384
4879,3459
904,1165
879,4385
2688,5200
57,415
7350,5806
1335,579
805,290
1374,2576
2297,6337
255,681
2576,3092
1212,1211
7043,7059
789,3755
2958,3892
1808,3028
3449,5305
3637,3910
3275,3516
5773,6934
171,1556
3424,8293
1210,2535
2565,3580
2559,2951
1707,2594
315,1166
1549,2623
7563,4341
5582,3291
2360,1621
1133,4191
1972,3903
5714,2774
1876,5254
2485,2900
2658,4510
3956,5539
6563,5814
5582,4713
737,8051
871,857
1377,1783
319,407
7293,6976
7002,6774
3558,2799
5391,6624
4824,2398
545,2708
7744,6914
5125,4828
3333,417
5617,1026
24,3473
36,4065
879,4938
4671,4625
1160,171
5022,8297
2713,465
4828,6435
813,3024
24,5123
4045,5527
3001,2542
4036,8037
5796,6953
4792,7908
3366,4777
1367,1186
5839,5262
1207,4748
1279,1555
1887,1893
6934,4037
4828,5506
2565,5341
1035,5817
1608,2210
6,765
7055,7279
4124,2072
2135,5743
2696,3338
2592,4191
3568,4811
6951,5697
2940,3117
3453,1473
1151,2535
7420,6442
103,687
6001,15
1972,1799
8045,6307
865,929
376,311
1813,2144
7054,3000
649,659
6665,8028
5806,4037
1836,1842
11,2669
856,2252
737,6930
1717,2004
5059,7306
3728,4977
407,1963
2871,3034
3767,4110
6934,7620
4536,5055
49,664
7578,4071
457,6422
813,5848
974,204
1074,4412
5173,3796
5697,5822
2109,2775
1693,935
784,856
2822,3056
85,33
1037,1734
6714,4361
2369,6955
2972,5449
4509,5204
1279,971
5739,6686
1891,1230
2747,4051
2974,3562
5022,4748
3028,5738
151,893
6510,5002
1922,2174
986,4365
2240,8168
737,4983
1099,1297
2859,2485
6758,3830
3015,5459
6774,4983
2972,3144
922,1200
4547,4953
5123,5226
7205,7023
3830,3014
1522,4510
319,7910
1350,1953
1062,1282
886,407
766,5204
4879,7587
19,28
3447,5364
3032,4290
4044,3352
3129,2625
4587,2535
5430,6833
7121,5800
1075,3321
1772,937
259,5210
6885,6001
3381,5543
62,606
1374,4055
7092,7400
1097,2768
908,1849
3527,3812
3381,6272
3098,3089
6976,7400
3005,1549
3645,4299
6230,6229
24,697
58,1697
1667,6306
2240,3260
457,3691
2619,2474
3258,5130
2925,2946
2036,665
3956,6505
2559,1754
3033,2653
3812,3352
136,258
4036,4792
3667,2066
3633,2657
3982,3352
3005,2256
3350,2398
6359,5524
1151,4124
2651,4827
2787,2517
3631,4335
1063,2658
650,2117
27,319
4967,4488
68,4211
2356,1166
2693,4134
1542,2654
788,859
1074,3919
6483,2620
2696,2135
2118,1018
844,2646
879,3516
2240,2591
5123,3015
1549,506
3095,1267
766,2999
5524,6955
7980,2223
5263,2516
7055,7414
3453,5891
55,214
3611,3005
6489,6330
4409,7924
2518,1186
3454,2917
1342,3352
941,1564
5454,5605
3258,3643
87,7381
1875,1705
531,8287
3059,2653
7231,7813
3297,6414
4355,5204
5800,6097
1041,5326
2692,3030
3390,3435
4151,5817
1135,1792
826,3351
2159,2145
2411,3307
138,719
5511,4335
1470,6432
4894,5482
4745,4735
308,1672
228,391
1542,5123
937,1222
2831,5079
7294,3962
3449,4534
290,1706
3796,2398
8190,8192
2658,3092
7047,7991
2371,2922
5802,2565
6421,6523
2697,2066
784,1842
1166,3976
5015,7810
1037,2323
986,1484
5020,2620
23,39
2118,3454
7900,7574
306,2747
2120,765
7378,6417
5857,6946
1350,908
2565,5079
395,7890
4899,5100
2145,3320
1055,2151
2576,5605
1151,3489
11,1661
4967,4994
6907,7381
988,465
4669,4666
788,417
68,2264
5655,4310
4483,6634
2657,4500
3404,5341
825,5487
2697,3024
3641,2433
974,2289
4041,4827
993,956
2102,2707
5773,6982
3508,4735
4828,6665
5551,5459
5102,6681
2565,5932
4828,3089
7086,8128
4070,1385
2871,3393
2935,4588
4898,3276
4335,5671
7862,8024
1167,2880
2585,4037
1730,1026
1052,1053
270,853
5189,4795
5189,4687
8147,8148
2119,3251
763,1360
1495,2651
2658,7835
1823,1749
1972,6458
789,2341
1210,1193
3458,3887
1202,3034
6911,5484
2689,5891
3010,5412
29,313
7052,7491
1367,3506
6550,1498
4673,4483
2940,2977
319,622
3108,1357
1350,1555
2114,3050
7092,6414
178,429
2009,7279
6359,5697
5796,6739
339,6043
3447,6414
3630,4531
1542,4124
5139,4645
5787,4310
5526,737
4351,1990
600,895
5,167
1051,1186
1555,415
2585,3454
376,1023
1496,1603
4076,4814
2145,2375
3142,7996
311,5022
789,1200
3107,1357
5462,2398
6024,2160
1549,2371
5543,2851
457,5239
5614,4940
151,806
2230,2411
1732,2474
5540,5459
766,2674
5171,6720
1352,1531
3479,3352
308,228
6501,5827
844,1043
6,1531
933,1103
707,1053
3723,3459
2135,2594
5276,5614
6,586
2326,2623
6415,7054
2871,3309
469,608
5179,5640
6616,5012
832,878
4967,5465
3144,3660
3447,4783
1247,1484
1151,1977
6346,6554
3567,3148
2658,7237
1658,2787
788,903
2653,2485
1141,1193
5800,4884
8062,5210
4632,5121
737,8141
1614,2625
3854,5459
2674,3068
66,1075
4632,6043
68,3034
176,1464
5419,4534
3813,3334
7262,7763
2381,4269
113,95
5553,5863
4550,5568
2109,4463
2707,2535
4347,8169
6914,7306
1622,1893
4967,4715
4948,2398
2099,8290
2299,3580
871,1439
2560,4365
1305,3803
3447,7351
5531,7373
2605,5624
6458,7225
4073,1307
3209,3005
4550,95
3453,7908
737,3459
27,422
1767,3813
1705,1707
2387,5239
5811,5012
4829,5176
5068,5452
2485,4828
1062,2485
4023,840
3615,3557
1585,1151
5185,6600
710,1152
6635,6784
3568,4055
306,406
5171,5844
1004,6414
3459,2516
988,2660
1756,1628
5658,6334
4483,4986
2369,6111
2702,3089
1151,4899
1796,2160
3084,7649
4673,6552
2967,2371
87,6553
5103,6327
5496,4977
1133,3976
663,756
2967,1157
784,3976
5173,6681
2688,3919
7057,7052
2576,2354
2688,1305
722,760
1098,7021
36,2619
5317,4191
988,3324
3258,3903
3830,4735
2193,2062
2129,4547
5022,6407
6241,5563
280,56
2703,2325
2619,2485
2747,3650
4044,2145
1471,1612
1888,2102
904,1716
5697,5773
5125,5144
2688,2687
77,130
3995,5061
455,192
2612,2912
312,733
5179,6296
5184,4964
3447,7290
2257,1166
2516,3479
189,214
3028,4778
1247,1757
3569,2565
5814,7757
39,299
994,696
2565,2764
2237,4827
5940,7632
3458,5804
4065,3439
5324,4929
2686,3516
1211,908
6377,6665
7565,7400
7675,1982
2135,2256
1098,5002
3055,3888
3813,2646
6906,6714
6714,5897
2343,1250
1888,2128
3498,1799
1433,1428
7049,7795
4180,4181
5486,4600
2871,3796
4459,3748
4441,6032
457,6788
3028,5442
1166,3265
4777,4778
766,5466
5932,5824
1808,1608
710,1100
7123,5384
663,2324
5391,3027
1167,1780
2256,8293
2713,3007
6624,7646
3785,2981
6934,7529
3000,3408
457,5273
5949,7301
7280,7588
3635,2289
805,3443
2688,608
6627,3459
4931,3433
1783,15
2461,2470
3191,5635
5022,4791
2507,1835
1350,1389
1622,1549
3462,3956
1166,6327
3631,3914
2542,1549
2585,2653
1319,1593
3352,3140
556,1044
2174,4231
5452,4530
626,1186
695,5233
2237,2696
2120,3459
1549,3804
5821,6458
6494,7890
928,1236
1050,2565
5787,5182
2328,2821
1592,2856
3633,3720
2967,2456
762,600
7614,7874
7285,5432
5037,4530
2384,7694
4042,4162
10,216
2667,6360
2594,2001
6006,3631
650,748
7229,4341
6618,5773
122,3456
898,1026
3456,3796
1133,6021
2510,1186
3127,3646
3010,3351
737,7588
1305,861
2699,3084
2585,2958
2688,1648
3477,2653
5022,6715
8243,8263
3453,3910
3352,2565
2174,1154
348,86
36,1549
1594,1858
6,991
1661,6218
5775,7835
3631,4117
4673,6156
3047,1792
3568,4547
854,2629
2510,1792
49,370
825,3473
2988,5226
1608,1977
1350,2378
2365,5775
988,1837
1505,935
7391,6523
3601,5721
2688,2240
2565,7921
2516,5037
1594,1901
2565,2014
2455,2470
2972,4536
3556,3807
4070,4468
5487,5445
3662,6299
3643,6029
1336,4687
2859,4528
956,1966
5802,8083
2398,1250
5173,7295
4310,6833
1135,579
3787,4483
319,725
3956,6570
2117,2182
7052,5028
3402,3910
4291,4037
650,1382
319,280
3449,4536
8,80
3461,4986
4483,7624
4686,5415
7057,3459
311,7624
1201,1396
4073,3645
5543,7961
3001,3408
2713,4247
4331,6174
2700,2325
6784,7054
102,813
4948,4983
1542,6595
5262,5936
3787,2653
2948,1416
3668,3669
7047,7707
4967,2822
2686,4483
5714,6833
6270,6496
1380,974
4222,3962
2660,2231
1357,813
4046,2326
5915,7882
3395,3018
58,94
3961,2535
109,2106
6619,4361
1990,3785
3350,2619
604,746
20,700
5697,5002
68,5655
457,5872
856,2815
2328,3568
954,2643
6327,5814
2822,2654
280,579
6494,6032
5079,1799
1972,2016
47,322
173,1746
2565,3506
6243,7632
1151,7587
172,2576
2842,2416
2168,350
1972,5584
2516,2657
74,682
4974,5204
7023,6560
3057,3024
432,1746
94,668
3010,1633
782,8
998,1053
996,4335
306,86
6596,5839
2502,7054
3192,4600
2559,214
1549,904
7391,7047
1756,1805
784,1534
6974,3459
3258,5022
2804,3148
4338,3291
1210,2117
3032,1140
6914,7510
6526,6783
12,748
2252,2253
1211,1808
5201,7632
1247,1662
6367,8141
1051,7890
45,871
5946,8130
6916,5289
7121,4361
1522,2145
6914,6780
1350,1816
978,956
5391,5449
6484,7890
7805,7803
2958,5412
7231,7587
3447,7813
931,665
2871,2257
2472,56
306,2923
2618,1847
11,3454
2369,2364
1006,2341
3462,3443
2144,15
3465,5301
75,1884
2062,2202
3691,5835
3873,5563
5177,6774
769,3755
5691,5837
1204,5199
2565,4964
6072,5819
5189,1498
2240,2499
2485,1648
4632,5872
2865,2599
6204,6330
2871,4335
2168,2174
2651,3404
7744,5738
1305,3193
1151,1758
3642,2276
2700,974
4824,5721
4813,3842
788,4795
310,439
1566,2246
1063,971
312,749
172,3126
33,28
2859,3453
922,2066
3447,4189
3352,3084
321,1023
26,6
695,2066
5806,6306
5189,7214
4813,967
4791,4796
4191,4531
25,299
4673,5215
3586,5037
1538,1000
304,761
8085,4940
6766,155
463,517
4040,1688
1133,2765
1820,2693
7047,8275
2257,2544
2485,6151
1062,2593
3724,3125
2231,2736
813,1378
1549,4263
172,1814
766,3664
2240,5321
1688,8174
1813,2655
6155,5404
3643,3970
2565,2923
1538,1858
2485,7809
4099,4713
1985,762
6272,4717
2093,2323
737,3458
1500,4138
5118,2001
4347,6918
2619,1781
4828,6994
11,1556
3456,4706
1166,350
7493,7225
3238,4712
1166,3089
1164,1266
1985,1549
5812,6161
457,4713
2565,5529
5217,4448
1728,1716
5521,4191
7085,6946
5531,6151
2968,7620
3252,2727
5824,4536
2746,2923
457,2354
5196,5079
3749,737
3827,2900
46,271
5802,8198
5524,5295
1565,2385
6066,5524
4653,4536
2373,2135
742,4875
6032,6414
457,1816
946,1049
1808,2751
2707,2289
2687,3371
87,35
6782,6004
1375,4480
3057,3443
7150,7649
2658,2687
3661,3562
4894,5799
4960,4962
256,282
3948,3720
686,1372
1612,1982
319,1566
2411,3117
3020,3021
1749,2651
3952,3024
6377,4713
2972,1799
1888,2339
5384,1247
306,4041
1305,1166
2871,3338
870,1319
1434,1439
11,960
4363,4365
764,2117
1424,1164
1972,1159
2411,3084
59,3408
269,439
42,8287
425,6241
4632,5012
4547,2144
1489,1482
3032,2594
2972,6272
2693,1744
974,2667
1151,415
20,2281
2544,5321
55,321
311,1166
2838,3587
2356,3026
3496,4485
1236,2593
265,2593
7955,7835
2660,4574
1470,6246
3666,3557
4843,5452
171,1726
722,2579
626,1193
1473,1747
766,2456
742,7277
3373,4263
6218,6913
3454,2565
7092,7961
5366,5459
5930,5176
941,214
457,3200
3238,2516
996,6441
4574,3919
639,1023
1357,1672
2932,2594
788,1700
2376,2535
1549,1319
6397,6400
2290,3258
552,49
1319,1154
1980,1816
6611,7101
4274,3192
1608,2251
3457,2923
310,1375
6914,7491
749,1186
1133,4666
6170,5188
1357,1203
1352,887
2509,2619
3032,3567
3447,7021
3449,15
2328,1842
2871,2612
395,1506
3192,4021
6072,5246
502,322
1621,1734
2565,7092
7026,6979
2371,7632
2365,2660
4781,896
1201,1496
4687,2285
72,2775
80,733
7104,5002
109,6774
106,3033
3661,3200
1885,407
172,2211
5391,6400
1501,1811
1888,8290
6221,7059
5691,5753
2688,5925
1305,1296
1211,8294
3586,6344
722,844
1293,2294
139,806
122,2322
6443,7238
2909,6832
5446,7512
1331,1193
3028,4529
3452,4653
1604,1603
5176,737
2473,2794
311,2643
1151,72
255,29
4144,2490
4219,2811
3743,4297
813,3148
3522,3806
2092,2085
5739,4875
784,1585
3586,3293
7086,5022
5814,5524
789,3073
826,2617
1549,1411
2613,2625
2940,1211
1922,3007
1552,2535
1305,3059
339,611
941,1253
5439,6327
440,236
5079,5199
2608,2410
3274,4717
1368,3243
4152,4351
5839,6934
2981,3456
2713,2597
3563,5479
2693,3007
3020,1357
826,765
5684,6328
2299,2665
2584,2587
9,271
2242,1848
1835,5828
784,2060
2476,2225
949,1580
3144,1688
426,322
1286,737
3450,4578
3276,2072
766,5637
1151,7050
7231,6241
5006,5083
2485,4181
637,4335
3477,3971
20,697
7126,4037
4967,6860
689,439
6305,6032
3009,2660
41,358
766,4557
4483,5753
3028,5267
766,2814
8107,8192
4686,5484
172,2550
3600,7478
7679,6634
3032,4266
1297,465
5079,6422
457,1658
6781,4764
1045,769
5189,7632
722,2333
3458,3897
5817,6299
5482,6229
826,2787
2474,4078
1754,1918
4065,4422
904,959
6537,6567
5185,5714
2113,2685
2964,4269
4045,3806
730,1506
1074,6424
689,2398
1899,1284
1931,1888
2129,4049
3479,4480
1097,805
4071,5775
2485,2289
658,1190
2565,2777
3492,2285
1955,2340
2474,1419
14,378
996,2375
3659,4424
4138,2932
5796,5772
5806,7225
3586,4435
4550,6305
904,1542
2255,947
2241,1186
2225,3089
1879,6417
1814,5454
4974,5463
1962,3136
4631,5545
2565,6737
74,285
2369,15
352,243
86,6327
3392,2066
7047,8225
3199,2612
3633,3807
2507,5254
5061,3537
3258,6980
74,3117
74,35
3554,3009
1133,2328
2667,5620
2623,2597
1374,3371
3392,3650
1756,2062
663,1043
2906,2654
1800,6334
6523,5655
5530,4191
6810,6770
600,829
8,390
3611,3148
4824,4899
4967,5637
24,1622
5089,4795
7945,5605
3614,1984
560,760
1717,7168
7598,4981
4261,4709
3724,3937
6552,1026
317,1496
5189,5326
4835,2237
3785,5484
6174,6832
7052,6832
6486,7620
1357,1167
3615,3059
5802,7168
3877,3792
3682,2114
7227,5872
3390,3274
405,1053
3642,6124
1837,1842
766,2384
311,878
191,959
5002,5822
27,681
2485,2593
1608,2814
3624,4021
5857,5950
1922,1521
2116,2794
3024,1166
166,273
5802,5037
3641,4297
1972,3807
193,417
2120,2594
1135,1140
6619,7386
1811,2693
3973,4272
5178,6715
4550,1799
3352,3650
3787,3796
5296,3103
3666,4814
1667,5529
4441,4401
182,723
5796,6599
2576,1211
2900,2594
1151,2145
5684,3976
6220,6715
7036,4536
3402,4666
457,7389
20,1501
199,2721
639,863
8036,8168
788,204
1803,1811
6398,7763
2700,3926
3610,1744
2565,7400
1997,2504
14,236
173,2193
280,1723
1322,710
4898,5044
3498,4587
5051,4175
1487,1973
3449,2765
80,75
3969,2774
836,765
3877,7092
2145,4335
5582,6004
2059,2576
762,1026
1113,1080
3812,4043
6032,6347
99,271
5798,5638
308,1402
5702,5454
895,2763
1608,506
1151,3842
3785,2398
5531,6790
1305,3030
1919,3033
3910,7587
871,299
825,4310
4142,1688
1279,2655
2658,3691
4310,7378
2658,4424
3028,4584
1592,3034
600,1956
2381,6833
3630,3439
996,810
317,1193
3500,8293
3642,5459
852,3873
704,2225
7378,7813
6615,7301
7057,7054
6,600
8150,8276
6772,155
223,607
1612,8212
813,1297
7279,7280
1492,1661
10,252
3333,1571
310,958
5582,4037
4764,5818
4843,2565
3639,4662
5768,8178
6,955
2549,3650
3482,2597
3451,4212
3956,3455
7045,6934
2565,6151
3142,8124
1522,2397
3635,4201
6959,5697
39,271
3449,5412
1814,5819
6068,5922
3032,1915
3032,2662
1997,1542
3614,2605
3658,3417
5773,6634
7391,7553
1193,15
3132,5254
4974,5872
4536,5043
2660,4424
3028,3892
4564,3140
10,8
7327,7295
7047,7813
7092,3885
3586,6913
4633,4814
2831,5454
4483,3352
4536,4983
2565,2398
457,4712
5800,6967
4222,3806
1319,1927
2237,2014
29,152
7055,7593
4310,6523
2576,2625
1608,2004
3523,2654
2328,2746
2332,1835
236,581
2747,2290
856,3018
4441,5055
4653,5545
1751,1730
143,704
546,1026
2240,2325
6217,6156
1542,5415
1697,1849
1098,2585
2369,7649
5697,2490
4536,5743
5697,5837
825,3140
4686,4338
7132,7280
1583,2654
5176,8295
5553,3293
2981,2658
3624,3274
996,5568
794,271
5079,8002
1000,3334
7769,3962
457,7924
5123,5814
766,7795
6865,7074
6483,6632
1972,2686
3352,2324
4099,5714
553,1808
122,2979
940,682
5582,6613
1151,1969
1200,3126
5391,5178
546,4199
3962,3260
238,2517
6934,7186
2507,2724
1172,1186
3902,4815
4316,4335
1374,171
3541,3026
31,405
68,4310
4099,5226
3098,3243
4036,4962
2967,2775
3835,4466
4447,7553
2565,7277
11,3443
2790,3856
634,2955
6,932
7774,8037
1319,764
2237,6624
7,259
173,1319
3447,5323
425,5404
1352,1987
110,4435
3642,3084
2699,4219
3469,3433
6421,1982
4036,6229
600,6566
1896,1211
74,257
3642,1473
1360,4044
1204,1286
2686,896
6711,6715
2565,5651
879,2072
1166,4127
5760,6299
3034,4531
769,338
3469,1166
791,1428
791,981
988,8051
1522,947
17,8
7829,6555
791,4037
5171,1799
4652,5020
3479,4574
3098,1754
4587,3748
1137,3748
4151,3664
173,2128
4814,5199
626,1330
1962,1816
4073,6481
5872,4341
2620,5829
1724,1726
5775,7115
6618,5812
5022,6765
59,1595
6,2651
3456,3034
954,1485
2686,3646
5806,7533
3449,4338
2967,3456
4547,5459
4598,4099
650,733
3456,3125
1419,1291
4764,5273
12,2252
5819,6004
308,3136
2967,4233
27,624
11,934
3394,3867
2297,2134
79,391
5022,6628
2912,2356
4073,3634
1751,3018
1279,762
5301,7131
789,4099
2369,6789
5185,4709
4199,4247
306,8290
2646,8293
3036,3516
8092,8219
1354,3769
7047,6560
826,1805
215,1628
3553,3276
5511,8198
3615,2592
872,1166
3821,3007
649,150
2323,4385
2029,2135
2833,7561
3276,4191
3449,5543
3452,2328
7391,7921
132,5321
994,2625
620,673
3666,3813
47,80
1473,4110
2707,4124
3794,4247
826,1055
2236,1291
1997,1492
1248,1221
769,1319
1549,3258
111,373
457,5776
2229,1549
1151,1137
6618,7414
1200,2375
3144,3014
7789,7277
695,6306
5582,3631
5806,4795
1368,3755
2871,3140
3000,5123
5655,7557
2727,1211
2972,5239
1243,1718
6486,6994
5246,3191
915,1966
960,1160
3786,5624
1470,5714
1705,2102
826,2972
3777,4384
3380,3408
6618,5246
1243,1201
3056,3567
6951,7921
841,765
941,579
6032,6774
1098,6934
4040,4735
6555,5199
4976,5886
6946,7669
2237,2619
4748,5182
5233,6914
457,5584
5802,6447
879,825
813,3394
2236,2754
6596,7021
737,6170
311,2809
7057,7961
4632,5083
1151,2856
86,33
4001,4811
1814,3140
2707,4297
1891,993
3568,3562
600,6004
2779,2781
215,663
5691,5263
3456,3460
1985,4808
1990,6599
2657,2257
2913,417
2485,2225
3666,4653
72,761
1615,1555
5152,5215
7183,5529
4795,5392
5081,5083
3449,5936
6624,3238
710,1267
5822,6044
1075,1330
4219,4547
870,271
993,1284
1549,3880
173,6606
2914,1808
3449,3910
3032,4402
3375,3516
53,4162
1305,2946
3258,2727
87,4748
2371,3029
3453,3835
5802,6832
1799,3796
56,8290
3976,2871
3026,3748
1009,3148
2135,5002
4476,6055
5189,6918
2544,3352
1922,2542
1500,1097
5524,5121
556,628
7086,4071
2065,4138
3479,4827
6619,6272
5872,5289
6620,6832
132,1864
4099,3635
36,3334
3568,4103
4341,4349
142,302
4915,5404
5189,5800
7350,6320
4219,762
2700,3117
886,7699
3450,4011
4072,4811
6993,7952
1062,3394
7768,6414
7225,7386
2474,2501
3034,3309
826,1487
738,2276
4864,4999
4152,3125
615,306
1215,1919
4036,3352
2174,2594
3191,4400
4712,4037
1808,2120
4457,3645
5008,5323
3615,4578
1160,1382
722,2565
5811,4748
2003,2651
4045,6481
4964,4310
6443,4134
2972,5991
5543,6860
3457,1688
6424,5738
1521,2746
3498,2001
6946,7225
14,566
3088,5738
5697,4980
2688,4551
7733,4432
432,3480
20,656
1151,2001
319,995
1095,1833
3949,4011
4099,5208
1549,1492
2653,2585
707,1377
2276,7478
1922,1705
2369,5902
2560,1744
1133,8290
3000,3021
1358,1307
2171,4713
339,613
2746,825
7171,4632
6479,5273
6523,6634
457,6725
947,2623
998,579
4948,8178
1470,2135
2708,4037
5800,5671
3439,3009
291,4780
3031,3018
2326,4124
2654,3567
42,6458
7155,6327
959,985
311,730
2326,4189
7686,7120
47,286
722,2587
2557,2801
2972,3691
4894,2925
5806,7913
1135,2955
2473,2135
7086,1982
7471,7512
113,1413
2356,1706
2566,3320
76,8
5079,5844
2084,2092
311,6299
2256,2974
5524,5529
2727,2297
5050,6337
988,1982
5658,6980
3956,4468
5543,4781
2883,5387
2161,761
3479,5513
3641,6148
5404,5784
2700,4011
1539,6560
5818,5624
1253,3456
784,346
4401,8227
3541,2923
2559,2508
215,956
1374,3973
3642,4604
7225,5902
6347,7979
2659,1990
5800,6860
5079,3897
1034,321
5738,7391
766,2398
1055,3103
94,324
1662,3235
2619,6790
2565,2713
2744,6006
1029,813
1207,1633
863,2160
416,226
4001,4127
6596,8163
2384,1416
457,5651
3407,3408
1813,3439
10,300
696,930
1487,2623
1766,2397
306,3720
2229,1564
2689,5100
3092,3796
1997,2079
2236,3020
1166,1781
2693,3009
1549,2544
1185,937
7598,4884
6460,7910
766,4795
2595,2354
618,875
3458,2114
5079,5563
1496,1248
2646,2617
3691,3634
2528,1186
3854,5412
2365,2053
4076,4480
3394,1305
7080,4944
2565,8134
6479,6552
4686,2689
3527,2585
1962,2211
2145,6855
6627,5484
993,1243
3976,5860
6916,5406
2690,2116
403,1746
7517,3293
5543,2276
3568,4269
3394,3650
1741,1199
371,627
11,1533
1585,1888
4073,4266
2542,3871
6072,6044
4574,4247
1868,975
86,2809
2940,3772
5283,2398
761,1484
51,175
5773,5775
1615,2066
2778,762
4144,6323
697,1062
2071,1378
1922,3260
3458,3537
766,2535
1377,1168
5439,6400
2832,4384
317,1032
126,447
294,299
3806,4299
1241,1956
26,433
1210,722
1353,1075
2862,2470
2365,3291
2156,2165
3691,5295
68,5860
5524,7119
5934,6715
5176,2258
6006,7992
2142,1186
6359,6272
5582,5824
2003,3276
3028,6340
2485,7510
5037,3089
4213,3439
2623,5121
3522,2851
2686,1416
4056,4808
2560,3034
3985,4261
5555,5484
3256,4011
2504,4953
3417,4310
3456,6458
1064,6589
4864,4587
2688,3059
5920,6780
24,1482
3615,3607
634,1476
4964,3537
6,301
3449,4103
1808,1805
457,5631
4310,5178
2547,5543
150,1385
1441,1662
3024,2411
1062,2828
4347,6914
5714,15
1286,5925
1428,1858
1608,1419
3523,1744
65,6
5655,2276
1820,2120
1553,56
4967,6481
80,817
127,2323
993,1285
2565,1990
5050,2354
27,4400
6305,5543
2365,4719
5079,5327
3026,2134
2357,1547
7391,7965
4353,7961
2547,8295
2328,3291
1166,4247
1583,1965
3381,5199
171,230
2485,3458
5796,6955
87,5028
2485,2547
4547,4792
5110,4715
4221,3796
1594,1638
2256,3429
6702,1403
5175,2516
4594,2144
7701,6980
6381,4798
6649,5760
1520,1253
5188,5799
2651,1140
1133,913
6552,6979
306,907
4764,6901
101,756
2951,2547
2559,2794
6951,5079
1463,1992
7131,4940
2760,2398
5522,4191
6243,6501
4073,4297
2872,4117
1990,2324
546,2289
7321,7389
304,29
6073,5103
2702,3371
4441,7813
2885,2880
6618,6780
2504,2338
68,2814
996,5263
1097,993
636,432
2565,4043
3010,1754
7063,6784
996,2400
11,829
2972,5073
3352,3910
5871,6699
2702,2979
2474,3258
1542,5947
5427,3393
5437,5891
2237,2535
7053,8224
457,7094
695,2585
6327,4689
87,704
4191,6323
5106,5022
4598,5482
2229,2571
978,1279
742,3238
957,304
1555,887
2995,2993
310,878
179,977
476,477
24,857
2674,3480
4598,5179
3519,5144
3171,2657
2547,3014
826,3755
7053,3297
3965,6414
3461,4110
3641,5073
5190,5639
2790,5449
4046,6994
4948,3274
4483,4748
722,3680
4547,3276
2654,2411
5802,6496
7047,7912
3724,3059
47,935
2237,5509
1585,2880
1730,1565
7378,5079
3869,4600
2565,7052
3447,3664
516,517
3723,762
5773,7119
426,105
3614,3089
5317,5543
2506,1706
3350,3144
1783,2805
1919,3099
6885,6307
3361,2338
3373,4269
1357,259
3026,4124
6916,7237
5079,6715
4199,4233
1496,1097
86,2754
1169,2619
2688,4986
1553,1514
3586,5199
2859,1307
1286,4662
1041,4828
113,1842
1922,3265
2440,4400
7231,6523
1848,2256
3796,2144
722,934
27,613
3949,4058
784,3892
2274,2654
178,3755
650,895
7352,3459
3010,3435
6913,5772
2332,2416
4099,5563
872,3587
4364,3453
4353,4335
2323,417
5439,6424
1024,2785
136,3919
5391,6790
47,545
5391,5529
2135,5683
2654,2693
3447,4124
1733,3089
5799,6437
2502,4110
1305,2993
1385,4037
192,8283
1621,3456
6305,6227
8,581
5872,7618
695,439
5263,4600
546,1908
1151,3962
47,3
319,290
2842,204
2564,6833
615,664
407,1662
5820,3381
457,1353
5190,5430
2972,1159
6280,6299
4483,8042
1029,941
1166,1585
7023,7246
3375,2958
36,2237
2276,6803
2686,3435
5772,5800
4099,5697
784,3489
319,282
71,1357
4191,5848
1043,1186
5606,1648
4673,4786
1947,3800
6327,3726
1395,904
6359,3726
5697,5479
4211,2811
1395,6227
4221,7510
29,6498
1386,975
988,762
5696,8295
2384,3631
178,182
4151,2696
180,135
3453,4098
7183,6980
6207,4687
311,2720
5993,15
3449,5925
1803,2071
6443,7050
99,10
1166,3034
4967,5596
2232,2781
1552,4024
2549,2593
4045,7144
23,135
2256,56
5069,2364
5188,5543
4041,5886
804,1744
311,2425
1542,4127
2133,1565
2297,1267
3912,465
2981,6774
1471,7855
3461,4536
4913,4037
29,4088
335,7795
1055,1744
460,75
1700,3276
312,1330
3691,4233
5684,3089
25,664
4152,3144
7231,7593
2410,5079
1756,2400
1004,789
3394,3898
103,299
5800,6001
1866,1411
707,1192
805,1193
3006,1814
1463,1464
1471,1672
2565,1680
6006,5799
1200,2593
2658,6417
993,1514
3661,4359
6702,6700
4550,5545
1098,5998
1055,2328
5053,5933
336,1633
3449,5452
5029,5484
1525,1780
1720,1965
5819,5832
4824,6976
697,1569
5226,5671
312,704
2699,2900
2623,6109
37,3456
4441,5812
766,3009
6615,7101
1783,3005
6714,7301
3615,3180
1286,2651
5022,6661
2506,2774
2456,6414
376,643
432,4600
2328,4247
3642,7553
3641,5079
3381,7094
1390,1992
291,4013
4547,3796
2976,3463
5839,6505
3523,3807
3748,3537
5015,5760
7197,2785
4186,3334
3352,4666
1615,2083
255,719
2476,2856
4587,3537
14,226
4065,4510
5796,5103
2565,2585
1549,1621
7092,7924
150,94
7449,5643
20,1307
710,1127
5079,5145
4072,4298
802,432
7045,3238
5445,3000
306,1199
1985,1482
3256,5423
403,425
5862,6156
1836,1585
1013,769
1039,407
712,1855
5102,5182
993,1565
6023,5479
4310,3830
4070,4044
4673,4795
7086,3293
5796,4483
6560,7833
1374,2834
2872,3937
5022,6337
2186,6832
5262,5200
6422,7063
3290,2510
4036,8294
3439,3516
24,2579
128,1549
2859,4030
3796,5737
766,6123
6613,7620
1496,2474
3614,2508
4184,2859
6946,6665
3056,2667
55,795
1928,2060
5617,2398
4065,5800
4828,6942
1668,1186
2328,7414
2923,2979
2328,2120
182,659
3447,7101
2116,2117
2473,2117
1151,372
71,1918
2658,1385
2544,2814
1583,1637
2983,3014
4273,3014
5312,737
7755,7757
7096,7529
2504,4263
5466,5387
2236,3243
80,746
3282,2747
3209,2225
1853,1849
8171,8192
7393,7225
2700,3717
103,2667
3417,2565
2618,2746
3262,2565
7056,7726
5342,7809
3912,2932
191,829
879,2746
6916,7620
290,633
7227,6665
1796,7094
3614,3796
5079,6897
871,1612
1808,1772
3084,3807
1306,1203
3556,3804
643,1023
4310,3238
2651,4030
7055,7651
5179,5568
5804,6458
4441,8051
27,741
8041,8042
5796,6481
6946,2940
3634,2831
4398,4040
308,844
1709,2409
3089,1437
1350,1633
136,5739
312,674
1006,2580
644,1372
2972,5513
4741,4735
3447,4677
615,761
55,407
4603,4605
3666,4099
5189,4653
707,1603
5691,5437
3145,4735
7086,8212
749,2770
813,1717
5697,4488
255,1893
2326,3346
1167,1211
1294,545
634,697
2135,1972
2651,3615
3026,3562
4712,7225
5002,5273
4483,6166
2257,4191
2229,1357
6215,5545
6774,5148
2384,2871
996,2775
1899,3516
3456,4041
4717,5829
176,1160
3479,4875
2605,5106
5775,3459
2700,4323
5655,7498
2700,3352
3063,3807
3591,2787
6223,5233
2557,1918
2254,2504
406,684
1062,1418
1896,6699
3624,2653
3614,3557
3813,3562
1500,2240
2505,1835
1211,1471
3191,2856
3641,2066
3026,2251
2290,3717
842,1144
6,362
4347,8134
3191,5233
4653,5210
5017,5683
306,1633
4829,4831
5263,5445
1614,1919
3381,5012
5534,737
764,3755
5020,5417
3624,2981
5857,8295
1166,1849
7121,7279
1166,1411
3031,417
6900,7961
1133,4384
161,1425
3910,5588
36,1075
7679,6241
7052,7912
11,2400
244,28
315,793
2550,2174
3447,4814
5171,3897
1395,1250
946,2670
1538,4037
1749,2859
1583,314
127,3117
3956,2398
4662,1769
4673,6328
4364,3873
3279,1679
3666,4011
308,299
24,2585
3641,2925
3334,4299
1835,6229
231,35
173,2504
5696,4604
3796,2787
5079,5527
7301,6634
3366,3352
2323,2252
896,7094
766,1416
325,1549
749,7632
3032,856
3479,4041
5189,5327
1496,993
6015,4175
3352,8293
7487,6000
1129,1497
6,791
520,524
2326,3631
457,2831
4041,3554
2967,2565
3192,2016
1547,2625
2953,1688
6615,6913
2707,1679
1167,1357
5243,4400
3381,3000
3381,5384
1164,7386
1667,5079
3461,4529
1496,1992
11,1035
4824,3537
3454,3643
2229,3089
3002,3456
2968,3293
47,250
308,1253
5185,6305
10,725
4536,3284
2658,4471
879,3568
6494,4875
7045,7059
3925,5210
3439,3538
172,8293
3645,4417
4632,5178
7400,6123
6784,7088
451,28
1620,1428
36,813
2651,204
1055,5123
3522,4552
6774,6993
615,719
1093,1080
1135,765
2972,5663
1062,2328
109,6529
68,5254
2411,3319
5606,5683
71,33
4441,5671
3642,4338
3150,15
697,4661
334,893
133,402
766,2775
3009,3724
6916,4875
3453,4040
11,2333
3497,8293
4076,4808
1972,2727
6229,6330
3453,6809
2465,2470
457,6400
6608,5829
1661,3408
20,1156
8189,7553
3633,3260
4140,1024
766,3150
152,667
3995,5457
3449,5637
87,2535
7236,5148
457,3106
2713,4402
3666,4256
2547,4124
4712,4828
4040,4531
2565,3059
2958,3898
6616,6330
9,378
7393,5378
31,1402
4046,3334
288,34
6596,8198
1008,5714
2557,3607
784,230
7005,4037
2665,2256
6,1241
2416,1012
7818,7961
180,3567
996,1633
2686,417
306,2665
1097,56
8053,8224
5048,4488
5011,4977
3404,2654
705,1413
5796,5484
138,1718
3073,2485
3026,2411
457,2535
2667,4247
941,1816
2120,2799
1997,2085
5190,2831
7131,7280
5802,6686
4938,737
3081,5936
2338,1964
3521,4453
182,2328
1253,3274
4000,2210
4310,6437
3242,3809
4964,3631
1395,1798
2256,4051
87,656
2169,1390
2215,6296
3454,4528
2371,1705
11,2727
2145,4289
2620,6305
996,5683
3645,4403
1384,1416
1705,2599
5819,6980
1582,1211
5796,5655
2072,959
946,204
1428,4055
4124,4332
3032,2724
2651,2665
2871,4013
2612,3408
5072,3498
1384,3506
6864,6327
4576,3447
5562,5527
1552,1497
993,2168
1238,922
5814,7414
1885,2485
72,5511
3660,4138
873,849
1922,1723
1496,1808
766,1191
7281,7295
103,2871
4152,3443
6006,6327
2214,1985
2700,3007
4632,5100
1285,3009
2542,2968
371,317
4007,2859
633,1580
4485,4876
1972,3480
3642,6599
722,1777
2940,3351
1525,1000
1008,4875
1470,3456
6772,5818
4655,3321
2858,2963
2565,7094
5188,5199
5819,8121
3375,3680
5020,1026
4717,896
7090,5002
7280,5812
3062,2662
766,871
7052,3962
2547,5638
1151,2071
1497,1201
4070,4899
5150,15
3451,1984
28,246
1922,3024
3642,4536
2272,2117
904,999
3461,3557
1062,853
5079,4574
974,2144
725,849
457,2693
1009,1811
2564,1352
2299,5215
8,252
356,214
17,1513
5855,5543
3404,2822
1151,3443
5140,5245
5125,2490
1120,1123
6243,6000
5155,4448
4076,3394
2411,3140
5582,2925
2062,2178
24,2560
5630,5254
182,4256
3678,1915
3522,3455
4073,15
2133,56
1781,1000
7747,4981
3020,3243
62,6
3796,5100
1075,35
4718,4041
2559,2289
2968,3265
1542,2646
340,178
813,1035
766,3033
5079,4099
4041,4653
2686,3804
2323,3580
2237,3958
4632,6124
4326,2433
2379,2134
1820,290
3032,4386
3252,3650
1151,2754
7056,5179
1151,761
4919,4037
5185,5321
1395,1035
3571,2981
764,2205
6945,7763
2871,3150
6488,5254
6993,7237
2693,3537
1111,959
4076,3631
2851,4432
7099,6414
311,3007
766,4323
710,2117
1697,2182
3614,2923
6620,5563
7281,7277
5254,6566
2707,1814
68,5605
4211,7553
4818,2237
1055,2774
2778,214
4211,3439
1242,1555
3449,3284
7471,7965
1193,1031
8036,7860
1717,2625
3454,3557
1151,2253
5028,4361
5802,4717
4653,4127
1537,1734
172,2325
6398,5714
6020,5545
789,3458
2485,3056
5103,4536
3148,3480
1521,1411
904,1649
5172,6979
2326,2324
1772,1997
1044,3926
4899,8044
4221,5254
1210,204
663,934
2369,6523
5118,2381
4329,3092
3404,2747
7280,4507
5155,3106
1247,1580
8243,6307
5591,2774
1661,2328
5184,5155
831,1855
5079,5539
143,6004
46,214
103,6967
2118,2338
844,1160
47,844
3786,6262
2237,3680
1769,2587
2156,1549
3375,3520
2369,5886
2256,403
1549,2326
5691,5693
6615,6784
4792,6832
3032,6334
2174,4687
4967,4687
1184,3453
2485,3680
3173,3192
3402,4827
5190,5189
457,5739
2565,2828
7733,1982
5872,7116
4329,4735
5185,6323
1133,5392
4824,5693
3422,2485
347,1855
2237,3005
650,982
7167,7168
5487,3393
5143,7273
4045,1972
2699,2871
5524,8219
620,979
3373,4323
1462,3456
3352,4365
4810,4811
2972,7023
6305,4099
2274,1018
4045,2871
2226,3459
5999,6246
766,4162
3521,5886
1428,1987
2226,2790
912,682
3381,2433
1129,1514
3634,3456
3792,4999
3300,3338
2688,1734
1539,7912
1211,1261
2356,3800
1922,2708
1555,993
1247,298
5188,6503
686,338
457,2764
2967,4181
3388,2646
766,3334
2559,2828
28,864
813,4999
5531,3634
6128,6151
4149,2328
6504,4994
3009,974
1378,2246
4073,3453
3635,6243
1424,1618
5185,3614
1638,1661
3642,2433
2585,3192
1443,1319
4993,2386
172,2307
5103,6869
3956,5210
3366,5449
4764,3293
4982,1385
1522,2329
7446,7450
3463,4827
311,1482
1352,1514
5608,4099
2967,4578
311,3034
3459,5559
1319,3265
948,1323
5582,5384
4036,4175
1896,1956
3478,5543
4534,7005
1374,2775
4653,5255
4314,3568
24,5423
5915,7862
982,1156
556,878
4662,5693
29,402
3508,1297
2118,1492
7092,4071
138,863
282,567
5763,1473
2237,3334
5246,5182
1912,3026
6483,4791
432,895
2677,1982
896,6299
3453,3643
2550,2591
2951,2145
4050,4051
3854,5285
5903,5123
639,439
2565,6555
173,2350
5524,8209
7565,7587
171,907
5445,7707
4276,5651
2114,1291
5263,5705
3634,5513
62,2091
3600,2674
1193,290
6359,4764
1583,2231
994,2209
766,4310
7877,4507
1374,2909
5822,3634
8047,5812
2660,2576
3863,3192
1424,1603
2272,1297
5857,6000
6620,5800
5050,4587
996,1646
1592,1416
6665,5824
2651,3005
2186,3029
1521,1279
319,1723
6494,5179
2237,6229
1374,7992
306,817
3055,3971
1504,1506
3910,465
5775,6934
4781,5028
24,6955
1098,6917
4488,4400
766,3537
2790,4536
3642,2658
1919,1816
3255,15
3583,2747
2328,1035
122,2411
854,1848
4632,5524
4712,7673
5810,7620
28,687
1031,2490
3455,4735
1667,5103
1813,4024
5263,2775
1259,3005
403,1521
5069,4127
319,803
4116,4796
2072,1997
4498,3724
5179,5335
6178,15
4076,3787
7791,7005
6359,6665
994,1706
1697,4373
100,34
1068,1322
1487,1297
2654,3010
1583,993
1534,230
5452,5226
2440,3034
5262,3922
5984,7553
311,2102
1135,722
975,993
432,1524
68,465
1215,3291
4883,5596
2297,6442
109,7809
6946,5800
985,704
1772,1927
127,325
2371,2517
1966,2775
1137,2805
988,3258
161,1201
36,6955
432,618
2747,2746
7055,6634
1384,3258
879,1166
3055,3005
5419,2001
1795,1166
5721,5262
5123,896
1795,1919
1838,1730
6272,6976
1305,2727
317,878
3072,2856
4712,4361
5811,6765
387,1123
1380,1203
2564,15
5720,5721
215,1966
3313,3720
12,1464
3635,4331
3454,3680
1029,1394
1496,1297
2565,3313
2129,4335
2356,3024
7262,7400
71,435
5445,6161
68,8051
1521,2385
4967,6330
3973,3898
6494,6790
457,2241
4843,3084
346,2923
7276,7052
6907,6000
695,4962
3971,5524
2623,3914
1744,1746
4669,4529
365,515
5119,3664
1891,2205
1305,3352
2804,2209
185,214
10,657
5254,6860
306,704
5180,5891
2790,3680
371,1573
2595,4276
2231,6251
7080,7295
7231,7632
68,3145
4550,4666
86,415
72,56
982,1152
1346,4795
695,3807
6946,7652
2653,2652
2258,6328
6241,2851
813,2290
1615,1987
151,887
7046,7695
865,15
1706,2955
4967,5802
766,6124
841,1653
1522,2746
2072,1035
2688,4510
6522,4536
372,391
457,960
3958,4099
2702,2338
1184,2781
2272,2193
3291,4424
7239,5872
89,168
5691,5527
2369,7389
4975,1024
128,348
1997,1717
4859,3452
3087,2697
1133,2576
2560,7651
3456,4653
1215,2643
854,2411
1034,271
2605,2144
5445,5289
5524,6566
1688,1285
280,989
2964,3309
2299,1390
6913,7052
2340,2593
6123,5760
407,2151
1772,1243
545,1402
784,2470
4363,4191
2651,2657
1070,1044
5189,4717
7047,7443
5809,5994
3449,3748
2658,1769
3457,5430
3026,2252
1754,1185
3457,2822
5177,5140
3057,6833
6655,6784
1005,813
2474,417
1555,1903
1482,1585
89,1612
23,214
3258,4480
3843,3453
1496,763
2967,4219
3659,3922
7697,7695
1202,1717
1549,1798
1972,1781
3352,3014
2309,2285
2549,3117
1542,1855
2102,1243
2549,1357
2237,5155
21,1717
2842,1549
6624,5902
2560,3646
3208,4600
4994,7809
346,417
1549,3796
5802,5199
4459,5404
2003,1267
789,5817
7092,7225
2376,2620
335,5083
68,2900
2159,1783
3854,5055
312,959
5531,72
6563,7233
2871,2912
2502,2660
6706,5002
2686,4715
2160,1297
6072,7910
47,2185
1055,7726
710,407
3614,5513
7301,6832
941,1230
7118,7119
7580,1026
425,7108
7390,7809
6772,5563
922,1234
4653,4795
3399,4181
68,5671
3010,5829
6327,5932
28,979
5301,6739
1319,1814
2565,1374
4483,4712
1350,1547
1896,1374
3796,3607
14,377
2010,7443
3055,3056
7343,5806
698,2066
1164,993
928,1564
7238,7620
3451,4289
68,4631
2565,2763
2326,2565
1550,4349
154,4531
5816,6553
465,3942
261,609
1305,3580
2416,2647
2651,5819
840,6790
2129,993
970,1297
988,2900
2118,1646
3456,4011
1210,2508
4846,3456
1426,1203
4632,6174
4795,5545
5188,5506
3802,3937
2565,5454
1935,3830
3794,6347
545,243
766,5026
615,150
722,346
2688,6560
1151,1473
4144,5263
24,2926
78,396
2747,3291
6218,6634
6907,7092
51,214
4310,7707
1028,626
5543,7119
457,7860
3796,3092
1976,2470
1211,1680
24,1734
4441,6337
556,1186
3839,3562
68,2535
3142,7992
2651,4938
587,2928
4077,737
3479,2932
5524,6251
6916,8224
3447,4355
4718,2909
5524,3586
5524,4432
6596,6320
996,3192
2231,2579
306,762
5802,7021
4140,6715
4879,7414
3965,8134
7089,6634
2972,5132
922,1587
2658,2940
1137,1378
1813,825
3449,4980
432,715
6934,6955
6223,6570
3748,4072
3175,3059
1690,2877
2655,6543
706,1956
4448,2433
742,863
2114,3028
5487,3873
1487,1752
2790,7040
3010,1744
615,750
2072,1049
2297,2625
7057,5289
1166,2593
280,2570
2072,1592
3973,3615
3991,8294
1814,290
1596,4055
4219,2790
2256,2720
2871,1453
7741,7757
1615,1747
2570,1717
1693,1610
978,2174
4310,3417
805,1633
6916,5582
50,299
2072,993
5675,1733
5617,5800
2376,1374
762,1211
6466,6424
2485,3473
546,6421
784,1007
4967,5732
6522,6840
457,6682
173,4709
4829,5465
35,152
1772,2157
1374,72
713,432
6305,5829
582,3464
2084,2095
766,2646
6907,6784
706,1636
1335,2504
7142,2511
20,54
1281,1464
689,1186
6430,6432
1006,2912
2565,3459
1542,5226
3127,3903
1947,3117
763,817
432,813
3350,4827
5427,4041
2702,3537
3577,2252
4314,15
3300,3021
996,5463
3024,1754
1428,1758
766,3541
798,3660
2651,4899
2947,2968
3553,2252
3447,4041
3922,3191
1166,2565
5332,5459
5599,4247
1127,2871
3615,2144
1466,1476
5189,4310
1462,1842
4144,5254
4981,4335
68,5780
1495,1201
6615,3459
1915,6251
115,95
2485,2411
3643,3748
1614,1857
2747,3024
4124,15
2658,7021
1875,3193
2560,2923
3449,5790
4547,3458
5871,4875
5203,3417
36,1416
5022,6933
2851,737
971,1555
311,1319
425,6803
3456,3453
5800,7040
1305,1490
988,1679
1382,2727
7511,7813
1705,2955
5515,2398
3674,2747
546,1680
4712,8297
127,656
1075,5511
2711,1166
5079,5263
3995,5680
2474,1307
737,7115
1210,993
865,2877
3032,3301
2585,4574
1062,994
985,35
310,817
3402,1744
922,1286
2760,4099
68,5639
2510,1653
1029,1428
7856,8192
3032,2066
2964,3408
8,538
1184,4212
2119,2625
766,8073
3403,3018
4829,6720
4353,6328
2504,5092
4211,3460
8053,5378
4044,4078
1521,1893
5098,5100
3642,5973
2585,8294
4347,5064
28,958
4662,3835
708,764
2237,2819
6316,5199
6563,7108
6281,5335
1644,2651
1291,871
784,1706
3642,3792
4155,4055
805,1468
4211,4662
457,4795
1253,1718
1608,1648
371,789
1800,2479
7665,7683
5821,4709
4221,4977
808,3557
127,4453
2326,827
143,1593
7766,5529
5059,3346
2276,7632
1098,967
434,7381
4824,5732
1290,871
1896,8290
2967,3607
5692,1549
5102,7115
5179,5969
1608,3180
2328,2768
6907,6712
1236,1520
2451,4687
5531,5818
5427,5178
2713,4234
1206,941
3034,2440
769,1053
5185,6930
26,33
1098,7186
5079,5693
1051,2579
1166,764
44,1920
173,2091
3449,4777
457,1377
1506,1654
4967,1473
4148,4403
3751,2485
2660,1360
3398,3018
1470,6156
2133,1836
3037,2256
2328,2727
2371,2256
5189,5545
1549,3835
11,1772
1151,5121
6266,6267
4042,3615
341,1080
3562,8294
1151,4551
766,3117
2972,4269
789,4527
2658,8219
5911,5301
2967,4037
284,3
391,3776
600,1837
3634,4666
29,668
2323,2411
2871,2999
1018,4335
1521,2225
2252,825
2967,3958
1615,1501
3691,7306
715,35
6975,6784
1487,1672
1549,2508
7131,7871
1279,1661
5103,8224
1734,465
6502,4981
2099,1997
6270,6424
47,1983
1166,2117
1615,1973
1132,2237
6359,6496
136,3164
2296,214
3191,3027
7086,6918
1098,4483
79,370
3456,3447
600,407
162,89
1487,1654
3969,1385
1180,1186
3631,2859
689,1864
1583,1236
172,3243
259,2323
2369,4432
7744,3962
3258,2328
2236,2697
2118,5459
5181,5210
1050,1758
3835,4335
7086,6780
255,675
6072,8168
1756,1297
1501,1633
1098,1514
6067,5524
4898,4993
1133,2925
1428,1963
2565,4578
3297,7021
1661,3645
3813,2565
1837,1407
3725,4528
3310,6523
4099,5100
157,1053
7726,7809
546,2160
1746,1744
4430,2871
1922,3145
1167,4110
5151,5430
4717,2381
1042,2963
2568,2470
6272,8073
5857,4310
27,348
154,609
21,725
7231,7279
5285,5312
836,1442
3956,2760
3796,4778
6327,5012
2727,2474
2830,2120
3260,2651
1259,227
689,5412
663,1661
1236,1600
1980,2794
4967,6869
2541,2724
2565,5714
5102,8141
2250,2246
3642,5743
1166,5415
36,1023
3969,2940
4468,4011
6624,7632
4099,737
5646,6953
3568,4047
72,1717
4899,5245
5002,7442
2237,2932
2895,2470
2504,825
3274,2516
6327,4712
143,271
805,1402
3291,2356
3455,4942
11,1780
3634,5002
3586,7185
1166,2654
4483,7890
3384,2297
3026,3148
6000,6270
7047,7961
5189,3586
3982,737
3452,2760
3459,4600
2789,2257
6622,2851
7012,6774
3782,762
5079,5798
1571,1661
1500,2256
7724,1865
2365,2651
2290,2746
1097,2570
3527,5012
5769,5226
1006,1413
922,1549
2241,2504
2613,6098
109,1297
2559,2662
1922,3324
1428,2165
1051,4453
1748,1747
6766,8051
1621,1583
2229,3338
4073,5891
667,1193
941,2106
20,50
1284,1534
2617,1918
3006,2991
1615,298
1997,2157
1200,3138
5125,6246
11,3452
4737,5838
4943,2381
1133,4808
3,300
2257,3439
5796,3015
993,887
2565,1385
7363,6789
2704,3126
3027,5871
3348,8297
2224,2128
24,1769
3541,3276
5185,5254
280,991
311,2560
8094,8276
2713,2257
635,2066
5020,6725
5811,6855
143,214
6494,4983
5814,5871
2328,3661
1919,1985
2375,2479
4725,5092
6627,4065
5998,6006
8,34
896,5335
797,324
1838,1757
5655,6725
4040,4400
4574,6044
1489,797
2297,2685
5093,5963
635,1200
4310,2516
3642,7632
7378,8051
1055,993
6359,6624
3072,8293
4045,2364
3037,2991
3729,1307
3814,3144
3541,2114
5020,5651
4441,7699
2688,5506
3026,1157
1046,407
3460,5829
5624,3191
6772,4488
6443,7833
826,1357
3143,2900
2255,2385
5990,3586
1133,3660
2687,1633
20,1787
4879,3537
341,2205
1133,3835
1664,579
3326,4735
4553,5392
5773,6976
2452,7393
2206,1608
798,3661
2440,3238
1470,2625
6608,5824
4036,6918
311,35
4441,7012
3460,7879
993,1168
4077,5449
371,1468
4162,4269
312,1966
635,659
7733,6032
910,439
1114,2416
3624,5459
2416,3150
2369,5327
6671,7131
1291,35
166,2565
1041,6124
457,7237
2972,6855
11,306
5188,5072
2485,5022
3028,2328
6627,4536
2410,5524
4967,5684
764,1956
3380,2324
1549,5732
310,739
1166,1966
993,3926
2693,1571
1210,1420
2935,4983
6615,7439
1111,1330
1549,1419
1166,72
1756,2246
3449,3458
2940,7012
122,2828
7047,5148
706,2625
1166,6503
4712,6967
4765,2354
3452,4402
310,748
6552,3334
2472,3150
6327,6979
4045,3537
1796,6736
6976,7214
317,5802
2654,762
4377,2145
1502,1506
1896,3253
5179,5804
4632,3843
1549,6979
7679,5643
265,1858
457,1211
6619,5012
2129,3144
5802,6407
2387,3460
1550,4613
29,840
5806,7553
5002,6715
2654,3681
1521,3404
5952,7238
3488,4365
457,1966
2778,2821
5203,4191
626,993
956,2210
1230,1564
1210,2660
4894,5969
5321,5327
583,1026
2660,3529
996,2398
3456,4361
6280,7295
582,4796
5188,6665
4718,4482
47,39
5431,1247
4673,6595
6846,6850
457,1507
265,827
6914,6979
5523,4191
86,1987
2703,2416
1451,1322
4795,3796
6624,8042
4073,3456
19,151
3965,5947
3787,3321
2542,2174
4899,5780
2859,4044
766,4547
4574,6262
789,1680
1089,1855
5809,5936
1592,2794
2623,5240
11,1679
2608,2979
2120,2657
7047,8263
1789,1920
2132,993
6900,7478
2565,7059
1701,5543
3843,4792
634,844
488,86
1473,1111
247,422
2688,5288
3456,4453
2249,6299
5436,3027
2704,290
2232,2425
1483,1490
4070,5341
3977,4256
612,613
1549,6634
7005,6043
3084,7277
176,922
2485,2958
2559,403
2565,7857
2072,2062
6772,8019
3457,1706
1701,6098
5172,4335
2237,2576
2186,1705
2593,1521
1221,1587
813,350
2062,1888
1297,2653
6270,7351
5437,5947
826,1963
1151,1705
5173,7238
3752,4179
5176,5182
4511,3443
2135,2433
1055,7910
3586,6555
3624,3999
2574,2575
2686,633
4219,3976
3593,5452
2229,1157
6414,7553
1799,1357
317,857
5524,7054
6156,3015
5814,4791
352,506
166,545
3359,3348
209,686
457,3680
993,1239
5549,5714
7564,5465
5800,6595
5612,6720
1305,1587
326,39
5273,3459
5812,6296
1980,1772
1390,3018
1748,4179
1947,2210
29,7040
2595,3650
7043,8235
1003,1319
710,1141
1151,2062
908,4735
4632,4040
1352,1608
6627,6503
7744,8219
1594,1566
2230,2625
3479,3691
6510,5022
2693,2290
2497,2685
4550,5430
789,730
4726,4820
5630,6221
1086,579
813,2322
712,1595
3375,3898
1039,1482
1525,579
5602,4247
457,3843
4063,4072
7055,7694
11,2385
53,4735
348,1022
371,1196
1098,2128
3525,2510
1639,5083
17,524
1549,2071
856,2754
2658,2517
3452,2535
993,999
4792,5732
1489,1573
317,1377
1374,1022
2369,6596
5194,5204
2688,6023
5818,15
2972,4735
4881,3334
4338,3459
6550,7927
6536,7879
122,3024
6217,3291
6907,7414
2560,6422
2690,633
996,3408
4221,4099
3451,4332
639,674
425,5321
4440,3014
1552,1956
1980,2560
1133,3439
2727,1754
4342,3898
1549,1628
4981,5188
1374,1633
5462,5620
3457,3973
2737,290
121,350
7129,7587
3056,2251
2799,3200
68,2951
5110,5684
3635,2129
3642,6462
4073,2381
3642,6417
3659,3026
1319,1492
1808,3130
1729,4037
255,656
5822,5254
1166,4134
6523,4507
2549,7092
540,75
600,299
3527,2565
705,823
643,746
2052,2570
5104,6151
1029,1476
1428,1111
2842,4453
5173,3346
6305,6458
2237,4687
4547,3460
4829,1247
407,1787
469,7131
1473,1211
113,2410
5002,4037
1549,4011
6006,2433
1103,2570
1734,1322
1701,5412
2740,1653
1210,2345
3127,2625
7005,6634
982,2912
5796,5802
203,3018
7564,7646
5524,6174
3567,2667
5196,5178
1200,3238
46,325
5110,4687
556,1123
5189,7809
663,881
6913,840
2623,3615
2565,8292
634,1382
3477,3970
1661,4453
2115,5459
1111,432
90,3014
2061,1646
8204,8212
3274,5144
3586,6665
1165,2340
2703,2297
2688,5780
47,8294
2703,3376
2689,2657
306,371
4212,4040
7056,2565
978,56
2256,1384
3742,3443
3142,5210
2452,7924
319,6570
941,1375
4063,3447
784,2580
3439,417
5437,5680
5190,5341
94,250
3394,1990
1037,2210
3039,3260
3456,5130
1980,2565
4044,3433
1538,2877
3021,285
1808,4338
36,1296
2674,1734
1522,4247
722,1805
1384,2542
706,778
2565,2384
3641,4179
810,1718
5427,5543
4441,8212
1050,372
7055,5835
6270,5800
127,974
1385,3346
664,906
695,3976
59,959
5171,6576
371,868
4745,15
3600,3650
122,4662
6072,5421
3456,5421
988,7910
1024,3164
663,1603
2651,4211
2972,4662
789,4977
5680,4795
7063,5800
1111,5683
403,2264
4718,3103
4712,5776
2115,6094
3380,1157
4046,4361
937,2485
5171,5775
7295,5199
7444,7450
2620,2120
6941,7054
1029,1679
2565,4999
7343,6832
3010,2974
104,214
3241,3243
4036,5732
6460,7912
1542,967
6649,6901
826,2542
854,1385
691,1835
2298,3352
6305,6511
5798,4715
2229,1097
1697,2774
5110,2354
7317,5897
3897,3898
7053,8235
5796,6501
5936,4175
3044,2900
2411,1453
805,1167
2135,6496
1055,1758
1151,7143
1549,1984
6714,3459
4099,3089
1584,1587
3601,2696
946,2510
1705,3033
1922,3155
405,3459
3459,2925
1151,3253
3597,3192
457,4507
12,3843
1055,6523
3010,3033
280,1464
6327,5484
457,5072
457,1680
5524,6765
2256,3404
2932,3568
633,644
74,1026
6993,7295
4152,4424
3571,6979
6,881
2510,2504
3969,3835
546,1357
6221,5254
1075,1165
4948,2658
312,895
1756,2397
3743,1385
4044,4778
4063,4299
4099,3453
151,1416
2237,1706
432,6227
2129,3958
4611,72
766,1858
3088,15
7054,3459
5050,5130
3792,2516
3813,4138
759,4653
1384,3180
3973,3717
2068,1783
1319,1521
5824,3792
722,2801
2231,3614
3976,5430
6151,5022
5301,5630
3454,2871
312,864
1813,3034
2328,974
2326,2307
4821,346
2609,2805
9,402
3633,3893
3615,1729
2384,8293
7127,7301
5796,1074
6443,2785
722,906
6133,5121
3586,7436
3449,6246
853,697
1210,6498
5524,3897
5775,5773
457,6491
3624,4528
4550,4037
6588,2285
4295,2369
590,429
1918,2117
5079,6432
5321,5263
5816,6576
2411,3034
6624,7618
2688,3454
6305,6424
4276,3664
5998,6774
1166,6337
3660,5132
2237,3645
5166,3456
6624,5839
3691,1140
51,280
2697,2654
643,1026
1305,2617
2231,3068
795,895
5189,5392
3666,2517
3453,3464
7687,6560
127,849
1549,2174
4310,3691
7317,7387
1278,1437
2369,4219
5817,4134
3402,4578
312,958
7092,8168
5571,4666
6941,5745
1549,3103
1471,1581
5800,4983
5020,5430
3352,2693
3402,3002
6299,7688
572,1717
1133,5176
2787,3307
5006,5459
166,1157
5022,5807
6421,5697
1167,1286
5189,8209
4653,5663
2236,2356
3026,2066
7049,7277
2323,2859
852,991
5802,7094
2613,2900
7405,7063
2658,7862
306,1166
3062,2371
5022,5188
1717,72
89,682
3614,3284
1701,6869
1166,5790
996,6780
6916,7740
769,2193
4219,4528
600,1330
158,75
3854,4814
613,1638
4347,8224
788,3479
3976,978
255,723
2594,4124
615,657
5140,5295
71,55
127,3713
996,5506
686,937
5052,5055
5817,6337
5445,3015
3458,737
2693,2774
3854,5072
2696,2356
1424,1167
6491,5824
865,4021
4632,6151
1160,1193
2923,3568
3642,2535
759,1186
2565,7649
2369,4448
325,2909
5531,6869
3057,1571
1137,644
2510,5412
2416,2580
2062,1243
4840,4600
1374,5123
4001,1729
55,36
7614,7795
5515,4098
5190,5513
5110,1680
4828,6832
4598,5790
4355,5155
3274,2625
4219,3456
3350,3516
5802,3293
2328,2053
3449,4189
4428,5848
2116,3005
4229,2134
4099,4778
457,6632
1701,6414
4065,4013
974,2654
5949,6976
2476,2724
1548,1497
3645,2646
3189,417
2972,4047
3018,3408
3803,1769
2120,2333
87,1352
996,4315
42,823
896,897
6946,5745
2476,1919
5201,5459
722,2968
2972,4043
3352,1571
3787,5305
6360,6414
1166,1315
3729,1990
6902,7436
407,1622
173,1243
34,3
722,643
11,2329
2883,4247
1166,6151
216,3634
5185,6770
5816,2285
4422,7517
1496,1783
47,1564
5008,5083
7774,1498
4661,4547
5612,2620
293,282
2085,2579
3449,3352
4310,15
5802,5479
556,259
2688,3549
2549,2585
42,250
306,1573
1006,1555
7954,7835
86,3443
4967,5922
3028,417
2093,1374
127,762
6615,1865
1441,2062
3658,2510
6714,7074
971,1514
4765,4588
5934,7651
2688,3937
3622,3352
5524,7162
1352,2165
6072,7778
3452,2765
90,644
371,762
3615,3956
2472,2814
5800,5596
4687,4706
2093,2137
615,760
71,2328
6151,7632
3766,4735
6596,4037
1772,2794
3519,3024
6907,7688
5524,5886
3145,3443
2504,1453
5022,3897
7280,7021
1166,4103
5263,3089
2872,3843
6914,7544
2565,7110
986,704
1211,2128
432,1888
383,3680
1037,2506
1395,1983
6280,3885
5606,2605
3731,1915
4019,4024
3568,4110
3787,7225
766,4527
5160,5511
6327,7143
5262,5404
6,379
11,700
4355,3796
2688,2700
2356,2932
5655,7262
2688,6595
2369,3755
3447,2658
3005,3024
11,2246
1701,214
353,243
3345,6458
3439,6663
4073,4315
4211,4234
766,6600
2473,2963
1151,2106
2062,1585
2565,3068
6615,7280
1497,1573
3180,3537
5802,6554
766,4488
993,4365
113,405
3422,2660
1050,1154
122,3192
15,49
1279,171
395,6904
4219,2760
1419,2736
319,4103
306,1501
3456,2386
784,3568
633,5469
1492,2700
1319,1014
5125,2386
5800,7924
1055,1935
5188,6855
633,313
59,861
154,857
5796,3459
1549,2073
2556,1956
784,982
6272,4536
121,857
2381,4201
4212,3452
3027,1310
2488,2120
5102,3238
2328,2693
4076,2134
5590,4037
1207,1652
2507,2322
928,1297
4555,4557
1374,2955
6483,5254
6880,6560
2947,3352
2297,5828
5612,3084
3020,2625
3380,72
2003,3324
2872,2653
993,1700
42,1075
2585,5288
11,1092
7280,6913
2654,3486
4488,5819
3062,762
3920,2785
7092,7618
6241,7277
4829,4400
3562,2506
5697,6255
12,219
7511,6780
7092,6032
633,2397
1582,1253
2653,825
2693,3018
1352,1649
7057,155
2473,633
6272,6914
813,2660
237,391
649,1007
2651,3309
6317,5200
2065,8290
5254,840
5185,2535
2689,3812
1151,1770
2542,2693
1891,1097
4070,3958
2972,3456
1293,1542
634,2871
3274,3635
102,1232
2369,7839
140,341
6243,5871
6536,4791
4448,4587
5624,8295
704,3473
766,1286
150,3568
769,749
4632,5189
5179,5756
6596,6913
7231,7882
1814,2620
3447,5341
737,5341
1151,1032
691,696
7755,6043
813,3557
5179,4276
2964,3307
3813,5527
3459,7116
2859,778
2651,3021
3340,1297
2707,3034
4801,4875
2576,5819
763,2612
4899,5479
3560,2653
5185,7301
6941,7618
1169,2754
2585,3615
4315,762
2565,5321
787,1160
3394,5564
45,299
2072,2801
109,3962
993,1808
2264,3660
1622,3136
7031,7033
2660,2819
4974,4587
457,8174
3451,4827
6976,5800
4748,5301
231,175
5776,7529
2252,2674
4488,762
4487,4587
1772,2329
1555,1557
6495,7316
1386,1966
762,7620
1281,1707
3381,7726
3642,7185
5796,4795
2120,2285
55,282
5616,4338
3634,5928
2653,2674
2294,2638
1521,1814
425,4875
3691,2689
5399,3643
29,4103
20,838
766,3631
2290,3822
3142,3005
903,904
5504,5506
3006,3338
2968,3562
297,299
5254,6946
4526,4991
4664,4706
6772,6833
2496,4261
1133,5100
2713,1729
90,1234
4483,5563
1279,1464
6993,7795
7682,7386
4310,4666
6914,7225
1440,978
2702,2516
706,1478
5487,1026
3145,3089
2948,1437
3449,3456
3450,4531
2114,2016
5,175
3276,3843
2695,2708
341,710
1200,2828
1164,2157
789,1374
2972,5737
6596,6759
91,33
879,3812
2198,2085
1734,2246
1267,1964
1085,626
766,2809
1837,1754
5531,6054
1167,3130
1166,1307
3794,3443
2274,1919
2478,2252
310,932
3276,2612
3666,4536
3615,3456
155,7493
4813,3614
5175,5651
5981,5479
7052,6555
872,686
4191,4138
993,304
139,299
14,10
5179,4335
3645,4110
6487,6755
4669,5801
2704,2375
7744,1982
6243,5829
1473,2375
2133,859
4964,5073
3449,4795
759,311
72,28
1166,6948
1835,2322
5002,6979
3032,6784
417,435
5199,7649
4395,4402
1210,2685
2502,2323
2958,2323
1166,2273
3643,3321
24,1723
5022,5891
2565,7381
7580,5500
4511,3724
5877,5886
546,1772
5524,5626
695,4639
4792,6421
1210,3089
2696,3568
1127,5335
94,789
2145,6097
649,1186
237,75
3451,4269
4813,1310
993,1726
5186,3796
1297,3580
3666,4078
5772,5288
1378,1382
2114,1965
5630,6505
3541,2506
2790,2135
789,3027
2925,1596
618,600
5543,5103
5177,5178
7400,4940
937,2114
2912,1754
4221,2535
5802,3297
697,600
4056,2506
26,34
7045,7443
1496,2504
84,33
2560,825
3724,2508
311,978
1144,1125
1074,5188
1350,1717
1210,1402
3453,4482
3854,3562
3976,2398
1137,3854
2001,764
993,171
3084,2398
3456,5800
3225,2225
825,2667
14,422
4952,4953
3835,4796
3452,5963
2967,2356
2972,2612
1166,4299
1062,1658
5002,6555
766,5199
707,1038
7727,8122
1166,346
1062,946
47,428
5550,4310
2565,2307
1133,2014
4807,4808
457,6875
2109,3480
7382,5233
3454,5026
883,730
3631,3007
3917,4706
6274,7835
3447,6501
3902,4662
6560,5818
2290,3567
5110,5963
1422,1425
2674,2542
6596,7624
7449,7508
3960,4191
1221,1966
1143,56
6070,6098
6436,6004
2842,3937
2485,5932
6218,840
2510,403
1133,2900
3785,4179
1811,4632
2967,2485
6305,5288
4448,4536
722,8292
2840,2877
3033,2657
1767,3473
6900,3459
1767,5714
5187,4536
784,999
708,784
813,407
1183,425
25,592
2169,2285
12,822
2658,4480
1589,913
896,5563
998,243
3098,2371
2328,3629
1259,3506
1896,2324
2378,2400
7086,3297
1374,3720
2240,6913
3843,3458
5569,5020
457,2859
11,1248
178,1733
7774,8174
6389,6337
5022,5753
1291,1261
122,1984
2790,1814
988,2958
1783,6553
1538,1855
4982,4846
6596,7908
457,3059
280,1718
5123,4065
2560,2398
47,3631
1374,3334
42,298
1086,1151
1086,665
42,2004
8012,6044
5612,8178
1820,2323
1337,1193
1055,3005
1151,3251
5185,6699
3642,5002
3355,3348
2658,7378
265,5083
7679,7280
1767,7131
1382,2257
136,15
7903,5022
4824,6098
635,35
5818,3614
457,155
1207,3050
5341,7961
3527,5484
5873,5123
6918,7979
583,5449
1360,3020
1972,5323
3459,5780
841,1291
3560,3843
1022,663
3682,3871
2550,2902
1972,2972
3453,5638
5998,3803
813,2981
5857,4879
256,644
173,1525
3000,2114
59,33
171,1154
1202,1861
2686,2662
3642,7115
3366,4875
1166,2754
986,35
766,4944
1608,2585
1151,1714
4071,6930
5857,5922
5814,6784
226,1997
5697,6613
5179,2001
7047,6414
2967,3352
1319,1453
109,5465
457,5933
10,274
308,978
6494,5800
67,33
1235,1330
315,1127
2703,2016
6665,7214
5591,6334
7666,6980
6029,7890
634,5818
4633,4706
1357,2328
6618,4940
424,857
1756,1608
5483,4600
2747,3258
996,1357
3586,6464
3274,4578
1549,2145
173,230
1639,1284
5802,7449
1211,1018
4200,1498
3631,737
4127,4298
4399,4402
4511,3453
5262,6098
3032,6897
6486,5254
6918,7778
3175,2727
3456,1305
5189,7115
5106,7803
2940,2485
4338,6566
28,3
1492,1701
1972,3338
5696,2774
1836,1622
4,8282
4219,4040
2740,403
2328,3014
4662,3321
5818,6023
2565,3568
6706,5824
3381,2623
856,2542
5188,5790
1074,6770
205,658
2240,5079
173,1378
173,1520
2620,6555
3641,5182
3665,4536
7675,8212
4824,5775
3528,3804
348,686
1042,2665
1895,1534
1748,6320
3144,2535
996,2828
5246,4400
25,363
2410,2794
2322,1547
4712,6330
1424,1814
5524,7040
1615,1979
35,339
311,922
7055,4632
1151,2592
1997,2587
111,377
310,338
2496,2182
68,2871
2133,1964
7444,7632
6325,5254
7052,7561
1185,963
2651,3811
5697,3803
1997,1613
3560,4463
1471,5963
2620,3919
4442,3014
1102,1855
4074,2129
5696,6458
1549,1497
769,311
5822,6632
3767,4384
7055,7726
2585,2160
255,893
5246,3459
2407,1842
5816,4666
1757,1849
7578,7908
4310,5947
5596,5459
710,1319
5022,3191
4879,5872
649,885
5188,5037
5468,5484
457,908
766,2410
3028,3903
2655,3321
4036,4938
3666,2506
4792,8079
3350,3454
908,1297
4982,4712
2655,2326
7301,6523
825,5592
4486,4587
710,1297
5059,7074
941,56
2387,5886
36,2485
3666,5683
6907,6414
110,49
2871,1307
5915,7701
4686,5412
2237,3568
7544,7092
11,878
3615,3980
5524,7279
7052,7279
637,282
1522,290
1151,2117
3033,762
4948,6737
3454,4335
6555,4632
4980,5285
2560,7052
1810,1811
6619,6305
1538,1734
1297,545
1151,3274
3092,2576
5103,7386
4982,5083
71,144
4310,5020
3447,6724
5098,6784
825,5527
73,8
3641,4977
6221,4071
2565,5022
5103,7912
5487,5570
7045,6320
2367,2587
6,1043
3470,3580
7052,7378
4276,3192
5180,5693
2871,2485
1102,1411
4065,3724
4964,5222
5404,4310
5009,2822
580,5651
1133,3537
2613,2686
4712,1310
449,28
1355,2066
5185,6860
7280,8042
7016,6774
2237,3291
4879,3885
4829,7946
4354,3284
1608,2856
1051,4175
173,960
2658,3962
8005,4401
1166,2120
5189,5991
4074,1385
1381,2880
222,1919
231,6930
1286,3537
25,6
4964,6059
4767,5254
406,1661
3034,1157
2411,3148
4429,4531
15,7871
110,881
5739,2440
1043,372
3168,4384
5768,6576
5378,6737
457,5245
1799,3970
5029,3456
6555,6699
17,377
6714,7561
633,749
2883,5226
742,3464
3459,6198
6907,7649
2693,6855
2909,3144
993,1537
742,817
722,2629
62,607
172,2273
2114,2617
2328,6783
3449,1648
2258,3089
1297,3946
2299,2700
3460,5819
2981,3238
788,439
2972,6330
47,1573
1549,3812
2186,3351
457,7649
644,677
7598,3238
6036,4041
1297,1847
5217,3238
3348,5233
1872,935
498,8
5806,6006
173,1802
3447,6272
2744,2490
2435,2900
3388,3645
4099,4977
2226,3352
51,80
315,829
7086,8219
5630,6901
5177,5545
336,5233
1305,3028
7580,7673
1814,2276
20,1396
3631,2066
5800,7587
766,1114
1098,1848
689,214
312,932
457,6481
3457,2790
3394,3014
4948,7279
2065,3164
2655,3452
5655,5295
6460,6553
7092,3969
4273,4299
766,6873
1374,2264
12,407
3142,7553
5020,2902
2565,5818
457,5817
5773,5922
6916,5806
6907,7707
1166,5002
5185,6004
3973,2932
3197,4021
1055,2285
5696,72
1381,1662
2576,1357
173,1428
706,1654
1132,5421
5524,7092
2883,3897
769,1031
7570,155
7964,2223
5796,6032
282,604
122,4247
125,1167
1166,7809
5,50
795,794
2225,5412
5188,7144
5125,6006
371,72
1537,56
5176,3456
321,1026
5053,2511
2657,3130
4040,4966
6032,1982
5531,4341
6563,5002
1151,871
6627,3346
1286,1420
3461,2811
29,684
764,2294
813,762
6502,7961
27,271
158,514
3794,2129
3976,4735
3447,4361
1922,5130
4754,3748
5020,2822
1428,665
784,1792
1783,2713
54,3
339,627
3615,827
2256,3555
4074,3276
27,4715
5802,5484
4967,3755
7744,5839
3527,3260
5250,3755
7008,6774
2702,1385
5862,1352
588,1836
1352,2060
1972,4929
1549,1880
763,857
7005,7620
2886,3238
3770,2210
978,1022
2237,3352
1521,1997
4967,4574
5191,1473
949,2165
4967,3792
707,35
722,2053
4653,5509
2958,3005
408,402
2369,7862
304,1662
2547,3650
1367,1157
2778,5683
1354,1411
6563,5902
2133,2470
6865,5811
3291,3089
1835,1012
4483,4653
6032,7233
3098,3126
5550,6946
2651,4463
1210,3670
3343,3005
1167,2397
18,144
2713,2958
3449,5262
1549,1592
5189,3842
1997,1977
3439,4351
713,332
3747,5790
4441,4341
166,214
5188,6555
2713,2612
20,33
2229,2724
7588,7604
2576,2338
1879,6765
319,704
319,325
722,407
2981,4661
2560,4311
2987,3130
306,325
564,656
224,857
1795,3258
5814,6759
4415,4220
3637,2592
761,565
4814,6503
2133,2117
67,2508
5824,6004
2133,2340
7931,6979
425,8293
1805,1811
2342,4191
99,6918
5179,5210
1492,5844
7231,7414
1230,1701
5295,4777
2967,2144
67,299
14,2587
364,1007
5589,3873
704,941
2369,5745
121,8283
2871,5162
3402,2689
3461,2787
5846,5848
2542,2828
712,978
143,6770
3587,6855
7086,3346
3527,3576
5140,4574
5691,5886
4338,3554
3006,2371
2473,1267
2369,7632
454,8
5800,3962
6298,6409
695,4098
5185,4488
3518,8294
1585,1754
4310,5189
7120,6241
2774,1592
766,6783
3084,3480
2230,3104
59,3015
836,429
2508,3562
2958,1267
5324,608
1151,859
1537,1754
3439,6930
27,866
3792,6337
1823,765
1029,1144
1133,4335
766,1706
2760,5100
2901,2174
1691,6914
6460,5179
3,271
58,299
2565,2257
5273,5079
5404,7699
988,8174
6611,5020
4899,2774
79,8
1381,1297
6613,5384
1247,1407
432,839
6766,7520
5189,7059
26,675
2472,2834
4353,5445
7080,7277
3443,1961
1847,5188
1185,1758
1395,2062
1064,1476
2231,2294
1098,2474
7080,3459
311,981
182,1484
3390,4993
1965,1966
3168,3394
1501,2662
173,2210
5596,5800
1496,2625
3813,2381
304,1476
6170,6596
2326,3026
3787,7047
172,477
4536,4578
697,1253
2964,3192
4970,2822
2565,2411
6072,6634
993,1888
1796,5684
1278,1230
766,946
2072,1847
10,675
7618,6523
6305,4037
58,183
4448,3453
993,1471
6299,7185
1151,1547
1808,1700
3601,2398
2688,4417
4111,4269
3762,4323
2544,15
5796,4983
5531,6552
3787,4875
948,6907
7092,6832
2209,1564
7057,6000
3611,2257
6604,6600
1919,1973
5059,5922
3449,5638
3449,6296
2626,2763
620,730
4441,2775
133,135
1374,7912
2326,4323
7350,7381
2129,2398
3965,5819
1835,4468
3449,3460
1428,1534
766,5753
1097,5743
4828,6464
635,282
3008,2323
3356,3348
1583,2700
90,29
8222,7924
1042,856
11,5100
5785,2775
3568,4049
457,7662
646,762
94,616
2482,1250
3643,4899
2700,3473
339,2651
5316,5563
5524,5829
151,844
346,3812
5188,5445
1555,1692
7421,4037
2535,204
871,1953
16,887
2565,6770
3040,3576
2871,3026
3447,4977
2653,2544
2225,8168
2474,1384
2872,3903
5802,6777
2565,3464
1166,1393
532,2237
405,1030
4433,4531
2988,5487
3449,4820
6993,6032
766,2193
766,2856
6712,6933
5201,4335
3168,3346
3615,4024
2925,2956
5189,5994
7679,7809
20,626
7682,5210
3209,5973
2594,3321
2871,4021
662,2655
5617,3459
11,1716
1585,4179
3641,4162
425,5487
59,935
28,29
1550,3800
319,2689
3167,2550
4036,2516
457,1729
820,4110
6772,6832
4924,5262
2474,3034
138,749
763,2754
1098,6097
172,2225
2871,3803
77,3812
1236,4365
3986,2535
2693,6790
3691,2822
2209,3580
1352,2073
334,1201
5179,5404
2822,3033
1549,3034
766,3251
1219,1220
5110,5204
29,587
4899,1972
8173,7233
36,152
5816,4689
2290,2974
457,1638
5317,2775
231,299
2651,3541
2547,6566
1549,3027
3682,4233
3976,346
4310,6665
722,4037
5079,5714
1129,691
177,968
5176,4797
2210,2211
4151,3238
1772,1884
2285,3408
947,697
2565,1865
2651,3410
1733,5714
3794,6832
2287,1492
600,290
1062,644
1374,1757
1967,8290
351,4735
291,4179
4219,5817
1129,545
798,4351
2560,204
3447,5871
2686,2485
996,3796
5811,4488
5655,6004
3258,5120
941,971
993,1378
8,617
2964,3265
1522,3125
28,130
1542,5308
659,417
3541,3892
2072,1977
7086,4432
79,477
2658,8163
1492,4422
3397,2654
5885,5963
1135,2410
2747,2693
6993,6414
3348,7588
950,2605
3633,4349
2576,2542
3390,5263
1032,647
4001,4719
5800,7992
1925,974
3682,3803
4065,4263
928,929
727,1961
4152,3843
2516,5931
87,2790
4964,3284
1549,1164
5250,5620
5457,2490
3018,3680
304,2210
3010,3307
3381,7088
1615,1638
553,3136
6848,4361
2298,4269
457,1080
6510,6832
737,6720
854,1864
7378,7803
766,2517
7691,7961
600,5226
1211,8290
4246,4247
2237,2324
2258,2774
1734,2066
5188,5002
1006,1444
766,6832
6525,4713
3976,5872
2466,2470
2693,2819
5179,4795
968,1592
4335,5412
6241,6860
291,299
5857,5891
3449,1360
29,1026
1374,3381
5233,6004
1769,1284
1297,959
1151,4531
1210,4290
3453,5200
6923,5739
5591,6306
4036,2066
6561,4604
5188,2831
2001,1991
6398,7185
1428,1901
2297,5412
3084,8294
8051,7791
944,945
766,2354
4191,2134
5741,15
5769,6634
600,5341
2506,4011
710,1956
6274,6032
3614,4999
1658,2877
2473,1521
4073,5200
1352,1849
2688,5539
26,310
3960,5072
6020,5671
1098,2968
5802,7108
312,1573
843,844
4712,6501
1075,1473
6305,6047
3544,3646
7047,5246
7449,8090
2172,2794
3519,2565
4211,5233
3388,3352
5802,8219
3026,4587
1074,6496
317,1506
546,3334
996,5651
5194,5178
3459,5103
4798,5807
312,978
7047,7946
44,15
1594,1641
1319,1956
2328,2257
1997,937
5796,6576
2365,3253
3562,2657
458,271
2672,2685
94,356
2072,2809
173,947
312,664
346,2805
2237,2815
1700,2650
1133,4127
3523,2693
5454,6634
6299,7620
1813,3800
54,299
6000,5022
462,28
2565,2871
663,1769
1046,432
2326,1769
173,587
313,2763
850,7632
312,972
5768,7391
1808,2834
4298,4189
3209,2657
2565,2859
1919,1585
2257,5459
2651,2544
1428,2411
1129,1537
3479,2687
1024,3033
4792,5465
5998,2511
1549,2900
2485,2016
2964,1305
2458,6600
2830,1723
2972,6435
5189,5812
2274,2435
94,325
4489,6334
432,5466
1783,2625
457,2768
4563,3898
5524,7052
988,3253
1319,1127
844,1186
407,4980
425,1982
3084,6560
312,861
3352,2517
3453,406
1253,1652
1097,3562
3457,1972
2565,5822
2102,2535
3010,2160
4767,6006
4818,5484
5998,7101
2566,2660
1522,2570
2145,2398
4441,4719
5627,5454
4948,3554
308,1413
3032,6770
3439,5412
1424,1563
5181,5827
1966,2485
1962,1200
182,1043
1717,1322
2411,3548
4065,5950
6916,8128
4534,2516
4632,7833
1424,1482
2135,2790
17,261
546,2397
2932,4814
2703,3473
1210,5073
813,974
3026,3324
331,3892
5558,5545
3613,3616
59,2955
3374,3489
5999,3334
2875,5020
1028,697
1615,2350
2381,4687
1571,1357
1099,1836
236,656
3593,7101
5961,5963
5696,6634
5796,2535
1594,1654
4297,4735
282,1496
2651,2517
3555,3009
24,3903
4310,5445
1583,1111
2365,2411
2229,3320
68,4290
2691,2660
4073,2775
4482,5298
5811,6725
176,1476
5543,3792
2967,4510
341,362
4960,3291
4065,1185
5484,5563
1210,5254
172,3580
6620,1403
7295,7301
2565,3443
1487,2643
856,3459
3615,3026
2485,3645
3568,3946
2686,2754
5217,6442
3258,2535
6993,7809
1350,1805
1137,1416
3641,3792
848,893
2145,5543
2473,2926
2728,1521
24,2625
5189,5200
6510,7351
3032,3568
2613,3541
947,4400
5189,2764
2356,3005
4065,4529
4967,5886
2699,3348
3642,5891
2871,4043
4077,4448
110,271
3458,2923
3522,5963
1129,1248
7601,5002
5691,2775
273,392
3601,2774
1285,1286
5020,5392
600,739
2674,2693
1622,3005
2964,2932
2290,2619
2435,2754
2623,737
2832,4264
1772,836
87,1248
2651,3276
1582,1521
72,3291
2932,3646
4764,4488
5806,5022
1291,2256
3449,5341
6094,6229
3461,1247
2274,859
3916,5639
2231,2234
5802,5798
5391,1549
8,214
769,1131
1200,2340
4152,2790
29,673
308,5714
68,3026
5824,6946
4497,762
2871,3568
3304,3473
1549,4290
766,2001
5822,5188
1549,1688
595,39
8106,4037
4310,4098
310,730
2485,6934
1202,1284
2326,2506
7907,8002
1098,7060
259,2060
3274,3015
5697,7810
5630,3015
5081,3284
722,1385
4828,5020
6798,5714
5857,6933
87,2774
2557,4953
1350,1538
258,1062
401,402
1166,1749
2722,1049
311,2660
1473,1859
3691,3301
1319,691
3026,3843
5172,3498
457,1497
4310,6123
1166,3615
4688,4776
795,447
122,3352
6524,7478
11,4103
3498,5994
1167,2900
5179,1473
2667,1159
310,86
974,3005
7402,7632
710,8289
5339,5123
6270,5524
2651,2506
1133,5624
3033,2819
3726,1297
457,3334
1746,2237
6907,7108
2003,8209
2516,5605
1374,8192
2326,4411
5022,6855
1102,2570
2071,2211
1374,3260
3614,4712
2560,2794
6784,6942
1792,1787
1585,1035
3615,3562
1098,7381
1133,1729
383,182
173,1253
4068,4528
2790,762
1305,853
5185,6505
7279,7694
922,1593
3175,2565
4967,4717
11,715
2381,4247
650,762
2859,4111
3456,5459
5655,6424
306,956
5805,5487
1278,1319
971,1428
1350,1662
3568,3949
5796,7381
1305,826
5103,6306
2941,2693
7598,5466
6889,7921
3527,3646
2565,7791
1439,1538
440,560
376,636
2145,3903
2145,2922
4315,4373
3965,7620
649,779
1549,2144
941,1413
4929,2516
24,3408
2674,2371
2444,2384
1000,1835
7660,7662
1062,1723
5487,6161
6023,4786
7092,5289
1055,771
5445,6560
2398,1571
150,4373
3876,3117
79,817
6218,5807
313,761
457,6270
151,837
766,2225
4353,5423
7231,7795
4483,7280
2242,1140
163,1965
457,1918
3453,5092
3276,8293
2557,2618
4967,3691
4700,4261
3498,5527
737,6772
1062,2240
3379,3009
7818,5096
818,932
2274,2484
1236,948
3317,2328
2832,4351
7376,7237
7350,7695
2871,2689
2605,5226
6618,6634
4135,2958
5800,5582
6043,5624
310,429
1253,2770
5185,4712
4967,5176
2323,3516
6305,5596
1480,1284
2940,5179
3302,3307
2384,5079
2964,4110
4662,3460
993,2119
1367,3587
3026,2550
5859,4401
5482,737
2690,2225
8006,8007
2576,2822
3108,1416
1492,1550
941,2120
11,1097
2229,2371
3614,5454
2847,1723
138,282
1074,6474
4748,5204
7538,7378
705,878
5738,6624
5524,4764
75,756
1253,1382
5022,1493
38,152
171,1532
7080,3297
3047,3099
1522,3130
3459,896
2842,4011
35,257
1972,2210
695,2151
6916,2658
87,259
1204,3433
1374,5022
1215,1297
1542,5404
413,402
5801,3897
58,15
635,1296
988,1393
1352,1726
1395,2071
7727,4071
2255,1390
3246,5222
3056,6595
7132,7306
3562,1549
104,1192
789,171
3439,5827
4045,6437
25,261
2072,1285
1305,1157
5582,5288
1133,896
4099,3191
3088,6634
2326,3443
110,929
2226,1571
5799,3897
4948,4482
6914,7921
4144,5732
4929,4219
2297,2654
1594,2097
6907,7646
826,2580
2653,3454
2485,3404
3352,3024
2790,3609
2328,2973
5188,7835
3148,2667
310,350
5998,6634
1000,2570
1762,6299
722,5323
1419,3056
2256,2410
1305,1315
1613,3443
6907,7005
1549,1031
36,975
2764,1646
2063,2101
4436,2871
4098,4266
2062,1542
19,584
3404,2819
3453,4964
559,1802
150,606
5190,5592
3724,4254
4795,7992
6907,5404
33,147
5468,1548
4170,4171
5596,5822
4653,3089
1386,887
2831,4846
4099,5605
5806,6772
467,517
8,286
5582,6570
2114,2727
993,7961
6198,7414
1098,1378
2237,2760
5773,5384
5959,5963
2700,285
639,989
1462,2165
3660,5130
1211,2062
5932,5799
1004,6441
1619,1428
6620,2511
4128,4256
769,1166
1542,4646
766,7624
55,56
424,838
14,1259
615,616
1808,762
813,1808
306,5404
185,1679
3691,4044
3027,6044
6595,4712
7378,2565
3660,3813
3026,2354
5022,6930
4040,3748
425,7422
6305,7373
5802,7092
3041,4098
707,1389
788,1023
1210,1783
3568,8294
335,4191
2667,4175
3714,1239
5022,6164
4632,4808
4967,5871
904,407
2485,2595
1639,2091
6,250
5176,3274
2381,4110
2941,2747
28,396
4818,3455
5608,4795
2258,2576
4310,7386
3911,465
80,675
1705,1566
2909,3910
1701,4735
2226,8291
996,2470
1074,6004
1034,1141
3450,1984
6272,6047
4948,3607
5524,8192
1374,1199
2565,3720
59,2979
1098,7378
147,2516
2688,2620
1166,2912
143,80
1644,5902
1124,2128
3785,2958
4144,2790
788,1964
1471,1956
6000,8124
1042,1384
1678,4654
3039,3130
1029,1556
5199,7378
3449,5584
1167,2004
5246,4712
3447,3458
5839,6712
72,714
2688,2258
649,282
686,1966
4116,3755
1583,2669
125,784
5173,7924
4045,5484
3056,2144
4715,4719
224,28
5802,5814
636,282
7090,3459
2104,1407
2871,4999
1480,1622
2871,1211
5179,3479
2565,2697
154,1279
1429,1203
3449,4776
3053,2653
319,1211
2790,3089
5171,5637
4111,4173
5531,5188
68,3661
2229,3376
173,6043
825,5459
1358,3755
3310,5529
1967,1267
7578,3962
1772,1137
4441,3455
5020,4666
3728,5412
3452,2240
2872,4024
345,228
4364,4400
4437,6299
1717,6599
3026,3028
1006,1506
1143,1621
6560,4713
1549,4211
1738,1199
5123,6566
5022,6330
1211,1279
2371,3033
5179,5592
2889,4712
2398,2506
4824,1473
6510,6725
6146,5804
1968,1969
5822,6934
2613,4828
2114,3026
1496,1814
1301,334
6443,6918
4276,1548
2859,4365
988,1633
4557,5072
3352,2785
3084,3381
3449,4310
1985,8290
2760,5482
2713,2912
20,447
1980,2587
1749,2285
2688,4299
1319,1465
4948,3417
1352,1236
4065,4181
2912,3104
2369,7810
2328,2653
686,1039
3666,2981
580,8037
4688,4103
7280,6555
457,4811
4748,1310
1549,3260
737,5012
1297,978
113,3586
308,663
5053,7561
2693,2651
4846,3664
4076,3334
3057,4261
2472,2550
1542,6528
5123,5412
3794,72
1428,937
5816,3792
4632,5743
2774,2474
5189,6360
2507,1847
5301,6714
2510,3130
21,105
708,334
5630,6161
1462,1012
697,875
4123,2790
663,903
2904,2053
6596,3962
988,8209
3142,7810
3338,1633
298,299
2411,2251
3381,7378
7062,6634
6665,1498
3463,4808
3321,3691
3724,3313
4007,2433
8,673
5612,6948
2118,1285
5316,5459
4013,1680
2832,3650
3390,5756
1133,3136
2871,2231
5188,7101
826,1991
162,300
3630,465
1167,1859
5189,4361
1167,1492
996,820
2667,6400
1756,1534
2326,3813
6615,5484
417,3005
556,3408
7046,7642
136,5872
7277,7493
312,429
311,707
5532,3291
2258,4037
4717,4798
2326,2819
1506,2333
4364,5288
2099,2504
3352,3660
4209,4201
4437,3034
4632,6432
4338,6004
171,1220
1972,3843
3018,3806
5179,6023
2651,2256
2535,5375
1487,913
6305,6720
4673,4980
2700,2595
5391,15
3642,4310
2677,1549
5446,5321
68,2565
2693,3447
3766,3453
1062,3005
3480,4201
6620,5524
5381,4400
3024,1291
311,4735
993,1496
2379,3615
4363,3806
956,1131
5181,5784
5263,5454
4141,2328
5800,6441
2469,2794
2009,7553
706,838
143,394
1734,908
2062,764
970,1022
3191,3002
2700,2619
1305,765
7792,7021
26,567
3453,5871
3447,5680
4647,2565
6305,8141
2660,2411
2618,2256
6929,6930
9,904
1098,2181
4760,7110
6270,6596
2744,6148
3976,2775
3586,3084
341,2670
1548,6555
5691,72
1305,2746
1691,1416
6130,6161
5802,3919
6914,7587
2236,3030
3956,4011
649,881
663,1287
8142,8141
1142,7277
634,647
6615,5871
6714,7618
6494,6933
3345,6498
3615,3843
5639,2258
4045,5439
4310,3796
650,2400
19,261
5999,3459
2909,2697
1621,993
6772,6596
6494,8025
3005,2625
6772,5773
74,1633
4219,3691
5802,4980
68,5079
7844,5079
5189,7323
12,259
173,1652
2473,1646
3404,3454
1074,4994
988,989
41,339
933,1864
3614,1733
1500,1297
7773,7778
3000,3276
3642,2398
5839,6417
4441,5928
6790,6330
306,2209
2507,2264
11,1966
3614,3898
1972,2674
588,2345
1492,3005
350,356
5562,4875
6657,3962
4967,3459
1538,415
8012,8044
2605,2516
6,1610
4632,5671
2542,3021
4632,2285
766,2120
3642,5780
1166,1747
1480,1514
1039,2685
1200,2102
1381,3748
3729,5484
7045,6241
317,989
3451,3439
3453,4468
2174,3903
11,1565
1012,2571
6359,6784
1550,3394
4948,7389
7099,3631
556,627
19,274
3673,2398
6378,6739
340,407
2988,3173
8173,1982
3554,5705
3449,5640
2953,1706
319,204
2172,4037
988,7233
2160,2535
1814,2550
1622,1279
2565,6765
17,30
11,171
663,725
1542,2240
8069,7924
2688,3635
2974,8293
94,56
742,1413
36,325
1029,1211
3724,465
3583,3587
8181,8178
8243,6924
1185,1585
280,8083
8,175
1151,6600
3786,2258
993,765
3457,3970
1483,1802
766,817
5802,4361
2565,6976
2654,2713
2249,2322
4632,3910
6068,6166
306,875
820,1123
291,4466
4870,1548
1820,350
192,549
16,817
86,756
457,6388
2129,3645
3682,3463
5457,6078
5916,5925
1151,1723
3482,3010
410,407
2651,285
6518,7021
2231,2607
1997,1378
1789,2144
813,3005
1080,1855
5908,7389
8199,5064
2565,2145
6835,6833
1700,1496
4437,6789
7614,6241
68,2328
2565,7201
457,1487
2240,2256
7113,7237
4379,2871
1368,3646
87,7478
1972,2620
4073,4547
1496,3586
3084,4735
457,6552
5818,6388
5796,4037
406,2657
7026,7587
701,3334
6976,7553
7281,7510
2233,959
4576,4578
3034,2328
7960,7961
6596,8073
4662,3238
5273,5596
7052,7647
3062,1393
5550,5178
2356,3926
2775,4981
4824,2364
899,1653
6615,6327
2473,2685
3004,2323
6801,5773
3956,3568
4967,5624
7949,7910
1868,2241
2041,2595
6032,6769
5189,5351
4833,6790
1055,1652
1367,1100
3642,6715
2964,4289
2398,3970
1350,1248
3830,5479
457,7280
6223,5254
5872,8249
3472,5083
4554,4557
260,2576
4846,4824
310,1125
6991,3809
4967,4400
3787,2134
996,1723
4672,4875
626,299
11,941
2994,2237
7231,6934
689,5452
633,271
6221,7632
4963,1769
2972,2240
1385,5200
2667,3393
2658,5378
14,3562
4948,5605
5184,5463
2811,4831
1009,271
2688,5829
11,1861
3642,1352
3586,5543
5916,3976
1050,1407
2375,2685
254,739
1187,1190
2832,1360
996,1613
2236,2900
5802,4507
4532,6979
321,271
1542,3873
2240,6832
193,2066
2003,7279
3463,4040
3092,8141
6994,7301
4795,7809
3456,4531
1470,1857
5185,5683
3568,2257
1247,993
311,1964
7052,5932
2961,2963
2472,2877
5697,4536
4151,4011
600,8212
2560,8293
29,904
3691,3456
7900,5246
1055,2341
5194,6737
7695,8224
1991,2593
1814,2981
4792,6938
247,300
2411,2016
306,1964
898,2765
634,1965
4045,7214
2485,6227
232,1297
3614,4587
4440,3956
1811,4536
1482,1966
3458,4162
1767,1847
1769,2922
2651,15
5988,3586
7421,7979
1754,3958
2226,7961
3452,4480
766,3352
5524,6299
2653,3260
2871,3010
2264,2774
3457,3661
2660,3114
24,887
395,1593
825,2145
2565,155
1395,2667
231,86
766,2707
1305,3324
5614,6780
4550,3459
2822,5928
4536,5412
3806,4463
2322,1835
5173,6156
6865,7620
996,2764
4228,4138
6032,6918
2912,2072
2576,3489
1749,2993
3636,2508
1098,285
5934,6850
3479,2328
4718,4315
904,1442
3478,4338
254,1014
4948,6946
1166,1787
5816,7683
1184,3443
695,324
766,6790
1169,407
1075,4055
2544,3615
4429,1688
1055,2339
6,55
5176,4534
36,644
5189,737
854,1384
343,135
22,30
47,94
5670,4335
1055,1496
182,204
663,794
2972,5732
4470,4471
3352,3258
2687,3319
2727,2510
3457,2289
457,7491
20,1774
722,2880
5697,6334
1951,2819
3641,1026
6272,5806
2133,1018
2133,968
2841,72
1487,1707
5487,5994
4899,3843
310,5072
489,524
7225,5655
4144,4191
6859,5776
5872,5605
3568,4299
11,3871
29,358
5857,5524
7057,8209
1279,2371
5185,6595
2326,2129
2688,1352
341,171
947,4735
556,1969
5176,4098
775,1585
4441,4551
4326,5714
47,739
1279,1468
3457,4315
5110,5123
737,6897
4726,4219
635,2073
90,338
7352,7386
2135,4953
708,1156
11,1250
4818,2516
2790,2322
1838,4201
3635,4384
2072,2073
3032,2687
2713,4256
982,1241
1734,2696
5189,4099
1521,3014
2647,1291
1719,1622
3854,3404
4044,4011
826,1792
5543,15
5605,5028
789,3276
4437,2871
5119,5132
1215,2400
3453,6571
879,2144
6068,6498
5802,3842
1135,1965
2790,3021
2595,4030
784,5100
4756,4942
4992,7279
75,1956
7276,7740
2542,4981
3498,7553
306,2144
502,86
6208,5254
336,941
7901,4432
2565,6243
308,960
1748,4424
2258,5790
5814,5802
4441,3614
766,4977
2485,5902
6734,7632
7733,7666
2564,3371
2647,3755
5181,2831
1608,2747
2688,5412
6198,6560
457,1633
1756,937
6134,6306
1806,1811
7231,5148
2593,2328
7350,4940
3498,4335
5871,3089
1608,2253
8012,4037
3969,4536
3601,5737
7280,3310
4487,2516
5531,4530
3463,4811
7029,6774
5524,6712
8046,4940
1166,6441
1200,2951
1879,2120
853,1412
871,1816
2701,2651
3771,3643
5180,5994
996,2071
1055,2902
2866,2053
79,878
4100,825
4310,4983
2369,5020
8103,4037
6280,6503
2686,3145
856,1814
2226,3253
2658,2657
2290,825
1187,1191
2237,3635
3142,6946
364,1418
3026,2700
3173,2974
6,1471
7086,8083
2272,1992
8162,7391
5802,8128
1151,4422
3458,3464
6398,6869
4347,3962
4967,5103
4818,3002
546,1261
727,2398
36,282
2458,6442
3691,7423
3439,2674
6615,7740
1105,1080
290,946
3296,2576
796,798
47,2079
1305,2623
4151,3568
1608,2397
1977,1378
2565,7871
697,1413
2758,1679
122,2506
6759,7669
5457,2277
4039,825
649,723
1608,2066
826,2594
310,637
1062,1330
4224,4266
3985,3291
3449,3089
3498,7726
1075,665
1835,5799
404,1746
4278,3192
4632,4483
2117,4735
2980,2560
6616,6714
6045,5773
3366,6914
706,913
3366,3976
11,717
5301,7351
2935,3321
5524,7386
1305,3483
3724,2328
173,1490
5739,3459
1297,1564
4483,4099
766,2811
4899,5775
1555,1641
28,232
6,1125
5203,1799
2411,3324
639,1277
1374,5020
5139,5144
2560,3615
6327,6097
6486,6503
3949,3967
737,5543
1915,8295
3006,2999
3641,5753
3073,5897
1374,5568
3787,7391
5320,5028
4,55
4828,1385
865,259
7165,7050
4774,4103
3290,3117
4441,7544
3794,3796
1521,2474
308,2193
5796,5037
6056,6059
3481,3737
3786,5155
6615,5563
2356,2289
2688,2356
2084,2247
6097,7651
4073,2386
2256,2264
7426,3000
1549,1780
2792,3976
3394,3671
7038,6327
3032,2252
3624,2237
2832,4480
725,1053
432,1250
856,6739
4045,4552
8066,4037
7766,6555
825,4463
2775,2410
59,377
1133,5753
639,696
3453,5393
7598,7862
2236,2273
5188,6770
1737,1199
1037,3334
36,3537
2693,6955
116,756
308,2339
1329,1638
922,8290
2485,1637
2689,2398
5811,5760
5811,6299
6614,4037
1137,813
2688,3933
1566,1378
7732,7734
3055,3024
2623,4529
2369,5673
2535,2354
784,705
634,4037
6494,6982
4764,4875
3028,978
2118,2400
2560,2508
3006,2325
5582,5037
6460,7277
353,339
5123,4175
427,4175
319,1167
2688,2760
2189,1111
914,271
2565,8163
1623,3634
3109,1734
3073,3034
4415,2871
1742,1411
346,6784
588,1425
3568,3125
11,1672
1961,4247
3084,3803
2411,2724
5800,6924
4065,2653
1204,941
1470,3479
103,302
5890,5697
255,606
1990,1074
3352,1799
457,1622
5802,6942
1042,5799
6714,7279
5606,5830
1322,1418
1603,2579
6327,5188
6523,6305
918,1633
2565,6933
1496,1919
727,1199
1555,1805
1997,1285
2290,3024
4089,1307
1390,2323
6907,2511
136,3346
2410,5994
457,2818
4669,3334
1098,2579
3521,4482
2067,7763
3352,2384
655,656
766,4661
3449,2811
722,3140
879,2517
3691,4191
766,1799
2297,4981
1549,2619
7774,8134
6,1569
36,402
6906,6832
4297,4315
90,756
2174,2801
1211,506
1395,2579
1132,7699
5630,5121
2983,8224
1639,1592
4894,2696
5002,5814
1215,1521
128,993
2819,2660
2702,2398
674,878
173,817
5796,5028
94,271
3460,7131
2576,7763
4967,4483
275,15
1730,1549
2557,2770
4044,346
5445,7047
2542,3946
1166,3099
766,2689
1137,2340
1235,1127
946,1413
2790,3807
789,3002
3639,3026
109,5819
766,2685
769,3479
308,311
143,4037
6445,5933
1062,1714
6620,6942
5262,2490
7900,7860
2290,3516
304,2246
4948,3691
2565,3609
439,178
2099,2470
1319,4528
2859,4820
1394,1496
5814,7225
36,427
978,1680
3244,3245
5806,7319
988,2116
5343,3586
6615,7449
3188,3871
3181,2654
5324,5947
5942,5994
3451,4263
1608,1103
2560,2114
429,837
143,6634
3191,3691
5102,7908
2256,2844
5984,5233
1151,3028
5553,6759
3055,3942
4767,15
789,5288
1615,285
766,3635
789,2775
371,6388
3088,6407
1051,2485
5988,7478
113,7809
1098,2658
2328,2669
1628,1514
4662,7073
6327,6001
407,2097
1390,3755
805,1884
2452,6280
865,2660
1550,2289
899,2754
334,864
1915,6306
7225,4966
7743,4037
395,5524
29,1772
2299,3265
7131,6832
6272,6665
19,23
641,282
6272,6714
3056,2411
457,3460
6711,967
42,28
4536,5775
5773,7414
1922,204
457,7965
5802,6151
3691,5760
5871,4712
2056,1550
3032,6151
825,6360
110,837
5802,4713
3451,4191
4853,1352
315,299
6145,6148
3144,3265
1211,3117
4662,346
6272,6305
5391,1247
2387,2775
2651,3009
412,151
172,2338
3976,4777
5796,5246
2871,3755
6006,5932
258,261
5053,7624
312,488
5125,5790
2719,1549
215,1103
667,4037
626,1468
3477,3646
1374,1267
3055,608
2972,7119
1356,3813
122,4531
457,8134
546,372
1133,4175
50,250
2592,4587
1594,1791
6991,4361
7225,7237
6951,7991
5002,7553
3812,4011
7357,1982
457,5563
2037,6481
3787,1680
3028,3251
1166,5273
1319,1714
154,1413
1358,407
766,3456
4222,1688
3092,4536
6360,3809
5999,4037
1622,2958
5932,5624
588,1330
5524,7101
1201,1222
55,379
492,299
2542,4233
1286,3755
1748,2665
6223,6632
166,8141
3454,2517
3291,4531
3763,2657
1700,1772
710,1413
24,993
3643,2144
3752,3962
2516,5130
221,402
1374,6032
2231,2426
6006,7052
4813,5037
2871,2955
3072,2251
2326,2544
5644,3976
94,258
1381,2696
4967,5432
2256,2145
3478,5288
1151,5872
25,273
2145,7651
1496,2871
4222,5817
704,948
1820,993
1608,2163
311,4884
706,2062
2593,2102
11,432
1496,1893
1319,415
6217,3792
3404,2973
432,2333
3032,5020
3028,608
2842,4269
766,4719
6774,5079
2009,2135
5095,5295
3541,3809
3541,4179
5484,4980
1608,1757
7421,7422
2653,4183
5185,5295
634,1537
3449,3092
4899,5886
6615,6783
36,663
5885,5886
870,299
4980,1310
6006,6914
3642,4712
5188,7961
2674,3024
23,30
5809,5980
1980,3005
1967,1858
3352,2381
695,737
3274,4065
6271,2440
826,372
988,2550
2233,1956
3402,3453
4663,3748
2256,4780
2688,2384
2700,1744
2547,2209
3108,2237
4927,3976
2774,2535
6907,5582
3175,3926
128,3680
5532,8295
383,4977
3633,3933
1470,3253
2967,4653
3477,2746
457,3887
3827,4110
1285,1965
2691,3130
72,178
5123,5178
3447,5226
3040,3970
407,1718
2618,2231
5189,6305
2596,2117
2326,1453
6624,8124
588,922
2660,4485
2940,3489
2547,1777
128,904
11,707
1428,3136
4219,5301
4574,4875
2699,3284
1487,1718
2964,2654
3886,3887
1552,1849
6075,4875
3630,4510
3614,6715
3463,3073
725,1006
5821,3897
1424,1966
11,1375
2651,3871
457,5850
5531,6001
2504,3020
5423,6388
1166,6255
5181,3796
407,2323
6323,6930
1000,2579
3591,4299
4310,5179
988,2479
7046,7225
86,150
634,1707
1137,2785
324,739
2003,762
2009,1835
2476,1291
2169,2246
4899,15
3639,2871
25,310
749,5254
1492,1593
3027,5457
2033,665
122,5947
1931,1997
1029,1487
7237,7498
1608,1792
3256,2364
1608,1565
869,1196
1297,2697
3635,4247
5173,5784
4948,8037
789,3843
832,407
697,1473
5697,7553
1292,432
2653,5817
649,650
1236,1478
3242,3243
3728,5327
6624,7544
3586,6427
4035,3717
1612,8042
2328,1239
2968,2135
791,35
5177,15
879,4735
3456,5033
4966,4797
4547,3453
5582,6437
2507,2102
1621,2474
29,33
36,5714
2375,2504
3453,4880
2379,4480
2371,1250
110,866
1215,72
5243,8295
1594,2062
4977,1310
7733,6634
2274,2117
1480,1484
5179,8124
2230,3130
2435,2794
1820,2117
5002,840
74,937
3447,3911
454,75
3787,5784
5616,7214
4894,6088
143,301
826,2643
842,290
7291,7292
4937,4298
1428,2499
304,945
5427,8295
5802,6388
5188,5650
1833,4247
3032,3145
7901,8212
722,1321
5188,737
11,1783
2704,3650
36,7115
4598,6299
236,80
2974,4110
3297,3007
6615,7304
2972,4298
686,1861
111,995
5174,5200
7766,7855
2667,4666
556,3661
4967,7214
312,868
1145,1125
7241,6976
5816,5902
3682,3541
1972,4201
4056,3835
3168,4179
3031,1297
663,643
4967,2592
11,1103
1814,6566
2072,1186
1297,1464
47,2565
6563,4875
2258,3321
4948,6320
3622,2747
1790,2814
848,308
2120,2979
5267,3460
1552,1297
5532,5780
1820,2328
4041,6739
2899,2174
789,3830
1166,840
1465,2508
5796,6299
2760,2516
5178,5096
2332,2651
6445,7927
2576,1315
1521,1768
600,1407
7055,5028
1549,2510
2883,3755
447,7992
4967,5663
6398,6270
5189,7414
2940,6004
973,977
4383,5807
7677,4940
4041,5375
1622,1935
2651,2662
3456,1990
2614,2625
4792,7574
2686,5479
5182,5568
1615,1858
580,7092
1982,3919
5816,2851
3452,5055
3682,1140
4564,2535
4197,4551
3334,3394
5989,3586
994,1859
600,960
1133,3464
5696,6299
7419,6442
311,985
813,2693
311,674
4550,3460
2256,3486
4976,6041
6914,7378
545,7646
789,1453
3209,3319
5524,3809
2485,7422
1608,4011
6766,7561
769,960
307,377
346,2323
988,1571
11,1319
5217,5020
5802,4795
1585,3348
3168,1185
1549,2618
319,1464
988,3126
5807,4934
4688,4040
2135,2517
306,714
1972,3114
3015,4899
2932,4323
306,829
5820,4981
722,214
171,762
339,941
6,86
2473,1792
3381,6770
546,1836
6024,15
1166,1972
122,4530
2605,2547
110,859
2972,5262
24,2209
7727,7233
1029,762
2458,5902
3854,5651
4828,6161
904,1918
6951,3459
3568,3973
3477,3847
4065,4485
2274,3130
4986,3898
2237,1734
813,1847
2114,1706
3660,3463
1985,4485
2565,8132
2560,5406
4813,4713
1991,765
1500,1569
3643,72
8,590
173,2787
1730,1859
127,1297
3660,4013
5185,1352
6544,3634
1471,1026
6359,4037
26,394
3015,5445
3125,2657
840,6784
1885,2809
872,3136
1700,1992
6494,5543
182,982
5190,2909
2285,3321
3564,3480
1772,2785
5531,6600
1838,1953
3719,3541
2768,2799
1195,1218
1062,4263
1767,993
2255,2400
4967,5891
311,2128
865,6388
1483,1211
5620,3459
1228,4735
2658,7088
1215,3376
6440,6441
4437,6945
4045,4646
2485,3748
2740,2693
5821,6594
722,1211
3796,5947
2617,3580
2369,5226
21,2685
1471,214
2790,3404
988,2338
143,6600
2660,4613
635,3307
1610,1253
4441,2364
4219,4400
4564,3352
2485,1393
4037,8294
762,324
6218,7835
2174,1621
432,2851
4013,6218
2660,2754
11,1006
6299,1493
993,1749
9,392
3352,3125
1075,5254
6179,6897
2576,56
4899,5947
457,575
457,6780
7405,8163
4070,4645
432,332
2485,2686
2542,1100
1566,2653
7056,7052
3026,3265
1384,1837
2605,2576
5226,5262
2651,3446
6608,3830
2688,5863
766,4781
766,3956
5079,5697
4073,4551
6032,6700
4063,4191
4964,7204
6907,7803
960,3136
663,707
3615,3970
4859,3607
5697,7115
996,4234
2474,2828
5800,7443
2003,3253
1521,2241
5189,5079
1542,3976
993,5210
2435,1633
5655,6105
2381,3334
2653,3117
4437,4578
996,2580
4795,6151
11,1418
4441,5022
1094,1080
3854,4653
8233,5378
788,3338
3142,1744
7380,7279
7233,7407
2667,5684
2994,2707
1549,4536
3744,3024
1406,1412
5155,5162
11,38
3,349
3001,3352
2804,3580
28,33
1346,1412
2645,4289
2328,3148
3451,4162
5998,5814
904,1199
173,762
6298,4798
3390,4964
2871,5055
5524,1972
2411,2653
6299,6596
4363,4463
7769,7908
3824,3541
1097,2830
2689,5155
3451,2066
1496,8290
1615,993
2999,1633
11,710
311,1464
3948,4297
2229,2517
5439,4786
2872,2508
1335,1442
5166,5079
988,2999
5020,3976
6914,5605
4899,5200
6006,4712
2328,7400
1837,2593
5812,6001
766,5155
5342,2354
24,465
4485,4335
2871,3887
1757,1783
1888,1031
6615,5897
6993,7277
1428,1747
2889,2470
3642,4276
1583,1492
600,1717
2452,4401
457,7757
6327,7094
2747,3404
7003,6774
3956,3976
697,981
5002,5061
2542,2707
1964,2375
4966,7624
5028,6023
3586,7921
737,6000
2549,2932
5024,7092
1236,1618
231,1193
5087,5092
1286,2456
3449,3274
2541,2625
4862,2237
3456,4735
1230,1837
1608,1031
3560,2923
1667,1857
457,3136
173,1991
3642,1239
5932,5563
457,6001
5123,2775
841,2369
3976,5303
2597,3145
1847,4811
3496,2542
2231,1706
710,955
2120,7994
1200,2135
6460,4875
3056,3803
6622,7146
3394,4536
1592,425
302,8283
216,5412
2565,3265
3453,2517
6360,5384
5817,3291
710,2339
3641,2516
3786,2746
3479,3321
4899,5568
5855,4574
5805,6462
1537,3140
695,3404
1200,633
3646,2958
6596,5096
25,224
620,622
3631,4349
3976,3276
3635,3967
4726,3106
4214,4234
2088,2112
3527,2508
2037,5140
922,1597
4475,4480
457,1593
255,624
1166,5798
387,756
7471,7946
1492,1585
5707,5925
306,667
6650,5254
3806,3144
3557,3028
1972,2576
3258,3404
871,1211
2697,3615
686,971
2549,762
2693,5739
3449,5650
7132,6832
4045,1403
742,3334
173,259
5185,2160
1487,1969
1055,1654
77,644
5079,5204
3641,4021
5714,5543
7231,7695
2541,3029
1847,4400
1358,1842
5185,2605
1000,5973
3557,3645
1133,4811
7086,5812
3449,3106
4310,5637
1350,1610
1241,1234
1278,1468
2696,4256
1281,946
5079,3792
2651,3567
7233,8192
6596,7574
5377,2785
4511,4719
994,2114
6634,8163
2674,2565
1210,3251
4441,6414
6951,8042
3466,3459
1487,3408
1055,1661
5714,5684
2703,3319
24,5412
948,3148
432,2193
5320,5199
3796,3537
255,1487
6618,7961
1395,1608
28,1186
5531,6305
3463,3664
4,75
2010,7795
1390,290
7021,5096
3498,4536
2085,1792
1521,1201
2368,3351
3976,1648
6714,5028
3026,3635
2964,4055
1688,1453
72,6833
5811,6560
7578,5812
614,549
1202,1000
5773,5288
6523,7414
2546,2338
1385,3439
5824,4037
173,1583
47,2193
1767,3946
236,600
2623,3867
2456,7115
6494,7400
35,132
2651,3029
3586,7110
4138,2646
5800,6560
5020,3103
5155,222
1428,3033
5834,6094
280,1297
649,714
2594,2256
999,959
982,1222
1242,1201
3366,3334
3258,3274
7043,8275
2660,2252
6218,7910
1549,4021
4828,2925
2258,2871
2009,1211
4824,5886
1029,982
4882,4037
6655,3346
5524,6901
5998,1352
8,282
1756,2240
2237,2016
1697,1164
766,2114
4483,7381
6596,7238
5404,4335
4347,8212
4881,4795
3976,3792
689,1307
7086,6784
2991,3615
2255,1836
306,619
3787,6720
5002,3897
3571,7908
6649,6855
6,1549
3462,5254
2485,1769
3297,3021
3835,4044
1542,1385
2516,4574
164,590
205,600
5524,5273
182,2775
4045,5055
3381,7101
5818,2285
3480,3352
4224,4605
2618,3148
5173,5998
6219,5626
1247,4953
1772,2128
5002,7763
7901,4037
315,3117
90,33
1151,6560
4219,2871
20,183
842,948
103,5800
697,5449
128,2966
993,1566
2201,2202
1509,2237
5817,1074
1247,4189
4070,3284
922,1319
66,2651
956,784
737,659
3297,3717
3498,4953
1847,4735
2416,332
5812,4687
5800,6938
282,132
6611,2785
4116,4037
5697,2565
5102,737
176,1593
5188,6566
2120,2328
2713,3937
7280,7809
3642,5545
2072,8290
2297,3454
1034,1595
1720,935
708,3473
1848,204
707,1701
109,7414
3453,4298
24,2062
3010,5596
6627,7620
3055,3812
6624,8037
4073,4124
3453,346
457,1247
6072,5806
2282,2397
3798,4485
306,2693
2651,4547
2702,5092
4065,5415
2326,2597
1221,3251
7044,4940
3969,2354
826,1604
6863,3792
2485,7624
1639,1621
3454,3922
911,794
1390,3009
1160,1372
1125,2504
6241,3969
2565,2237
3902,4613
5079,6913
4441,5799
2577,2580
7278,6913
4833,2354
3901,3903
946,2504
5805,6023
6305,5199
5445,7634
38,609
2547,2768
1592,2073
3615,3635
759,3136
168,875
2596,2593
5806,1026
2974,2565
2695,2653
4211,2456
3394,3439
3916,7063
6421,7393
1360,2877
371,3967
136,3897
310,725
3453,4797
4632,5423
6219,6170
103,2851
697,3498
704,2625
1305,425
154,1297
5020,6400
1166,3893
3642,7131
644,2928
2225,1492
7090,1026
1772,1992
5321,5963
1489,2322
20,310
2290,2900
5896,7047
5605,7908
2576,3084
4040,3106
4483,6914
4437,3958
3456,4588
136,5871
4073,4298
2267,2273
312,334
600,4071
1202,871
5179,3919
3077,1919
5079,3191
86,2643
5553,7908
6883,5776
2297,2535
993,1583
6916,8226
178,798
1098,1919
2807,4037
2371,1291
2713,3887
2229,2830
769,1026
975,2211
3168,3557
5225,5231
5060,3537
308,838
1823,1893
1922,2516
29,700
3192,2693
5263,5828
3056,2485
3786,2277
5802,6634
3090,5335
7429,3334
2760,5311
3439,3461
2093,3253
2258,8198
2566,1956
6577,5524
2530,1186
2560,4384
6913,6917
2688,5341
1769,4361
1428,1717
1838,908
6848,6913
1603,6407
2790,3803
6913,4037
3180,285
74,252
2565,6634
1135,1836
7129,4037
1010,948
1390,1394
5243,1385
1744,2657
2991,3562
6545,4709
6221,4341
255,439
1204,5026
1497,1322
2366,1097
615,628
4347,967
766,6432
2760,1385
3394,4289
2871,2979
4626,2775
1919,2763
1335,1732
2269,3348
4976,3843
727,1211
3125,2625
2972,4044
6772,8178
1135,937
2323,2398
5226,7726
2623,2799
3498,896
5185,2273
3542,5058
4483,7092
1522,2066
7047,8051
2565,5559
2871,4189
2765,5584
4310,7813
5810,6907
727,6913
3854,5463
2560,7788
5188,6272
24,1901
5775,7882
3806,4098
1480,1717
2565,2375
2474,2834
2790,1777
993,1420
313,1772
5176,3586
1395,2760
2274,2329
2369,1493
3645,4179
4712,2774
7055,6946
1428,1752
68,5721
2322,1297
1919,836
47,2397
5816,6528
2594,2746
2686,1792
3394,3480
5958,5963
4653,1799
173,857
852,913
6596,4507
2062,993
11,3284
766,6860
789,4827
2565,3958
4653,5305
4211,4212
2658,4983
4364,4578
3479,1990
2398,2790
6747,6001
2372,2182
769,974
5185,5188
5478,4600
5199,2535
457,1000
1374,1772
6421,6993
6907,7662
5822,6043
120,28
2872,4021
1353,2542
3982,2398
3028,3265
2474,2135
4310,5824
706,1321
3787,4263
310,1267
2758,765
4828,5239
2256,3520
2560,6330
15,4600
852,3946
4064,3562
306,298
7117,6994
47,282
784,4424
4070,3417
1167,3253
978,993
4756,3334
2660,3480
122,2963
896,741
9,1855
173,1413
2375,1608
2102,2323
2456,6576
291,3014
2474,1781
113,15
7052,7047
1811,2371
2145,8290
5965,4037
320,849
3072,2697
5966,7052
6772,6388
2485,1571
3033,3089
4550,5569
3634,3650
7386,7553
3796,5775
5617,5176
2900,2066
457,5459
922,871
75,3755
259,2508
457,3454
1200,1419
1133,5044
1857,1859
1473,907
2549,2958
5802,6699
17,299
7733,7553
1297,974
3658,6624
6829,6330
3459,3103
2565,2328
1615,946
2298,1012
1691,1492
143,2135
6906,2851
1530,4632
2859,4351
2932,4735
1384,3537
2077,1991
5814,8246
2105,8290
946,1250
4632,6523
1639,2955
1000,1918
1203,1326
1384,2809
1377,1234
5606,4534
2700,3026
5531,5335
8,668
3451,2871
1236,1492
2683,3285
1972,2542
2658,2257
6809,8249
7350,4981
3469,825
2488,1166
3712,3713
2964,2662
3452,1473
3032,6600
8,431
6377,5596
109,6097
2229,633
3976,6261
4310,4824
3813,7839
7092,7835
3527,3926
1555,1297
7586,7683
1098,1521
1098,56
5714,4099
1135,1234
457,2727
5709,6529
5053,5775
312,863
304,1833
1935,3352
2381,2535
11,3260
1691,3807
7049,7809
1749,2338
5763,5775
14,261
7772,7791
1150,1622
742,1476
2967,1305
127,2811
3282,3635
3642,4037
5836,5482
7086,7131
5250,3106
3586,6875
4037,3498
4881,4530
5002,5182
6907,4632
4026,8293
2576,2713
2904,1416
2688,1982
2538,1186
173,1550
72,946
71,3892
1925,1977
3787,2237
7233,6123
3180,3812
3028,72
1035,1547
4967,3498
7874,4071
2357,1267
2565,3309
2236,762
2822,2174
2237,3408
1063,5680
109,4441
6951,4940
127,402
2411,2585
3568,4011
11,1700
1097,3192
1166,2257
1150,1583
943,955
2576,6552
3660,2544
2700,2693
6714,6503
2674,2535
2871,3926
1972,1973
688,310
634,2851
2688,3404
2972,6505
176,1537
3350,1360
280,1123
2174,2821
7056,7839
5002,6198
7751,7757
3010,3650
6780,6004
47,820
173,7813
697,4962
5110,4448
2688,2014
3352,4412
2016,417
5524,6347
1267,6496
5445,6715
3724,1385
5802,6528
4828,6913
4824,5079
5252,5253
147,3059
35,1439
4796,4534
7402,6123
5934,2276
6360,4798
3449,5058
2658,5222
11,2241
6772,4134
3026,4962
71,4735
74,993
2972,5818
5103,7529
3806,3024
290,1164
2999,4191
7280,7652
4662,5963
315,1038
11,1156
2485,3489
2387,5848
11,4962
5534,5178
3144,2016
4948,3796
154,348
1166,3967
2473,1596
5714,1549
4441,3238
3965,2653
3439,4011
3055,2654
2062,2195
2967,3140
1733,6347
4007,2655
1542,5341
4550,5123
2713,4365
2831,5144
275,1918
4851,4846
2535,3976
5254,4191
1395,1243
2696,3537
855,857
1991,1633
6900,8121
1925,2651
4850,4999
5110,4828
2237,3089
5022,4134
315,663
996,2579
5823,3897
1547,2066
3641,2326
249,1654
2988,5058
5524,5835
2237,4808
6766,8224
4329,5106
1236,1966
1129,1031
2356,4179
5103,8178
2255,2397
457,6296
3125,1814
5908,7050
5181,2516
1167,2685
1829,1717
1639,5162
7877,7927
3456,2565
72,549
6316,6123
42,1123
996,1565
2658,6414
6620,5012
3770,3769
5254,4717
319,659
6488,5210
4046,7620
6915,5484
9,130
1058,784
4756,2014
1151,2815
5812,6498
6916,7279
3447,5058
2774,6437
5524,6632
695,3007
1707,2955
2967,2066
5002,5210
179,349
4899,5743
128,2651
2724,1777
4191,2066
6327,3792
1442,1780
2658,3849
5811,6305
1305,3338
699,978
7425,4940
6563,7378
3641,5697
3725,1297
1594,762
6020,6021
2281,2625
203,2456
1210,1353
1746,8291
974,2237
4524,4335
3478,5226
988,2134
25,80
3743,4796
7865,8275
5800,4944
1922,2594
3642,5072
2967,4099
457,5045
5550,4037
3787,4578
766,1307
844,1833
5624,5778
7057,7237
1553,1525
3463,4578
1179,1464
3189,3587
5961,4483
2145,2144
5932,6560
1997,665
2507,3005
3453,5991
4077,5222
275,664
3453,4983
5531,6251
251,310
2667,5121
4739,1473
2565,6044
3380,2290
4221,6124
2542,2599
4874,4875
6221,6613
5439,5626
3343,3117
5003,2775
306,2066
5799,6435
1496,2073
3039,2328
1160,930
3144,3812
3568,5844
1549,3334
2356,3117
1075,5423
7352,3334
20,3027
335,15
311,4072
5184,3417
2144,2151
2565,1549
805,4289
4045,3664
2379,2923
2557,4999
432,993
1374,7699
993,1506
3394,3769
3642,5384
4632,3796
3032,6759
6607,1352
11,2004
1615,1489
1154,2770
6218,5799
109,2160
4441,4124
708,1141
3568,3192
4948,5806
12,3371
2298,2501
1658,7871
290,887
2186,7073
708,1888
3787,2790
5188,8192
1380,2400
128,8290
1972,5155
3794,3797
7484,5806
8053,5614
2001,8121
3348,7809
2476,3029
4041,3897
3002,5123
94,659
1098,1855
5932,4310
6006,7443
3786,2535
4347,5246
1133,5640
948,7624
457,4875
8041,7620
2174,3516
2565,5596
5110,4645
1608,1754
1549,350
1822,1585
1352,1573
3352,4964
1166,3439
7564,8044
4527,2342
1799,3969
3830,15
290,3005
1487,2338
7391,8174
1542,5925
8040,8042
879,737
20,299
317,994
457,1200
3262,3034
4441,7116
457,4689
3189,1633
7057,5800
312,647
4982,3897
722,2787
650,259
5190,608
306,1018
5079,4587
6,1788
42,1717
2085,2264
3924,2508
737,7567
2264,1653
2560,4191
109,4786
3611,3059
2838,2958
8,163
2257,737
759,893
376,1633
3660,3117
1482,1903
5582,8297
407,1752
7086,7512
6241,3291
455,322
1522,2550
1253,64
3252,3404
6615,6097
7301,7052
3258,5824
2156,2378
5176,5511
2688,5800
1129,1618
1608,4531
7080,6979
3459,7809
4219,4814
5908,5254
187,29
3192,2210
2904,1734
959,1835
5432,1247
1700,778
312,802
988,7835
2193,1211
3028,3557
3384,3580
1344,1193
2515,2517
919,86
1006,789
1838,2178
138,224
1029,1768
1041,5309
820,1842
4219,3897
4824,2576
1098,5822
2967,5459
3449,5130
3453,5341
6612,6953
996,5863
2435,1956
3528,2411
4948,2605
737,7649
2172,15
2145,5288
4632,5798
7387,7921
2727,4162
3249,633
2116,1723
1135,1814
7386,7434
954,1261
4137,3568
4712,6860
2256,4798
1972,3680
4136,3787
5819,1648
5814,5739
789,1243
789,2322
996,1749
4065,3661
4307,1157
5199,5200
766,2597
1185,1633
5166,6496
1471,1556
2369,4530
1305,3946
109,3752
3835,5650
4994,7414
6946,7996
7120,7047
5446,6914
2009,2237
4144,3812
3109,4400
2704,1919
2118,3806
2294,2665
2322,2619
2747,2145
2658,7092
1733,4335
2677,5563
1922,2416
3098,2662
5624,5994
1965,1566
3530,4349
11,1018
143,2474
1006,1220
6615,5811
1305,2720
1521,1482
5934,5800
6647,5254
2093,2593
650,1418
215,216
2707,4463
306,974
2565,8178
854,4929
5800,3310
55,38
1670,2763
6359,2433
2598,2251
7238,7233
1549,1514
4973,3898
749,2951
4686,5083
2085,2332
3555,2693
432,1706
6772,4983
25,373
103,5452
3724,3555
4273,4578
1133,5092
3662,3352
1496,8294
2506,5200
2497,2297
4150,3334
1525,763
2693,5130
4967,5737
3625,4013
4455,3459
1135,2587
1353,7131
3455,4953
2719,2544
3293,7620
2967,2871
3813,3394
2371,1186
4310,5886
2255,1919
1143,1307
5662,5663
912,1053
11,1390
3478,1473
2981,3897
947,271
6229,7946
319,2696
1473,3408
5814,5096
259,7115
789,5026
634,2225
3642,6148
2323,1243
1135,1977
1891,2195
722,1718
1985,1700
3642,6094
2016,3026
172,3489
4948,967
4988,608
993,1573
1166,4717
2654,2252
2707,4417
5189,5891
3447,5375
2972,4527
3394,3260
263,2774
3641,2276
4967,5178
1202,1661
2416,3029
1035,2547
5800,3792
94,224
988,4256
1796,8297
432,2963
2411,825
1202,2625
2660,2210
312,686
46,36
3028,2257
2237,2909
457,1396
1098,1608
4487,2369
5191,2764
4846,5106
4443,5179
1032,857
173,1022
5301,5624
1608,4365
6245,7587
710,1044
24,2375
145,1485
180,908
2565,4507
1991,2322
3352,2510
3026,4191
2871,3816
5189,5471
143,226
231,2097
86,538
3274,5123
147,794
4662,6624
2229,4365
763,3130
4315,1729
2599,7632
1585,2117
2565,5760
1608,2329
4099,4536
1098,2594
766,3092
4588,2326
7054,5002
1832,2210
946,1297
5796,6875
4536,5655
1127,5055
4687,5543
1549,2294
3642,6006
5053,5671
3641,5802
795,993
306,3021
1133,4298
5263,4338
7901,7553
1783,1700
2900,1754
1034,907
722,817
2118,2653
988,2251
1062,943
988,2746
703,714
27,636
8053,7791
2688,5215
2565,1247
943,1538
11,228
4076,4037
317,1622
2052,968
836,1428
2114,2625
1928,3408
737,7341
5697,5638
4673,4687
5022,3291
2909,4310
11,2257
87,6496
3300,2594
2145,3084
4760,2014
2967,4814
6619,5800
6518,6327
1820,2499
3284,3785
5529,5839
1661,2210
862,637
2707,4037
3456,2001
100,560
788,5620
3394,2727
79,94
5002,2940
3031,3200
2565,6596
71,299
722,856
5669,4335
2115,5828
1935,1855
6030,4041
44,2157
4125,4055
556,407
1374,7391
3593,1403
7867,7871
5822,6505
7887,7890
1151,1236
4343,1823
1622,3580
3004,15
813,2400
1473,1692
3522,5233
2653,204
805,1055
2954,2955
634,2289
4468,222
2972,4012
5381,5392
13,341
1631,1168
1838,4233
7057,6414
4751,2775
319,878
2367,2475
5179,5739
4013,2369
2842,2651
1032,1997
5871,5524
3641,2134
6359,6901
3454,4013
369,370
6906,5773
1549,3010
111,600
850,7400
909,7478
5655,7529
4818,3334
904,1390
3015,5630
39,54
2851,6337
2120,1492
6160,4037
3059,1919
2237,2114
6615,7423
844,432
24,3089
5081,4247
4828,6432
2713,2411
4894,6340
2972,4986
4926,3962
872,1811
7294,6979
1034,4828
856,4820
7378,8124
6907,6123
2237,2697
5321,5449
2857,2264
317,1726
4666,5850
3055,465
1496,1377
4151,5459
7231,7116
1549,2290
11,1220
1665,1471
722,7553
3724,1453
5674,4986
3390,4986
2474,4013
7055,3885
5612,6328
4219,3835
4099,5033
3614,1769
275,2794
7392,2940
4355,5341
730,895
2923,3020
712,1774
4792,4796
3381,6774
4377,4044
1166,3307
5140,5188
1661,4037
6914,7497
6834,6833
2093,2643
1697,5773
457,3803
5827,6123
2507,1297
5193,3919
1496,1648
4099,5263
3603,3433
5524,1403
5291,4824
2964,3033
1585,1482
5140,5584
6993,6979
3813,5404
203,600
4795,7023
4967,6096
2972,6982
3290,2597
5531,2160
2085,2685
1097,3926
600,2625
457,5792
1997,1700
334,1413
789,3897
72,7620
5177,7620
457,2328
791,1022
1525,1514
2552,7005
2693,3664
2356,4269
2621,2160
305,5130
1808,72
3888,3892
5524,6665
826,1987
5859,8224
6169,5624
5630,6306
1837,1315
1241,1297
3586,7400
965,966
1985,1621
3757,2657
2506,5208
4712,3015
1608,5822
1549,4261
182,1127
988,2371
2214,3136
5480,4929
5111,5130
1991,2547
2658,3681
1594,1297
6649,6227
4211,2790
789,1080
3796,3014
3381,6901
2908,5233
4824,2516
1374,1353
3973,4181
2547,2325
704,765
1428,2973
1151,6552
4899,4587
6924,8237
31,506
3005,4021
7617,7620
1799,4981
7053,6993
3095,1814
4858,2237
766,4529
2688,1357
47,163
4363,5524
46,252
41,227
5,299
35,1193
996,6262
7227,3962
6023,6261
6615,6994
907,2211
494,8287
4174,4179
319,3192
922,1490
788,3614
2369,3456
4347,4037
5787,1648
2507,2375
2688,3897
3352,1453
5188,6496
6709,5210
1097,3274
215,350
5980,6714
2411,3587
2249,5404
5079,4666
5365,2822
4076,2144
982,338
143,762
1103,1211
302,3724
632,282
1707,1267
3877,1310
3449,1310
766,3293
6443,3310
89,3921
2411,3439
2237,2593
4324,2565
3451,2289
1328,665
4828,5452
1608,2435
1799,7012
6218,5210
4036,5454
5178,4986
5189,5529
2065,2240
5099,4191
1811,7280
10,261
5816,6803
136,7054
3326,2356
1473,1893
19,564
2565,2686
1151,7012
2697,2231
2565,4709
5079,7108
3635,3926
11,2114
3466,3969
1352,2151
2462,2182
2900,204
14,8285
7344,155
80,304
2871,2550
1097,15
2707,7301
2256,1049
1278,1412
1006,230
5927,5210
1463,1035
3969,3144
762,691
306,313
7294,5806
3032,5822
3456,2811
4661,4037
4142,2240
11,1985
695,2145
6327,5288
8046,5812
2564,6437
29,895
1501,1322
179,673
74,918
2908,6004
2541,3408
5816,4604
5125,6555
4219,3843
1286,3680
3466,3473
47,2062
1772,2619
103,665
306,936
2406,2356
986,3348
313,2801
1972,3148
6598,6599
2872,3681
11,219
3985,5002
3352,5233
3452,4811
3557,2257
2831,2674
172,762
7153,6907
1814,1416
7053,6618
2565,2787
1210,1777
1354,1372
403,2416
7047,3962
26,50
2564,2657
3624,2746
5295,5839
3813,1307
306,1700
766,3192
663,1211
1492,4964
3018,2653
5582,6624
1470,3089
1836,407
5524,7059
7390,2658
4310,7497
6885,6442
1374,967
3521,3568
2565,5204
1918,3014
1166,3117
826,1497
1835,1592
2576,1159
766,1384
5612,4828
72,704
432,2604
77,700
4574,6337
5173,5529
3026,2324
2379,2859
2326,1307
346,3309
7769,5933
7490,3381
5697,6328
6938,6934
346,4822
4276,4527
5022,6934
311,1326
4535,3537
143,5822
10,667
759,72
3175,2653
2822,2322
2871,3030
1767,4138
1259,1633
2256,2547
1748,5738
7005,6774
5079,15
2290,2973
4310,6913
4282,3334
1767,1165
6486,6600
2572,1935
4662,4037
1282,3557
5022,4099
5106,1403
2700,3807
1380,1418
3026,4261
412,838
2565,3843
5189,5289
3456,5176
5081,2398
258,1360
2697,1769
5524,3792
29,7119
5096,5683
127,3804
5207,6302
2237,4256
5199,4483
3469,3084
3326,4162
1247,1297
3614,4037
1772,2798
316,559
838,866
3290,2585
850,1026
3645,3650
47,93
2595,2264
113,1297
634,290
5531,6441
766,4297
1807,5484
1042,2470
556,645
3919,4315
13,232
2257,5072
6784,7131
1127,3489
325,606
5188,5780
259,1075
423,1956
5177,5423
789,3554
1074,994
3858,3059
805,993
6424,6481
6495,6496
7618,7092
872,1279
2113,2880
1496,1166
749,7587
5811,3334
7614,7952
1098,2341
7231,7699
1135,1428
2967,4827
5166,7131
844,1717
8162,8174
3453,2516
2114,3404
1542,2364
6865,6560
3568,3661
3990,2535
6502,3238
457,4065
844,545
996,2774
5001,4792
432,999
6175,3498
706,1442
6581,2285
6906,4361
2381,3443
4488,3352
68,5527
5806,7529
4967,5721
2511,7647
28,613
3378,2160
334,1286
5861,5863
4429,4661
2120,1140
26,3
2913,1305
86,8291
72,1131
122,95
1151,6481
2135,2560
1386,813
1143,968
3724,3645
4212,2917
7378,155
722,1596
1799,3452
4316,3447
813,2763
4967,6930
5188,4994
187,932
1813,465
600,5714
5173,7146
7171,5079
1211,2007
2940,3804
47,182
2693,2371
135,656
695,1222
763,665
59,1808
1395,1297
1756,2966
5185,6850
1062,836
3812,3024
6907,5148
109,3897
1644,6498
1022,1167
2651,3059
5761,1733
4567,3454
2972,7185
6072,8073
1661,3145
3601,6156
2551,1211
2572,4051
42,2181
789,1220
2229,2629
285,2643
3598,3192
1615,506
68,3352
988,3769
3394,2324
1029,1186
3611,2973
787,565
2485,2508
1254,1062
1098,6665
2651,1777
3006,3050
6305,5998
1667,1669
3659,4411
4709,7890
2485,2384
2384,4781
2485,6600
4046,5902
2456,6770
312,943
1133,2612
3168,2328
6447,4712
143,298
21,439
686,687
2297,3034
7052,4934
2699,4709
5262,5972
2693,4247
2326,3548
4899,5626
3010,2326
5800,5697
3830,2240
2145,3260
3478,5335
1000,2571
789,4530
1419,2617
4824,5780
4948,2001
306,908
872,5499
5103,5799
2559,1385
2660,2593
856,2619
2544,2328
795,853
1868,1583
2052,1717
7047,8276
6220,8297
2118,5605
4828,6106
1267,6170
1167,1608
7865,8163
3375,4385
6292,6296
6492,6496
371,730
2802,4964
3225,3615
3456,6832
7023,5772
7792,6555
1762,5829
825,1166
2237,2251
2564,2940
865,1092
784,2625
334,1307
1823,3460
993,334
8050,4432
3047,1919
3032,6437
7023,7215
2804,974
5816,4536
5984,4791
6360,6736
6305,5814
4792,5871
109,6951
2660,6869
1772,2501
6360,7119
5873,5891
2569,56
111,636
6204,5800
1167,1022
766,4435
645,72
2133,1390
941,647
5177,5254
2379,4179
2145,2790
6772,6901
231,611
2941,3970
1772,1496
3642,5479
1717,3144
2646,1734
5582,6221
2688,4578
6032,5529
1386,937
3462,4011
4045,5545
6305,5824
312,1035
981,697
6270,6913
2240,5827
6458,5760
2802,2354
5457,3191
2686,204
3439,7632
1615,171
5427,5527
3168,3812
6241,6097
935,853
5824,1648
5531,6041
5079,5739
2237,5430
5802,4875
1042,4653
4441,5204
633,789
6714,6976
1835,4424
3005,3319
796,797
6082,6424
5697,4764
4071,7632
5857,8212
3463,4735
109,6156
5543,4715
317,866
4077,5392
3541,3922
6299,5596
2240,8083
3965,5932
2237,5449
5173,7225
5489,8051
1522,871
1982,6869
1055,2790
922,1787
2331,5714
4073,2134
1980,3321
4994,6299
4653,4661
2508,214
1749,3033
5862,8295
3404,3114
795,317
1756,2073
68,5096
405,2859
6,171
7057,8237
1055,1034
3020,3099
4151,3443
2565,3557
3032,5799
3633,3898
3032,5449
11,664
1732,1811
4967,3586
722,608
1236,971
5180,5925
3767,4403
28,34
1549,2264
136,5936
1098,6955
2576,3443
5193,5188
5022,2285
457,2516
1006,1518
177,214
3168,2859
6082,2914
3567,4043
1236,1035
1991,3253
4527,4645
5612,5233
8,607
4099,4712
3010,1166
2982,1596
3995,5757
4748,4987
7697,8168
4041,5844
1357,2794
6626,2620
4574,7632
178,1966
2297,3661
1420,761
367,8287
4041,3089
2988,5262
3402,4463
6907,1191
1133,3447
1549,4310
1914,1658
11,3458
1730,4037
3449,4706
1997,2181
335,7688
1608,1566
1644,230
457,633
2547,2371
635,204
6608,5254
127,5254
25,214
813,4138
1319,1487
1675,1279
1236,1201
826,1754
845,838
1365,7795
6649,4037
231,178
1919,2470
2072,2323
3381,4764
5342,3586
4063,5412
6615,1403
4534,8178
825,4678
928,2508
258,6262
1492,2256
2369,6665
5741,7295
312,1221
1613,2790
1074,5596
5128,5130
4550,4448
2342,1211
7057,6417
1114,1222
236,592
1661,3962
66,1193
3352,5222
87,1549
2276,6725
871,943
5773,7143
826,1492
600,665
691,6930
5814,6665
269,429
1570,2385
2159,2241
7052,4071
993,2619
3666,5592
1210,6930
2964,4290
4673,6388
1647,3005
4073,5130
3450,4072
3020,2697
11,1638
1707,2076
48,664
2618,2174
1919,1243
2069,2571
3624,4485
5189,5487
4899,6251
3297,4384
2842,4234
5136,4536
2576,4037
922,647
5068,5096
1000,1600
5022,6803
4351,4510
2689,5412
704,857
4756,72
11,739
3691,7161
3084,6980
1972,2371
1046,1425
86,750
7902,7391
5822,1972
2297,2456
5524,7050
1374,2547
1922,5073
636,715
5802,5638
2651,3258
3191,5321
3449,1247
3028,737
3455,4666
2560,4256
1029,1537
3666,1799
2135,2851
4315,5412
1470,1641
707,1564
1814,3645
2654,2550
556,624
3614,5226
2365,4110
6774,6913
3348,6472
5608,3897
993,1151
5531,6000
282,1501
4045,4748
626,803
2549,2955
36,1297
996,3148
3449,2775
4489,2535
5216,5141
2274,2625
1814,1315
2237,4662
1167,2686
4437,5776
2307,4024
4211,4417
2065,2660
4099,4780
7253,2851
813,2669
6,319
1133,3456
172,8291
3028,6529
784,1814
586,403
109,7021
5697,2785
1521,3117
4116,7632
3081,2593
4076,5106
310,1103
5802,6174
3009,6417
2691,3568
311,1973
3062,2593
2145,3873
1319,3307
2565,4031
1701,2981
948,1726
1051,5022
4036,5404
3527,608
4632,6156
2375,4712
173,1407
3568,4191
2481,3293
813,817
3457,4557
922,1022
178,2398
4363,5543
55,1080
2369,7924
321,1190
766,6299
3349,2016
771,1701
311,2963
2688,5188
1135,989
941,8291
2565,6613
125,35
87,1193
5106,6875
993,1111
2707,5637
4065,2787
6305,6780
6123,5524
1468,4103
24,2066
157,1487
4412,4417
7294,5811
3643,3417
44,947
1608,1061
1166,4191
1922,2470
3976,6278
4898,3854
6270,7185
1267,1285
1473,1284
275,1997
1691,1769
5484,15
5180,4795
1538,2618
4967,3089
4981,4604
5814,8295
5489,4600
1767,3033
37,2775
121,8285
2660,2787
291,3034
1098,5819
317,981
1582,993
2565,2605
766,5002
1167,506
5110,5132
12,756
1823,2565
4653,8295
3614,5743
3439,3258
2326,762
6618,5524
2657,2727
4483,5790
7280,6560
20,1075
1029,1038
900,1323
110,705
865,769
128,1780
2967,4574
2909,6774
5927,7588
1166,2276
697,936
1305,3973
2326,4402
3854,3192
1210,937
4178,4179
2009,2830
2256,3276
4124,2364
4598,5072
58,23
1006,1222
759,317
5482,4600
255,1166
1319,4162
4151,2328
2109,1453
6618,5543
304,322
695,893
5342,7778
3463,1360
7570,7778
2119,856
6772,7021
5445,5828
2654,2585
5617,6246
1133,4558
6494,2160
3402,2822
109,4361
766,1267
2700,4162
3956,4335
6510,3297
1442,1319
3258,6897
417,433
2967,4661
5103,7694
5802,5872
1267,1707
7092,5745
3009,4529
1470,1816
37,50
2535,5412
2233,2193
1537,1291
3443,3026
3457,2398
6248,4717
1267,3800
1538,15
1133,5605
1367,2674
3531,2290
1888,3843
6844,5596
4967,5092
6305,5827
3447,4934
2099,2193
763,1211
3028,3319
960,1956
3787,7632
3452,5061
2654,2371
1549,5341
749,7778
7231,7683
1822,407
5818,5263
3666,2859
3621,1157
2704,2654
1601,861
996,5637
36,2620
5024,3537
6615,6001
2236,2593
4335,737
3833,3892
5921,5925
2655,2371
852,4687
1977,1565
1549,3615
2940,3480
1571,3473
697,691
4070,3276
970,784
7294,5179
3571,5818
772,798
825,2066
1319,1279
312,966
5820,7757
1319,2095
996,2323
5817,4795
5697,5563
5524,7237
7057,7788
6486,6000
280,488
172,2348
788,6334
2713,3576
1098,3346
3956,3454
3479,4037
2585,2587
2001,4355
5655,5863
2654,1915
5179,5002
2062,1613
2689,4247
6993,7279
3454,4510
3352,3417
6545,6663
3394,3914
2326,3376
9,664
1243,2128
2356,2973
224,806
6658,5563
7301,7979
4315,4735
1594,1836
7675,7994
1165,4037
5192,3796
1522,2593
2256,1100
3028,3567
4,151
1063,1603
3735,2210
3101,2072
3449,3812
86,1835
1395,1236
26,362
1350,1022
5038,5928
2367,1097
996,1234
578,152
1305,1453
457,1151
3144,2371
1583,2900
6305,3291
1236,1394
1098,6568
3258,2398
5008,2831
3569,2747
1502,1234
1680,4373
1428,1248
304,1428
1492,1555
3028,2256
275,2790
2724,3847
2701,204
3453,4212
5797,3634
1006,1200
12,1573
706,1193
3252,4011
5188,4604
3209,5182
1553,3568
4967,4798
5771,6634
3601,4191
1062,2830
4967,6078
2840,2470
3262,3480
1583,2174
6116,5487
769,1043
4487,5564
1305,2693
3956,4531
1164,2385
7614,6320
1925,3587
2236,2662
7421,7279
6494,7362
2109,2535
3641,3615
3917,2440
2565,3670
5286,5335
2118,1714
1037,4335
2576,6980
2258,6330
6299,6305
173,1908
1847,2747
317,1190
6624,6934
600,742
3526,2411
7865,7517
310,1061
2485,7561
4065,4290
7666,7701
1473,2004
310,432
5562,5189
5697,6262
432,321
3451,3014
7228,7620
7017,6774
1537,1816
5822,5199
4046,5773
341,2625
2608,1723
2815,2322
2297,2508
6456,5714
432,844
2689,2257
7212,7214
2842,2951
1549,2585
600,2297
2485,1984
5697,2774
2197,2470
1700,1353
639,941
1135,978
5781,5445
3032,3910
805,1855
967,8042
4824,5182
3835,4827
2545,2508
7054,7553
6526,2160
215,1747
2485,5721
1308,1425
3568,4265
2719,2720
5969,6417
6993,7810
4653,3453
6934,5529
8036,6780
1473,5714
3691,3537
1090,943
315,873
5079,8277
813,2790
2696,737
145,1321
2398,3926
2290,3769
2226,6330
781,3755
1583,3265
4041,4987
308,204
663,868
1428,1151
4550,2258
2427,3479
3956,5484
1769,1164
697,1259
1037,2137
3498,5863
5524,4071
2560,3812
5176,5640
4844,4600
3971,3661
2967,3192
2871,1814
6620,5776
371,4735
215,1261
2485,3352
2404,1842
2688,4212
457,3089
1137,3059
3642,6634
6941,840
4046,2787
42,545
742,2721
766,3309
1525,1322
4828,608
5822,6913
2411,2974
312,710
2967,4938
7047,8132
697,1513
3854,15
6501,5254
5263,5482
15,33
5806,7882
2435,1637
1585,1723
2565,2225
3095,2231
2472,1734
5531,7553
1374,4534
115,108
3787,5392
4976,4310
3635,3650
5697,5947
7744,7890
5455,6600
5839,5827
3560,4481
5697,6221
686,1277
7121,6832
5179,4687
232,600
7266,6634
1055,1375
697,1032
6596,7763
545,999
2565,3125
6744,2160
1009,707
1133,1476
1221,1035
4526,4983
1922,2955
46,838
3787,6328
306,3015
4712,7279
2504,5233
6242,3873
705,958
2765,765
5606,5832
147,3787
856,2338
5110,5210
1350,1652
2009,2091
1066,1131
2658,6442
4948,6634
2658,7381
1937,1473
4829,5335
826,2838
1972,2958
4569,3140
3227,5301
3965,6044
4036,2134
7012,7414
6510,2160
5761,5226
3641,4653
914,407
3447,4815
5582,4795
3059,1437
1915,5262
5110,3813
5457,5683
2658,7587
1350,1793
789,904
4948,8124
5824,6901
3259,15
8,844
20,5780
5188,4488
546,1858
11,1296
3352,2646
5818,3873
2713,3926
5103,6400
956,1613
5110,5412
103,144
4441,3433
3752,5412
1377,5412
4441,3453
1055,1484
1166,763
946,762
7352,5148
2209,2410
68,3443
1374,7632
8085,8198
634,1717
11,1680
128,2276
3028,4983
120,214
5967,896
2693,8293
5046,4124
663,86
1756,1811
6305,7965
7378,5872
4988,15
2440,5412
2967,4485
3160,15
3522,4875
5531,3897
5871,5079
4531,3956
128,2322
140,431
1783,2322
766,4964
8202,7233
2565,2016
2565,3073
383,659
4988,4310
642,657
4040,4811
946,1360
3794,15
5913,15
1166,4256
1772,1723
3686,2654
1922,2996
2371,2053
4123,1157
1419,2323
3812,3089
3394,2209
643,958
879,4011
3005,974
312,1128
5215,7553
3786,2398
1279,2973
6504,6505
20,1321
3375,2859
4662,4820
1046,1580
5697,4687
2109,4424
3591,4578
7296,6976
2623,5002
2596,765
3794,4361
3209,5026
2909,2910
3375,3276
1029,1484
36,626
5655,7279
255,657
618,955
2379,3480
1128,1641
5624,2507
2062,1267
5770,5178
5099,4587
3461,5215
871,290
634,853
6522,5871
1972,2625
5862,4712
1487,928
4212,4777
8162,8192
556,4124
826,1199
1297,1585
4948,4400
3586,3897
993,2859
7865,4981
3144,3480
1395,1291
2693,6595
1653,2814
2646,2625
3447,7662
20,1680
2145,4953
1098,7666
5179,6098
988,2651
28,645
5531,4764
879,3897
3969,15
1151,4706
4948,3456
615,246
3586,5814
25,271
1469,3755
1167,1484
2472,2830
5934,6901
1285,853
4899,5452
7682,7574
920,1490
1767,1473
3451,3309
407,1884
4138,2328
5173,938
2504,8174
7333,7295
11,1901
1564,2713
4981,5714
6776,5829
3788,7809
147,1705
89,2145
2411,2687
4718,3796
1442,1000
1097,2470
2240,7662
650,1419
3009,4373
3092,7092
3728,3458
5655,5254
4212,5255
1455,1464
7904,7927
92,302
1717,1185
737,1823
3092,2831
4828,4098
695,549
1962,1622
3948,4263
4859,5130
319,311
3404,5994
1403,1199
3460,3464
4653,3447
1133,3352
1297,1193
7231,938
2508,2542
1792,2055
3819,2859
4144,5886
2240,2504
7490,7695
2988,4600
1667,3796
556,3018
6766,7624
237,1956
6522,5254
3666,2456
3168,825
4364,7351
3787,8237
2237,3439
36,4574
12,349
2688,4815
7210,7214
3144,4212
706,1330
182,971
3095,1754
7378,7587
1615,1983
859,2409
1151,2258
5773,7662
993,1580
178,228
3456,6498
5173,7373
5103,6566
2688,5426
704,873
11,56
1055,7047
3633,4110
4712,4175
5028,6665
7335,5760
2065,3456
2323,2815
310,5210
978,1165
2693,2252
36,762
766,6044
4712,3643
21,637
94,273
784,1080
1167,1200
1808,8293
810,1297
7055,7871
5696,6599
5854,5680
5604,6765
5029,5449
3541,4049
6731,6665
3466,5301
4297,7620
4065,3454
2099,2062
1608,2097
6032,3726
2491,2182
3445,15
1814,856
87,579
1184,4261
704,673
1169,1847
7687,7120
3635,3291
3445,1549
3031,2398
5617,5022
11,4808
6320,7214
1984,2252
3719,4013
988,3173
3854,3034
3925,3897
5922,7561
3394,825
7697,8132
1142,960
1088,626
7400,7553
2658,4645
5193,6595
109,7052
457,3371
5006,72
1982,2062
6993,5466
3642,3897
57,675
3352,3937
3026,2371
5630,6665
457,5705
2667,5301
1615,290
54,214
4205,5963
2559,2805
3813,3276
1859,4071
4632,6422
2111,1407
7129,6299
4534,4796
86,55
695,2576
3456,2364
4564,5452
5697,6803
24,4953
2229,1393
1207,5832
6422,5822
7964,5020
2968,2653
4335,3084
6486,7436
3646,2657
6299,8297
650,1297
3587,7708
7235,6907
2186,2174
5189,4400
4169,4216
3439,2209
4144,2066
1137,1734
3641,4884
269,817
1029,1497
813,1919
11,826
2135,4037
2485,1596
100,378
11,3892
7239,3000
2085,2435
986,2763
1707,1705
4717,7961
3459,4400
789,2625
1871,1717
4371,4219
7769,7879
2845,1723
1496,1726
2500,2501
1062,2657
1473,3680
158,477
730,1026
615,694
39,29
7969,6422
4310,7119
1301,1203
1395,2085
3026,825
320,299
3037,2651
3451,4466
7092,7952
764,2120
1891,5539
2872,2790
2972,7734
2871,72
3569,3026
1374,5254
865,2398
5143,2851
166,2411
1670,1847
5806,6907
334,885
1167,1201
1833,2112
3032,4795
3611,3769
993,1416
5002,5204
1000,2877
2565,2210
1352,1200
2565,3520
2564,2237
3556,2114
4509,3537
904,1151
947,2066
7769,7890
5189,6278
1552,968
4673,6570
2003,2727
1062,1700
68,7168
5184,2831
825,6628
784,1166
2497,2625
946,2575
5188,6955
1133,3607
4228,3615
1875,2102
3479,2134
128,407
2619,2371
3615,5817
5321,6632
4948,7833
176,1123
8,28
3660,4453
24,710
5822,5998
4353,3634
4397,4402
4144,4037
5321,6023
3762,2657
4598,5301
715,857
8,132
1381,2066
145,1297
5612,6553
2688,762
113,686
1135,2128
3568,2398
2796,4037
1360,763
128,1950
2557,4298
2256,3023
745,746
3028,762
5185,6221
2900,2790
6907,3238
3026,3106
87,204
1615,1407
306,2900
2619,7809
317,853
5079,7924
4364,5083
4632,1159
3394,3942
4045,6124
5812,5626
122,2955
1078,259
7733,7810
2737,5073
6934,6736
2623,5254
1166,665
8157,6634
663,857
3290,4824
7045,6980
2033,5254
14,2643
1133,4037
1596,3842
2605,5650
4967,6156
1428,1199
2774,5121
3985,2066
7350,7618
1006,4037
3483,6251
2653,3173
2507,2225
5796,6869
1166,3014
7047,1191
3098,2116
879,259
1357,4256
6984,6555
943,1164
304,1248
457,7791
1522,1791
3055,3480
5819,5545
1608,1723
6116,4875
663,947
3453,5737
2863,2470
1216,941
946,2400
948,6832
3451,3073
5802,938
8085,7391
1542,3092
1767,3291
3614,3443
1182,1222
3394,2411
5488,4600
1463,3144
5286,5375
922,1160
1279,1608
3787,7497
825,3456
6359,6327
310,769
432,3027
1055,2504
618,895
2968,5148
5772,6004
6004,5233
7188,3726
2299,8294
1166,2724
2972,5524
3615,3660
4967,2925
3447,2328
2535,3458
6907,7131
2416,3251
825,2653
3453,3140
1542,5743
5180,5848
2958,3352
1428,1628
306,706
2456,5028
6,1168
2871,3456
784,665
3568,2657
125,637
2646,3307
2565,5582
3571,1688
3381,6347
3402,3720
3200,2411
1748,5817
6359,6501
6941,3726
3719,4299
4828,6054
4681,3334
993,1165
2842,3489
852,993
4483,4500
2285,2625
996,5162
6596,5079
28,584
3274,3084
110,882
722,5263
3375,2485
2688,1024
1034,579
1353,1848
1319,762
2542,1637
4197,3144
1807,4653
3453,5780
2842,2597
2778,2877
7080,8174
182,1131
2326,3084
3402,3460
7682,5020
6043,7280
3521,3498
2918,2375
6657,6774
7236,5079
699,1222
311,1769
2145,2364
2967,4662
4036,5061
86,1672
3010,3404
5006,2775
1151,1492
5600,1473
75,600
181,271
4224,3352
2133,2922
101,477
4547,3956
2842,4349
7057,7529
1972,2819
1487,935
72,959
6914,155
1210,1678
2667,6105
4440,3958
2323,2225
1037,859
7295,8249
2118,2968
2618,2657
7236,5002
7231,3885
5552,6833
706,35
4899,3842
6634,8042
659,545
313,2106
182,56
5295,5780
937,1888
1151,7063
971,871
127,35
6875,4432
3655,2693
3615,4179
4483,6979
4894,3274
2646,1808
5182,5828
742,2435
432,1808
6414,6567
2651,3130
2871,5737
87,913
6045,3334
5800,3897
5817,7023
6624,7092
2065,1323
1151,6897
1151,764
2290,3005
4686,5387
4063,4735
7171,7809
633,6004
237,746
4673,5827
1552,1566
704,5204
6924,7757
4805,4814
305,1282
7405,6875
3452,4551
697,4266
1210,1127
2565,4547
3835,5454
3233,2285
3021,4071
2688,4453
5180,2354
166,829
2186,3148
1128,2968
5028,6498
6941,155
55,1432
308,1062
3601,1799
74,956
2737,3089
2516,4706
425,407
5834,3643
3168,4323
3614,4483
1875,204
2257,3253
7153,8148
1492,1893
5855,5123
2967,5058
3956,3180
2707,4422
1888,2210
1200,3099
2623,3320
2145,3843
742,2097
4077,3562
6280,5289
4824,5891
1380,1167
2456,2504
2240,1074
1469,971
412,2397
2121,1111
1135,1580
975,3205
686,861
66,1026
1233,922
2547,2794
3472,3635
87,2925
961,1956
3615,4269
556,1053
7515,7088
805,1322
4476,4480
766,5776
1395,3265
7466,7467
3482,3028
215,1788
2831,2381
4212,4631
4310,5321
1006,956
996,2120
7019,7021
2972,4811
4717,737
215,257
6440,4099
1246,545
1717,722
3427,8293
2225,2474
47,704
8173,5738
306,2328
5124,5130
737,7694
600,637
5775,5079
7236,6993
1997,1757
311,5922
4483,4828
2972,2973
4860,4875
4441,5200
737,6634
28,8
3624,825
3666,5947
4653,5354
854,3873
4653,2552
5022,2160
5016,5529
1538,2411
7456,7131
215,993
4818,2354
2623,4666
1470,5210
2967,8293
2851,4940
171,1192
310,2174
5512,3456
2654,2825
825,3258
556,2623
310,1487
6,54
72,943
7614,7632
996,4875
974,2209
2328,2619
5714,5804
1032,1603
646,2697
109,4483
4760,3911
127,3443
3568,4078
7352,7092
6859,5022
7047,7662
1583,2625
7086,7620
7131,6123
3033,204
4792,6032
5053,4632
996,2576
2972,6765
600,1979
31,8285
312,439
3168,3787
3191,5288
3352,5817
1749,2707
856,3338
4988,5178
769,1418
1948,2378
127,130
1127,35
457,6376
3456,2689
5457,5828
81,477
2713,3260
2258,5773
1537,3897
7354,7351
5616,7108
4211,4780
308,350
825,5262
3705,3804
2229,2475
5262,5872
11,4179
674,972
1062,3307
29,396
1258,1062
4310,3976
1549,2932
1700,2777
1661,7924
5187,5123
3527,3529
5002,2276
3032,3291
600,2660
5439,6715
5189,5651
5427,5947
6305,6462
432,2932
3956,4578
4041,5200
3084,3334
3209,2625
1352,993
922,299
1492,1783
6494,5233
3949,2595
35,348
2658,7946
6218,6784
127,3520
3466,2209
2156,2205
6484,2851
319,5026
5452,4335
35,1465
3455,5026
600,3458
2565,6994
552,1026
909,938
1279,1489
3666,2900
1700,2646
94,873
2176,2654
2700,2660
5802,4099
1552,1893
708,1154
3916,2871
3948,4234
5739,5527
60,1956
1374,2398
5787,2276
3057,3969
86,2397
1297,1248
2156,2670
4673,1972
1608,1752
6772,5871
7865,6044
7614,7386
6714,5289
306,429
5709,6707
6916,6503
4077,1799
7808,7809
3614,5844
1847,5132
4222,4666
1419,3473
265,32
2659,4024
2290,3580
4001,4220
3000,2144
1166,761
11,2958
706,1718
5816,3479
1305,2747
996,2693
761,989
1428,1781
2549,2371
5079,3614
2654,3926
306,682
2565,7994
1550,2328
1608,1407
1132,204
5915,7012
4489,4811
1160,971
3447,5743
4267,4269
4437,5199
4072,1549
4151,7553
1210,1749
766,3200
1133,4138
4099,5215
3586,6770
825,8246
1972,4600
27,6
4960,1972
5020,3027
2789,1211
3092,1814
3392,2822
4662,4797
6859,6860
3744,3745
94,859
2704,2708
403,2834
1424,826
2256,3576
7335,7791
996,6432
3032,2585
2290,4402
1772,1774
7904,7912
4109,4110
4964,7101
639,857
1133,3089
766,4098
138,19
6006,6441
1319,1201
697,2517
4186,291
1848,2763
3586,5753
173,704
1305,2597
1135,1378
1549,908
5531,6156
78,793
3034,4212
722,2571
1496,2595
2967,3029
2703,3429
5787,5947
5439,6790
3587,2674
852,1692
2565,2844
310,3967
5800,7144
2565,8224
1063,6832
706,579
718,715
1395,1444
4967,3919
1487,1991
1549,2828
3381,8122
5862,3089
3451,4311
5342,7647
2654,2297
5485,4099
1823,737
151,28
3381,5932
4483,6360
1185,1973
697,643
1279,1441
1166,2900
1614,2256
6934,6097
3660,3352
2516,3976
794,1564
4598,5863
1009,1125
5263,1473
996,2385
302,363
1166,4527
4045,5684
2655,8293
766,1031
1922,3150
24,1165
1823,5651
321,308
25,893
3334,3645
4717,6576
1055,2576
5543,4944
5423,6337
270,1378
1210,1754
3633,4162
3647,3352
157,1114
1496,2071
1772,1791
5382,737
6907,3000
2654,2819
4045,3643
68,5323
3956,4983
996,2231
922,1230
3455,2144
2791,2877
2370,2484
71,5714
122,3458
4948,3015
2859,4531
5810,4037
2565,3050
109,6946
1772,1805
1253,1428
5800,7588
6753,2160
3026,3258
733,739
6626,6715
2658,3106
2369,7088
3969,3897
3678,3480
2698,2297
4175,3498
310,2322
3635,3007
2713,3813
1006,2073
53,15
3028,6376
1386,1649
5179,6715
1553,1816
4686,5683
2560,2968
766,4653
3917,2646
1549,1653
171,1689
636,806
1006,935
2576,3021
1501,2290
2472,1918
570,152
2651,4735
6305,8128
643,1123
5800,7092
275,2838
5814,7620
304,1903
3956,5022
5028,7809
168,789
2871,3443
956,56
2651,2594
1542,7381
7902,3293
865,2685
689,873
2237,2209
1522,1780
3333,3148
3304,3018
4219,4124
813,1239
29,3717
3449,2258
1200,1956
722,1232
7518,4632
1339,1585
971,1849
1137,4041
2120,1166
3084,2114
2118,1239
1594,1496
663,290
3417,2134
6848,6327
1756,2435
11,2060
7682,7092
2129,3439
2688,6221
2697,2144
1820,2585
766,5404
6702,5872
5691,5457
2542,1723
5079,5891
32,517
3456,4402
3965,6976
854,2801
3256,2398
2688,5637
1549,2410
697,1636
2623,6447
5788,6023
25,600
1024,4735
5591,3291
1483,1859
4829,4712
5524,3726
5796,6570
2241,1700
1549,1453
579,1186
8,440
311,1525
7092,5872
3641,4587
1888,764
1814,3720
6218,5079
5423,5638
4429,2871
5821,5254
2240,2322
6615,2565
6305,5246
3010,2707
789,959
3248,633
5811,7381
2102,3912
71,1915
766,5828
1972,2657
5600,2258
904,993
943,35
1717,3447
7511,4981
1919,1200
3491,8293
3390,2258
5479,5529
1368,2565
5805,6501
2474,3029
2224,2625
4127,4463
6619,6596
7080,7414
742,941
1204,2651
2674,2576
2256,3897
2118,1792
545,55
1305,1563
2691,5404
2093,2587
5472,5452
457,5804
763,4335
1997,1585
89,151
634,4929
5181,4797
2120,4179
784,2973
4828,6567
6,219
5655,5972
6753,6890
1749,3483
1948,1621
211,28
3326,4662
826,1723
5079,6632
2240,1018
2237,2456
4733,4335
695,325
3015,5226
3015,5638
1062,1814
3018,3140
5697,5743
922,1580
6714,6299
5822,6869
4867,4875
2176,3164
7682,6914
3601,3645
180,3010
100,232
3274,5226
5439,5563
4044,3607
113,1701
5684,5176
635,407
6460,6567
7092,5529
1489,1701
457,1811
766,5200
7086,6174
1167,8292
1211,665
7280,5819
6305,6590
6346,6560
3458,3480
7394,5643
3524,3529
2688,5445
11,748
2871,3661
766,6151
1075,1140
3350,3352
4099,5176
912,929
3691,3615
1608,5897
6596,8249
5423,4483
1848,2053
259,8294
1386,1973
1305,7108
3449,6098
36,2871
4943,4124
5119,5144
1305,1646
1305,762
19,54
1335,1555
2972,6472
825,5640
2003,2338
4824,4981
1501,1687
72,1573
737,5002
161,3429
2747,2900
5814,5812
345,581
2369,5739
3394,3276
556,1919
2003,2657
1151,1997
2619,7092
2700,2338
5032,3334
3854,3452
8272,4940
2619,2328
3007,3903
5582,4666
909,7407
2416,1211
6305,2620
3965,737
4310,5994
5817,5524
1689,1031
1667,3276
1622,1966
2102,1473
2135,4820
4082,8294
1792,2060
3682,2565
215,252
789,4712
697,1007
3977,2066
4338,6833
4948,5392
1549,2456
1305,1723
844,966
4219,3309
101,28
197,1075
1521,993
2326,1633
766,7115
3498,5683
4073,6105
7685,7683
4065,3568
1374,4276
5190,5467
5006,2369
1691,3309
8,61
6146,6337
5915,6914
42,2475
5543,5335
1055,6328
2851,5922
5800,6156
1098,1991
1799,5563
2587,4349
3796,5963
2660,7809
79,236
2932,2547
2135,3807
2707,2981
5177,6560
139,5459
4598,1026
5103,7647
6624,7620
151,1123
3211,2237
3026,4531
3451,4661
2585,3394
3666,3026
941,417
3454,3976
7924,7927
3451,4811
31,322
663,72
203,1855
1098,2828
166,837
1189,1190
6627,4712
1062,2746
3456,7214
2565,2066
1549,4013
1210,3537
3456,3958
3660,1453
209,697
5189,2001
1203,1291
2541,2926
1029,1006
2700,2973
1538,1248
1210,5822
2688,2237
1646,2339
5391,2516
1496,908
759,981
1549,2411
7131,7021
2697,2619
6552,5998
2688,3557
11,285
3979,3800
1922,2926
2504,3009
3199,2135
4756,4964
3352,1549
649,741
2506,3541
4696,4261
7490,3310
769,1049
7057,7238
1549,5721
113,2157
1050,2101
4127,3192
2623,3892
6305,5233
4073,3192
5796,5002
1647,1548
4967,5106
2565,3717
11,4247
1542,5178
663,1026
275,2504
993,762
3614,5103
6563,1982
4703,4261
1931,8212
1964,4666
1051,1164
4127,5055
2435,1564
4924,6913
6454,6458
766,5739
2072,2091
53,28
2010,2470
317,682
457,3769
2790,5404
2398,4735
1151,7862
7900,7908
251,299
1473,2060
1374,2151
4042,4055
4056,3458
3642,5233
1896,3099
7104,7301
5950,5457
2674,5002
6624,7054
5800,7073
810,1218
1972,3529
4795,7699
3624,4422
1537,1151
1291,2474
5079,6934
5399,3089
6946,7423
3028,3785
3084,8293
1098,7414
3392,2619
319,439
21,802
6772,3885
223,356
1691,3338
4943,7092
2842,2144
2674,2775
1913,1908
457,722
580,7992
5187,5848
634,1723
5479,5886
3352,974
78,659
113,3439
5102,7225
5702,7855
1835,2625
5185,5020
3586,5819
7188,1403
3461,4964
296,560
4824,1648
3,567
2560,2619
7092,8068
126,271
3352,1680
2369,3002
4948,7694
339,893
1697,285
5079,3634
71,3027
5807,2940
7047,5378
3823,4735
2688,3453
178,1482
1705,1297
2968,3724
6518,6784
5524,5037
556,667
7225,7449
424,893
6605,5950
2903,2398
312,857
2369,5179
2256,4809
4355,2822
5189,7131
3691,5902
795,1014
3191,5465
4717,6083
1051,1633
825,3024
600,844
1473,4709
865,1525
737,6953
2297,7587
810,304
173,1805
3280,3307
986,290
2557,2972
4077,3433
1166,1385
5250,2398
39,407
173,2237
3291,3787
2889,737
6954,6955
3258,5524
7350,6832
1133,3806
2790,3114
1549,2571
4824,4828
2593,2693
2774,3897
6174,5079
4415,762
4483,7289
1319,2066
1151,2542
3470,8293
3633,3117
2557,214
2912,1393
6563,6305
5189,3958
1549,1154
3835,4962
2691,2485
5696,6665
2474,2264
6855,5773
4981,7553
2411,1385
5457,2774
3033,1393
284,299
5123,6784
5190,2576
3018,2707
290,1805
2651,2322
6241,7237
2371,2225
5111,4536
3088,7879
1808,1977
5180,5680
2585,3028
1608,2060
7733,7910
136,6805
1990,3646
3461,4072
5802,5584
1783,2237
3969,3854
3794,4653
4151,1769
3321,3238
586,3005
4829,4824
3304,3439
826,3253
2967,2517
53,2324
3916,4653
7140,4037
12,257
7086,5605
2118,2999
173,1471
2509,2638
1766,947
5079,5301
136,19
72,144
5189,5465
982,1053
1048,769
1151,993
2700,4191
3902,4677
2972,3125
2972,6511
2249,2754
2871,2625
68,3614
6270,4361
7104,6976
1006,2128
1395,2516
1374,1151
3813,4055
7054,7593
5172,5963
2972,5335
5857,6496
5553,4071
11,1211
2326,3847
4045,6901
4071,15
2384,3238
166,1705
3290,737
2988,2485
1279,2819
2252,2654
5612,6715
1000,1501
4469,3144
2859,3615
2297,204
3352,3645
8085,8192
4967,4653
7049,7694
2565,2922
5037,7908
1166,3755
6500,2160
5769,6299
2091,2328
2398,3454
4355,5509
1129,1428
3027,3089
3350,3489
5606,5837
5915,7763
6,50
280,908
1555,1165
8054,5812
5932,5871
879,1297
3439,2016
3976,4562
5839,6663
6280,5800
1525,1487
6624,6780
1980,4662
1608,3435
2831,5605
1167,2225
2760,5828
996,3958
5070,7961
8,183
2802,2535
29,936
1615,1920
1623,2693
978,1374
432,7862
7231,7237
3394,2381
5193,6347
1133,2229
2326,3538
6620,6784
2617,765
5203,5020
5427,6096
2623,1919
7901,6946
1098,3297
5485,1548
4040,6709
58,257
1055,1482
4663,4335
2299,2999
5998,5936
3028,4648
766,2474
1706,230
4073,2859
1621,1858
3026,1357
2871,4400
2667,5189
6007,5103
663,5144
1166,6855
1500,1612
663,1222
55,75
311,7632
3660,2066
5179,7233
312,1413
3291,4735
1160,227
5106,2851
4045,1310
981,1053
1111,1075
943,1518
1132,993
3028,1393
4764,6243
265,1131
80,590
122,5392
5020,5860
37,370
2485,4011
383,2770
5531,4689
1151,7788
47,4256
961,1049
1111,1842
1424,1484
6615,5384
1521,3253
1783,2594
764,1992
42,993
1135,1286
154,282
1290,985
7038,3809
1721,1726
1496,1261
1608,2625
3291,2660
5802,7757
2653,3903
3072,1781
5189,5509
325,232
2719,2328
24,1549
6906,7351
769,5254
1549,5693
3787,6320
1151,1103
5484,4781
2623,4385
6914,5806
3145,4299
766,7726
1888,2329
1200,2918
5404,5233
3519,3026
4795,2511
6299,6097
2859,3439
4310,4846
315,407
1928,1927
3020,3089
2474,5055
1184,1319
59,1893
4045,4310
47,2398
6596,7871
3806,4417
2691,1961
266,271
7837,5079
112,95
2473,2918
1492,1654
2903,5404
842,2485
4899,6946
1215,5179
306,228
5675,72
2623,3772
2565,2918
6220,6634
6484,8174
4653,5123
6717,6720
784,1241
2654,1297
26,396
3453,2909
68,3607
7330,7295
7843,5079
3965,5079
1428,975
1381,1705
5022,6552
2972,3568
2871,4547
60,2252
974,2747
5207,4631
2128,993
7775,7341
6596,4604
1125,1154
2240,3842
5543,5807
5524,3885
2883,5640
4937,3002
956,765
5783,5784
3624,3007
2605,5713
2473,2805
722,1566
4662,5452
1583,1757
1745,1746
1496,1585
2691,5817
1151,5445
5495,4977
2565,3680
1151,6496
87,86
4550,5321
737,7442
3787,3394
1496,2900
306,1032
663,761
1772,2670
1487,1248
128,1557
5176,5732
2230,1792
7055,5902
306,1587
249,1248
3381,6442
707,1661
5540,6330
996,2135
2702,2775
28,789
1207,2490
1074,5829
4042,2653
197,1111
2477,2479
7188,6596
1055,4735
1813,3014
5171,5262
7047,4037
4111,3645
5630,15
2145,2328
2473,2416
87,1573
4712,4483
3910,5773
311,3238
2693,4290
4144,1305
2127,15
2120,1353
2555,8292
7569,155
1825,1842
2660,5683
1386,1525
1133,5994
7052,6914
5020,7050
3587,2324
2623,2838
7176,7185
5524,1026
1038,1039
663,1319
1730,2398
5419,5775
1947,2727
2186,2979
2972,4866
353,684
334,849
7279,7237
55,325
5172,7092
3956,1549
259,803
5487,6166
5176,5123
1621,4811
2174,2160
4036,2859
988,4013
3642,3922
5802,3459
3031,2651
813,608
704,3253
3645,3720
5181,4247
996,762
2790,2693
1019,565
2964,4043
319,4310
4070,4797
899,1723
1200,2785
2133,765
1151,765
5119,3813
7301,7992
5485,3238
1133,5563
150,584
3456,4384
1236,1167
6993,6980
2565,6897
5103,5714
346,3562
5776,4992
710,1585
4099,4335
8266,7238
3495,5375
1221,2241
1221,1321
959,978
3796,4124
722,2375
5317,5327
87,1022
5262,5596
72,261
4487,4964
5800,6914
3976,5388
2256,2751
7057,7512
6510,5179
1492,1167
1549,2307
15,589
6180,7478
3015,5931
2804,2799
24,1285
5179,4536
3350,3956
6458,7073
4756,4266
5188,6613
4632,6006
1368,1855
110,2400
47,415
996,1982
4437,4661
1748,3030
1838,1707
4036,3274
784,2135
2256,1637
1733,298
841,2844
3873,8038
7717,6523
7052,5872
2948,2547
1151,1378
23,945
173,1396
26,55
42,23
2009,5341
922,1236
737,7553
4044,4875
3641,5321
5819,6780
3512,2799
4718,5354
3601,5412
1374,7561
4948,5096
4828,3792
5787,5524
4045,4047
2566,3843
978,959
2674,2324
11,3967
1374,2768
3459,5061
5504,5301
2485,2856
1701,5155
5789,5790
457,789
4828,6938
644,2877
7685,8037
457,6437
2542,2398
426,440
2972,6543
2323,4191
5123,5624
3594,2384
5189,3238
1985,2117
6032,6665
7350,155
5494,4977
2485,4485
5125,5179
2565,5239
1814,2251
2398,2871
3562,3580
546,974
2565,3898
2565,2667
1795,3439
3026,2697
2485,2323
1608,1985
6272,7632
4076,6914
1160,1396
315,1718
5531,5524
1253,1847
928,2066
4127,4402
2516,3680
737,7618
3601,3830
813,5925
23,670
5188,5776
457,3443
705,906
4353,3910
2744,72
3794,2612
2674,3056
5437,4041
1114,334
14,402
4688,4212
3457,2871
5155,5392
3479,3748
1691,7862
3479,4999
1549,6832
5524,7074
72,659
6907,8090
6494,5806
173,1717
4600,4792
5985,3586
2059,2060
4310,5176
5037,5055
769,1604
870,1893
50,273
3094,1549
2565,6414
5079,4483
2398,3443
1034,1253
1041,5928
2688,2653
853,789
232,3192
109,7694
7052,6097
2411,8294
5868,5482
4781,2276
1166,6496
1608,285
1722,935
3560,4299
6274,1026
44,6432
2297,2657
6494,7115
4377,3334
6156,5671
737,4632
1055,1585
2356,3033
769,1476
3018,2973
3614,5182
708,1039
1151,2625
2594,2120
2704,1723
3032,4269
1133,7890
1500,506
11,1859
2456,72
634,1564
5814,6105
5800,8124
406,325
912,1123
3770,6736
737,7323
2371,2579
766,4531
2913,2918
981,1497
1506,2062
5103,3614
3345,2660
4632,6441
2900,1633
1769,3125
17,10
171,1156
282,440
6596,3334
5190,5511
3635,4256
3142,5141
6902,6914
103,6624
9,261
4725,4040
1972,1247
974,1166
2655,1307
7443,2658
161,1131
2236,2951
842,1286
2236,2256
1097,941
5550,7908
2440,6414
3191,5592
7057,6665
47,1378
14,2565
6272,5596
5822,5800
1305,3489
2062,2381
871,3050
4219,4929
5391,6218
2620,2550
457,1534
636,750
7049,7005
4211,978
291,4811
4372,4373
2686,5925
1114,1787
2909,5969
2565,4424
2565,3726
2257,5651
1305,2674
4212,737
1075,1420
3815,4021
2651,2814
1151,2707
296,663
5177,3084
2658,4717
5166,6832
4437,6736
1098,6241
789,4103
766,7021
2133,2240
11,733
4476,8225
1566,1628
3305,2565
2651,5844
94,152
4304,1157
3256,3650
1114,1221
2399,2400
737,6832
3404,3897
1374,2323
290,372
4126,6624
7021,8149
2651,2499
689,3371
967,972
2704,4574
3381,7618
2565,2963
2565,7553
1691,425
457,5439
3682,3180
1552,2073
6198,6832
1395,2181
766,2066
6624,7882
5802,5288
94,301
7225,7510
127,4373
1555,2066
3998,2746
20,677
1006,805
151,663
3317,2134
3457,5073
3787,3537
926,1131
5802,4483
5553,6979
1166,1987
645,863
706,789
2001,1783
2619,3164
7047,7646
6494,3459
5427,3976
3059,4256
3,611
1733,1816
2145,5837
794,723
737,6770
4310,7620
5028,6334
2255,1031
320,322
1754,2801
68,5262
6374,5804
457,5140
6094,5584
3691,1191
3965,4578
2655,5079
4536,2381
1896,1297
988,2754
1701,1186
769,742
4873,4875
971,979
766,2619
683,684
6914,5179
3833,2923
7425,6946
3770,2746
4828,15
2328,3028
2274,2425
2285,2135
11,1080
842,937
1291,1402
1555,2490
2657,2747
769,1726
2398,3903
813,2815
2356,3352
311,1241
2658,1777
3841,2923
426,152
5796,2440
4430,4620
1549,1964
978,1861
1767,4110
1799,2565
315,1296
2369,4547
56,8287
5125,5524
1730,2072
1055,1092
6596,7649
3450,2144
3333,2660
6,1689
4212,3447
7907,7620
1097,4256
2612,2323
22,1407
5185,5818
5582,7144
1286,72
2476,2416
7546,7553
3925,1453
4077,2014
1836,1608
5188,8295
1444,1442
7047,6946
1720,7860
4077,4811
1166,1199
5685,4099
635,656
4335,5037
2549,4587
1106,1080
5818,4483
6900,7620
5437,5886
5822,4791
2118,4299
3615,3999
151,2508
3352,3999
2699,1416
742,1007
1922,3830
1151,6873
6398,8073
7682,7881
4441,7862
5185,6632
6620,6945
4673,6337
2063,1835
689,2163
2215,1211
1496,1966
1612,8037
372,515
1319,2106
5423,5709
3452,4179
4967,4824
311,2565
143,1439
1691,1692
5125,4037
4046,2517
5106,4335
4211,3796
2012,2014
3522,6770
1200,3455
71,1811
2972,1688
6045,7553
311,1758
3317,825
2658,7882
46,715
2967,3871
789,5470
1062,2174
2328,350
6624,5288
2085,1919
5524,7529
3451,4471
649,549
77,299
2387,3417
2237,2290
3305,285
2299,2328
2688,5756
789,4792
3394,3660
3976,5271
371,4338
2752,5254
1137,2830
3724,3291
4943,8121
7080,1982
2688,3014
1360,259
4653,3393
29,789
457,861
24,130
759,789
2788,2102
3634,5449
457,2160
6615,7131
695,1497
5796,7961
2133,2707
1701,3897
7227,6555
13,250
3026,1919
3641,3456
1210,6860
5053,6123
3614,2958
4483,6955
4488,2145
1622,2746
5802,7646
2326,3117
1037,1026
5531,5121
5179,5226
3453,5605
4073,6498
737,6759
8231,5378
5177,5630
339,1080
3006,1792
4366,4687
1717,993
3796,3755
1769,1549
2981,3309
3450,3976
7659,7662
275,619
4967,7143
6500,3792
2326,2932
1006,1573
1164,761
5461,5463
6305,6560
3787,7788
1395,1248
7225,8192
854,4179
1492,1747
3813,4480
708,991
28,55
4338,2775
5817,5254
5484,3459
113,5484
143,559
3,28
4967,6029
795,2381
336,151
3748,4677
2542,2120
3090,2371
6,1758
3631,4024
7738,5671
2217,5426
3523,1297
255,282
784,663
71,560
5524,6320
127,3516
4040,3635
5059,6784
5079,5780
922,1997
173,764
5022,6599
5802,8037
7492,7378
3714,2958
2323,2923
1166,1284
4099,6714
5923,5925
4988,72
5969,4435
1055,1201
7666,6946
1230,1167
173,35
4632,4103
304,1439
1442,1787
6305,7778
126,742
4675,4735
2033,3084
4846,4964
6906,5776
1151,5524
432,1039
3960,6560
4598,3498
182,1128
879,2508
3031,1166
2703,856
1098,2225
2555,2120
3633,3822
457,6663
4045,4453
988,3099
73,274
47,431
5103,4483
1046,971
2949,2547
2240,2341
1608,1669
3586,5254
2972,3973
981,1123
3297,2338
3055,3587
1135,1781
306,958
2790,6330
1200,2225
766,2542
2765,3117
7280,7795
1037,204
2565,2973
8053,6780
12,564
556,35
371,717
6305,6855
280,1043
3381,7021
6494,5079
1667,4536
763,2411
5360,3027
1982,7839
6295,2565
5173,7839
3352,2790
2072,1390
3455,4189
710,3284
62,609
5079,5130
2299,5323
4077,4964
3527,3892
1037,2966
3461,72
6241,7632
161,1633
4297,2354
5644,4795
715,719
2474,2594
3381,6632
2967,2354
2658,4071
2793,5178
1305,4588
6510,5254
2502,6833
3995,4482
6327,4441
2702,72
457,2366
11,1769
201,214
5188,3631
2871,5285
2856,3243
1751,2951
2612,2625
5079,4994
5296,3910
6170,5584
2072,1918
1621,2565
3021,6481
2287,2504
766,5932
7347,6832
312,643
2653,2144
6,1476
3000,5802
708,1140
2967,2787
2371,2264
2704,2251
4098,4201
5544,3456
3140,4011
7900,5210
1380,1492
1075,825
4070,2576
4070,3103
138,317
7675,5378
8255,6634
2229,1186
1195,805
2472,2470
1705,2071
8037,8246
742,72
7047,6780
3642,6803
371,4661
11,1646
1847,1893
113,4820
910,86
2003,2623
2213,1985
3666,4600
5617,5780
140,356
6918,7050
4046,7295
1037,5022
5806,6980
1357,1127
6615,5773
71,356
4921,4037
3031,2654
6243,8297
4483,5592
6280,7618
986,1151
1368,3307
722,72
2658,3587
4212,5326
650,885
2907,7632
275,3650
591,592
5155,3691
3452,1310
5125,5828
2713,1166
825,3822
1166,5285
4994,4191
2667,2474
2118,3812
2719,3351
4632,3000
5079,6699
766,1836
4983,7862
2688,4529
4792,5298
7705,7707
580,4899
5439,6156
1166,6246
6907,8169
5612,2160
1496,5178
1615,1322
5783,5844
5432,6784
5531,5210
109,7662
1542,2129
6772,5596
2832,4588
312,1446
1055,1648
1133,1859
2565,2338
1357,285
2427,2237
55,216
312,697
3404,3352
3447,4310
5020,4875
1236,1808
5630,5543
3015,4536
313,1330
68,3816
3682,1915
3622,3059
25,300
6714,6715
6299,6306
5110,5182
457,6221
789,5804
1319,1596
6596,7839
173,5037
2706,8293
3806,1473
663,311
325,2348
3026,4031
3641,4846
5246,6599
1751,608
2414,6788
308,2329
5123,4534
2704,5850
6954,6982
3392,3970
4739,4706
956,958
4929,5417
4214,4138
766,1734
4964,5844
2694,2651
6684,6685
2565,7567
5814,3962
2655,5233
2688,2597
4671,5100
708,317
5391,6979
308,243
7092,6784
2256,2828
1896,947
725,859
6938,4134
3123,3020
850,6006
2485,2325
4214,4424
291,2397
2774,7632
1808,2922
125,214
3453,4315
6327,6736
312,1168
5190,5637
737,6917
2117,2375
311,875
5565,5188
5612,1549
2456,4037
2001,5568
1154,2781
6619,7185
556,600
432,1049
4893,1305
2713,3059
5787,5543
1697,5449
3352,1307
94,628
639,1484
5857,2285
3098,3150
2912,4463
600,5452
988,2325
3373,3192
457,6328
3007,290
4099,6123
974,3976
173,1023
4152,2328
6006,5022
99,6765
2565,2815
5080,5651
3073,6907
5263,4536
46,1279
3454,8293
2398,1847
5804,7116
7727,7835
4266,4735
457,2763
2062,2079
305,659
673,549
2948,3089
1010,3148
6263,5335
937,271
832,829
4828,5563
1814,2900
5798,5804
918,334
2658,1990
304,1053
4967,6441
2485,5254
1394,1464
4717,5123
11,1285
3,584
11,624
1470,1247
1583,3351
2565,4233
4433,1185
854,6251
58,75
2049,974
650,779
4273,4349
5171,5189
5630,5178
4310,6000
2768,2834
2231,2977
1374,5092
94,756
2560,3164
4788,5829
36,2775
163,1285
3615,3404
1442,1444
1919,1374
4906,15
2688,5559
2542,2225
1201,1253
74,1111
3381,5897
72,1123
152,56
4353,2398
457,1490
6243,4604
6596,6241
5199,6422
5802,5233
6229,6566
1151,2211
2255,2707
1823,4600
5934,1352
2369,6414
3457,5026
346,3089
5312,2398
922,1201
766,4792
2115,2871
3863,5308
722,723
635,4261
4441,1247
6491,5002
2660,4373
899,2801
3614,4400
1151,5028
5079,4929
4799,4798
4076,2398
7252,2851
6317,2774
157,893
6784,7512
3062,3089
766,4534
7578,6618
6627,2620
2099,2092
1043,1396
5189,7120
879,4578
328,356
2707,2237
3202,204
2988,5684
4429,4485
3969,3785
94,219
1446,1442
2328,3034
5178,5543
5531,3479
128,372
3965,5022
1305,3050
2565,3748
1549,5683
3454,4011
1888,2410
4310,6945
6393,6400
136,7442
2689,7874
1127,1128
27,433
5173,5199
36,1186
695,6251
546,764
2780,2781
1074,6930
310,1032
2258,3970
707,742
2713,3980
1549,2397
308,3473
3527,3026
1202,1700
72,435
634,1385
766,2805
176,805
1247,2328
4266,4040
5520,4191
6596,4432
3028,4297
3633,2565
320,317
1185,1199
3787,3443
2323,4103
2940,6780
4709,7871
1428,1662
6,356
3142,6618
5714,2851
927,929
3433,3321
3317,3661
2256,4110
3961,2746
7035,6624
1865,6560
4361,6946
1522,2834
5697,2433
937,979
1697,3456
28,677
5773,5828
3614,4600
1166,1985
3458,3447
3059,2651
4547,4666
1483,826
276,243
2145,6901
1919,1521
4073,3452
5806,5800
5524,6458
139,756
2328,7131
2559,1291
7614,5002
2240,2237
24,2341
837,2071
5606,2576
31,75
5188,5189
11,3005
766,3443
1614,1000
2557,2815
457,1654
865,5254
5246,5260
5817,7373
872,1654
2290,2693
6043,7788
1549,4527
1395,2193
841,1154
457,6124
3641,2307
6945,7094
2564,3830
996,2801
4451,7092
1537,3956
28,636
5606,4335
1756,1787
4483,5155
813,4613
233,28
5814,5714
2871,3643
996,2665
2340,2341
3454,4463
2686,3307
6458,6907
5822,6552
825,15
20,30
3522,5375
4709,1473
4068,4323
5796,7351
173,1193
996,2209
3242,1919
3439,4021
5419,5423
3290,2290
1000,2328
1492,1236
1522,2339
707,1486
5562,2277
6615,7351
3461,4578
1946,4191
3352,4482
3453,3691
3028,2974
3748,3192
556,733
7241,6832
706,978
7978,7979
1470,4645
2257,5806
5940,6098
182,407
620,739
3439,3291
173,1983
2691,3892
1697,2801
2565,4365
26,377
2557,403
3145,3125
5804,6006
1029,1439
2585,3976
2485,2940
4829,5341
5181,3897
1964,2966
3624,2657
308,1484
1335,1384
29,150
1835,3458
1062,2968
59,2724
922,1243
3144,1837
5824,5182
2790,2474
5187,1648
3976,2240
317,868
6914,7088
2145,3664
3021,2707
11,771
2041,1140
769,1566
3447,6606
151,236
1697,4349
20,7726
5472,5022
1608,2137
737,5738
4187,6422
5404,5527
3660,4181
769,2963
5254,6496
312,1953
2518,3024
427,1384
1267,665
3454,3956
2871,2651
5190,8295
6000,8134
3854,4485
7047,7233
5563,3873
704,1413
4795,737
546,937
633,1573
7080,7927
3804,8294
1766,1768
5200,4824
6323,5829
103,192
68,2764
1661,1966
2673,2294
1247,4534
2290,3847
4894,6321
3453,5140
7929,6634
46,3
4967,5829
1293,826
1858,1859
2297,2510
5543,3962
1772,2397
3814,3180
7956,7835
6906,5484
791,1260
1500,214
879,3028
742,4384
2871,3313
5806,6777
306,8
6570,7908
996,2570
173,1061
25,127
4099,2774
86,626
2236,2966
1151,7414
4899,5103
6538,6850
5179,5103
2264,4417
15,8
4144,5463
2667,5176
2565,5640
2177,2991
2093,3117
6615,6850
50,28
1470,1385
3010,1549
372,8287
5002,5188
4036,5189
4926,5760
1537,2593
2297,2474
4197,3615
5110,3910
766,4632
457,5545
730,439
4039,2653
7057,5812
312,675
2688,4315
7733,8174
2236,2830
5773,4992
4353,7092
270,1285
2062,2182
3055,3967
1033,626
766,6221
3454,3313
2935,3607
4310,6946
1608,2794
5285,5155
1492,4715
708,789
29,93
4536,4993
3378,1961
8,674
5110,5415
2328,2134
5028,7116
946,887
1424,1357
11,1062
5474,4191
7580,5002
26,431
4297,2398
898,762
643,1151
6993,7835
1184,2922
2967,1688
4534,3498
4396,4402
109,7632
4433,3956
180,3480
4076,762
3460,7855
59,2966
5806,5872
173,813
1405,1412
2653,3005
1151,1487
3902,4797
306,1413
147,1026
1259,2623
3764,6790
639,810
24,1416
5396,4536
2160,2508
3020,2623
2010,5301
5796,6783
15,28
2560,3291
3976,3459
1129,1538
1615,1901
2688,5106
1549,1774
5612,3962
784,2665
766,2076
28,228
722,1157
2688,3258
6488,4713
47,3720
5909,5301
5189,5459
6502,7879
203,3192
3458,4179
6032,4981
275,94
5605,4981
4310,5096
3386,2398
3624,3811
1167,1151
769,1787
879,1151
1621,4578
1608,2754
5181,5568
2102,285
2765,6227
813,6098
6934,155
918,1000
3456,5844
1098,2338
3731,3803
3658,1239
1823,1353
5125,5178
75,928
77,1372
72,6437
1210,1284
1667,4310
935,290
3641,3026
5102,7620
1166,3489
710,2801
1735,1322
5424,5254
6518,3459
4433,4261
4688,4792
1167,1730
4487,4735
838,334
106,2211
2120,2797
3172,3276
3323,8293
5188,7143
1151,1239
1608,2121
5505,5506
1046,1476
6784,6634
5029,4929
3005,3529
6643,5254
2565,4796
4894,6686
5404,4276
7677,7928
6460,6554
6867,7373
2559,2674
4141,4299
3010,3887
7685,6634
2905,6613
737,6560
3366,2775
1137,1772
4219,4792
3227,7810
1594,1279
2369,7666
3455,3464
600,1053
2135,2485
1615,1770
902,1385
2290,2209
5647,5123
87,963
2605,2323
5177,6306
224,407
695,4735
5810,6006
1730,1166
766,6174
1628,2128
1471,1628
3386,3005
2452,5432
5998,8168
3390,1360
5933,3089
4686,5233
152,252
1374,3307
1021,1026
3976,5635
8036,8037
1717,15
127,3291
722,2972
2968,1416
1097,1808
766,4530
346,3104
172,2859
3449,5055
3642,5638
7743,6914
3007,2653
2565,2516
11,1622
5173,7050
2105,873
11,2625
3110,4645
841,2375
1487,1692
2451,2470
317,795
3120,3520
1701,1549
4044,2811
2968,3117
2939,2411
2557,2805
1167,290
7343,3334
5012,4124
2328,2667
68,4828
4681,4811
1701,5210
26,379
2565,2369
1374,7871
4044,3334
71,1453
2704,2585
1470,4795
3453,3456
1621,3645
1384,3587
1203,2356
177,183
24,2504
988,1307
7233,8134
356,4110
1374,7910
19,216
1385,7890
697,2576
2654,2485
1151,1437
3035,5222
71,35
1037,722
1062,1221
1766,2490
1919,1920
340,628
1305,1297
1166,5233
1368,2654
6072,3297
3535,6148
5103,5079
825,5351
3796,3843
759,829
2842,2485
1305,4162
5553,8121
1335,1322
7038,6097
1997,1730
2585,3439
2517,1918
1525,1442
5531,3459
3796,5144
317,805
1284,2007
14,1031
3352,4866
2651,2981
6451,6458
2948,3150
4141,3568
7279,8163
825,6592
2559,1847
5102,6442
2427,2416
707,1774
1305,2662
406,667
4948,5872
1151,2016
2623,4338
1601,5714
4899,3089
7086,7517
310,1726
4964,2369
2696,1688
26,358
1734,1378
749,4400
11,3136
1549,1679
4076,2696
2227,2375
6774,6832
2565,4953
5775,5288
180,3265
7063,7553
5800,7400
4041,4964
39,182
68,5886
6436,6437
3352,2653
3274,6421
1127,4297
5814,7110
3910,6628
3456,5760
1360,2550
1868,836
3924,3967
1667,5605
2234,3089
2819,3548
2620,5800
4486,4879
7055,3969
3614,1297
5966,6023
922,1595
5750,15
1487,3435
7335,6503
633,5479
432,1802
3258,3173
6635,7699
2790,2231
3381,7899
4429,3812
2226,5773
7901,7908
3454,2144
1247,15
1242,2685
1707,7632
5655,5543
6941,7225
5191,5423
2688,4717
4967,3238
4046,6241
5908,6942
2688,3748
686,1043
302,94
1050,960
2507,3307
3250,2625
36,1608
800,802
5796,5827
6360,6560
36,370
2559,4453
2316,8293
5078,5130
2369,2787
766,204
4717,4448
4967,737
707,710
2691,4510
6914,5671
254,228
810,1199
5998,4791
6016,6496
766,1847
6486,6774
6523,7839
5819,6098
737,6001
947,2625
2237,4269
1749,64
6993,7899
1166,3807
1133,1140
2839,6442
3456,5002
1615,1798
1383,1384
1613,4798
345,282
2565,2831
3854,1473
3352,3958
1166,2338
3054,3056
6032,6618
4040,3089
2822,762
1098,3489
2972,4297
2958,3089
2237,2091
691,937
6445,7912
2226,8168
1009,6029
6270,6503
954,1453
2356,1734
1350,1842
2473,2754
290,1396
3643,3260
3666,2210
600,803
1135,2593
4070,4189
306,1385
5800,7060
5281,5288
4347,8079
4044,4728
2654,3255
722,2951
911,1030
329,228
6327,6634
479,243
10,668
3309,4298
2249,3479
4077,4529
3615,5804
766,2760
14,1864
6624,5465
556,3192
7099,7101
2565,2662
3682,3681
2565,2951
6032,6097
2063,2475
3854,3958
3751,15
996,8293
2958,2625
4441,7624
5684,3191
1521,1836
706,748
831,1413
871,875
4967,5393
1133,5022
11,89
5800,6934
730,696
2485,1453
5675,5459
176,871
6612,5012
3618,3148
7594,5819
1200,2264
5582,4099
5811,6388
3352,2674
147,3643
2485,3020
2941,974
457,3849
2474,2763
4671,5459
4070,5100
1588,948
2089,2095
1098,6327
5182,3796
2364,3538
5439,6006
1115,1432
87,4191
2692,2713
1549,975
6914,3459
3326,3021
1279,35
3512,2653
5800,8134
2704,3324
813,1250
7775,6422
5998,6595
199,7795
4076,2066
1967,2746
996,3309
3659,2307
1496,1884
5079,5404
6452,6458
826,1267
667,3404
154,153
2299,3351
5822,7386
20,636
3488,3489
1594,1487
2504,3843
766,2375
2014,2095
4433,4529
4948,5454
1357,960
5998,7553
4077,2696
3366,3014
2297,5714
6657,5839
3752,6241
1428,5002
8158,7620
3665,2658
5811,6994
2842,1157
3456,3433
1167,1253
311,826
51,72
1661,3635
1286,7553
3976,1305
1210,2120
3276,3912
7187,3631
2298,1837
4310,5273
3028,5459
270,5106
1167,993
2730,1374
7024,5814
2249,5233
3168,4290
3452,4124
4219,4713
5352,3460
2703,3409
5600,4500
1814,2660
2557,1637
5814,6914
5656,6826
3457,4199
2693,1026
24,1310
1552,1707
1358,5028
3449,5155
138,132
2256,3737
2605,3807
2940,6505
457,5626
173,1565
86,3970
859,1842
199,1186
825,4783
2941,7054
113,5072
2458,2237
249,299
608,6414
2353,1031
3062,3243
1374,5844
6615,5582
4967,5037
1127,2707
2547,2646
3,286
5316,4574
1374,3352
988,2474
7677,8038
2623,5524
2871,2653
56,1077
3453,2369
2062,2329
2972,6670
2565,5500
1166,4315
2328,4717
2332,2594
6865,5818
749,6347
1548,4875
5199,5204
3541,3117
2549,1754
4177,4179
1352,1164
3457,3073
6951,1982
1594,1034
742,1983
1043,4424
4795,5773
2010,6320
6440,5254
5549,4037
244,1973
3555,3026
1823,2128
2290,4110
5119,1799
2667,5449
946,579
2912,2456
2704,2662
1888,1613
5692,4338
2411,3489
2506,2251
4036,5529
4967,5301
2376,2240
1612,8198
25,182
1133,6009
6327,5800
157,696
3527,2727
6665,2785
1166,2007
1918,1700
3381,6097
4191,2398
1305,3029
3522,4631
7614,7624
1029,1377
707,682
1204,3854
110,945
784,1858
1549,3529
2560,2708
4310,6570
1064,2333
1166,6982
139,28
4138,3144
1416,3030
4488,6918
4828,7386
1808,5296
255,259
11,613
1367,3173
922,1322
2667,5563
1166,887
142,359
6555,7434
2069,2076
1748,7946
1167,1501
4041,1972
6618,4037
5531,4884
4046,3459
7666,8121
2972,5775
3453,4706
2560,3847
4686,5463
1542,3291
1615,407
986,1240
2009,762
2964,3320
308,1593
312,86
5553,3792
2594,1847
136,1984
26,341
5934,2535
4040,7005
5339,6255
1305,2144
5002,5404
5812,4099
3447,6241
1594,1661
7335,3962
1207,1193
1151,1496
2674,2016
457,6699
527,8287
3814,4051
6243,6700
304,963
2822,3059
1972,3030
5524,5584
7057,6914
8155,7620
2872,4011
187,706
55,793
1166,2328
950,918
4077,3635
2335,2339
941,2499
3479,3537
3792,5215
6262,5200
4065,5584
3682,4247
4899,3586
2774,2323
7057,7386
7569,7618
1542,6229
813,332
8115,4037
1297,2877
8,167
24,1043
407,1966
2234,2285
2916,1705
4653,5327
1549,1580
4353,4071
1374,3958
7614,3962
4007,3394
3691,7186
3192,2655
5808,3897
1445,1446
2516,6481
3449,4600
1319,1855
77,524
879,2328
6360,7323
2215,4735
2003,3007
241,282
2972,5721
2757,2770
5196,6809
789,999
5655,5199
2381,4191
2365,2685
5382,5182
3449,3897
311,1649
6913,7108
2576,3958
791,2535
3439,4024
3451,4266
722,1166
2381,3034
3032,2326
8036,6875
5857,8178
3641,6123
7755,7803
769,2506
5184,3089
4967,3460
20,657
7026,5096
6327,6299
8,362
4632,5022
2566,2535
1552,1991
3659,3404
580,4041
1297,1439
2565,6272
3274,7351
8101,4037
5655,7222
1457,2696
2871,3615
6714,4713
1097,762
2688,4899
2688,3089
2719,2653
5817,6414
3404,3010
2576,6029
317,1279
2565,4432
4663,4999
7579,7050
1166,7803
4036,5828
4441,5421
5697,1972
686,5524
1566,3026
3965,5822
7088,6097
6324,5200
127,3680
4036,2576
1055,1638
24,3660
5697,4527
3352,3516
1185,1321
1374,2825
1896,836
5802,6803
1697,608
1184,1357
2473,8291
7049,7757
1792,56
2371,1808
1483,1297
4721,2790
3456,7414
667,1111
5324,5980
996,2517
5800,7763
3902,3034
128,761
5524,6032
1661,2066
6299,7351
3813,3313
3642,6262
5531,7052
1962,2151
16,789
5796,1159
1350,2322
329,299
2871,2951
3386,3028
2819,3903
1605,559
2819,3018
5321,5189
6804,6805
6068,6174
1767,3803
600,1564
2667,6409
2947,2547
3404,7624
1279,1662
429,839
1166,1419
2072,1608
5103,8141
2713,3587
4824,3089
2693,5818
993,626
2704,2356
5802,1352
2326,1777
2387,3796
1097,3443
4653,5162
172,756
2655,5449
2229,3348
784,989
7848,5079
3456,5848
737,5273
5188,6156
5185,6328
4338,608
5799,4795
6538,5179
2585,3842
825,3192
86,1305
5123,6306
3854,2516
1603,2571
3168,1777
811,1531
1470,1799
5697,5714
59,370
4625,3796
2550,1717
5524,7304
7980,2658
4487,4977
306,3404
1608,2333
4574,6305
3666,3812
4773,4776
1279,3009
2258,7946
1997,2073
7679,5529
2547,4811
737,7927
4124,4365
122,8294
1783,2251
6918,7604
3642,6624
5534,8295
6,700
2557,2809
4150,1548
2909,2516
7056,7694
5173,6714
7666,6555
2688,4400
5179,5737
19,250
334,932
2688,2510
4046,3452
3055,3489
1027,1039
5391,5684
5489,7115
1166,3873
151,913
3643,15
842,844
2473,2751
3380,8219
2009,2485
4653,5680
933,1186
4219,2456
6,402
2687,2651
3010,2356
1200,403
707,861
1111,5423
3461,4779
2651,3911
3919,3614
5263,5756
5604,2398
2693,3473
5608,6124
3963,3260
7733,5079
6243,5739
1919,2210
1098,2332
457,4361
2542,5828
6615,7143
81,175
36,2651
1549,2474
649,794
1707,2794
3081,2066
7189,3631
7659,7855
2565,4179
3350,4485
1204,4037
24,2225
5553,4653
311,941
4046,7381
315,2834
306,733
6323,5614
7231,7386
1585,3473
104,664
3276,4323
42,3352
72,299
1166,993
3796,5301
766,417
2768,2707
7649,5210
29,1131
171,35
53,2114
3449,5162
5485,5176
637,4712
72,2535
2617,2697
1522,2328
4483,5871
7774,8168
789,5239
2822,214
5550,4689
42,3408
90,994
5824,5814
6,359
7280,7788
766,3000
103,5671
2655,5412
4297,4795
7086,6907
20,425
2658,5811
3010,3009
1608,1619
6097,7632
583,762
2472,2322
2332,2912
5020,3897
5196,7632
3279,2625
2557,2918
5800,2565
1166,3541
5615,7908
1730,3976
978,171
2660,3285
1075,1927
2585,4528
7608,5210
47,10
2138,1285
4211,5083
5295,4191
5800,7162
1167,1190
5655,7666
6,1783
2683,2322
4437,6442
6241,7651
1480,1805
3447,6505
157,1123
2746,2781
371,7422
3309,5721
4632,4792
3350,3103
1129,290
7086,6737
2328,1700
6494,6833
763,1049
1381,5323
311,844
4310,1403
704,2593
2660,2592
3910,5799
24,2237
6660,6661
871,1168
3614,4929
1896,3092
1470,6334
2264,5454
826,2294
1215,3297
2472,2599
6518,2851
784,425
2502,1835
2549,1808
6216,4099
904,1471
3522,6634
2967,4212
83,2963
5799,4715
4013,4315
1717,1261
2883,2277
182,427
1151,7021
4715,5321
1560,3933
872,993
2687,3324
6494,7052
1605,691
3457,5514
3462,4510
2120,2996
2674,3404
11,945
2951,72
17,1190
1290,1297
2297,2328
5702,3634
2256,350
2507,3351
4967,5141
1542,5545
5600,2535
3661,3871
11,308
5079,5568
769,1580
47,958
4151,6166
3036,3009
154,151
3786,4797
2225,856
4829,5423
1473,2225
127,3028
825,4820
3459,5155
4883,3334
4045,2440
2565,762
2654,4110
14,356
2691,3106
23,656
1367,959
25,257
3457,3192
1487,1732
727,3433
2826,765
1267,1835
6658,4875
982,1035
1352,314
788,707
87,150
3402,4037
766,1680
1615,1550
7128,6784
26,566
3225,1267
5818,5804
1730,2397
1395,1964
1267,1211
1374,2685
2871,2323
2542,3028
2655,6006
994,697
2831,5459
7057,6043
856,3191
12,432
706,1486
6865,5563
3180,2297
136,1982
3020,3130
922,3005
24,999
3238,7632
556,417
6687,6691
2972,5208
6766,5835
2703,3251
3642,3830
3452,5132
1808,4735
4076,2433
1837,3104
51,750
2871,4088
766,2763
2674,1357
789,3586
3439,2653
1185,3309
4828,3291
2932,4373
3813,5115
5332,5412
7086,7855
306,271
980,979
2744,2918
2258,5226
68,3238
4429,4468
1221,1375
7047,8192
2688,2210
1608,887
2964,2653
5738,8192
5531,6770
1549,3130
5188,7073
2871,1357
2691,3103
3447,3910
3541,4011
3196,2923
4963,4547
4219,3898
7050,6634
7733,4401
86,5421
4001,4261
1981,2799
5819,4689
147,4384
634,999
2967,1729
8,514
1697,5335
24,750
1111,4310
3611,2485
3062,1437
922,1893
1589,1612
5862,5524
270,4432
3007,5683
3291,465
3965,1769
5807,7116
7449,3297
2693,2354
6323,6869
5262,5527
3394,3634
173,2073
6270,6560
7052,6907
2233,7695
2560,7652
1808,2591
110,794
6736,5800
1820,2508
2565,6000
2768,2946
7421,4940
5189,4940
14,32
432,3024
2834,3117
1473,2499
178,4297
3786,3260
2045,665
6286,5423
2369,7386
5189,5426
2778,3724
173,2168
2109,2411
5022,6305
1501,1788
2605,4986
3375,5743
71,370
6907,5800
312,1296
4236,4237
2294,2856
4077,4463
2118,2856
341,259
1922,2375
3018,2256
292,945
947,737
706,803
766,4011
4036,3443
3390,5732
177,1514
3394,4400
6941,1026
5479,6948
634,686
3293,6955
275,80
6179,6496
1428,1200
2545,6437
1074,6725
221,348
339,803
7092,7649
663,743
1114,1160
4070,2258
1958,1963
766,5693
2135,2625
6327,4786
704,3680
2343,2643
310,972
1305,3126
2700,4043
1542,1319
1032,3089
1487,1901
28,391
2747,2923
2120,2575
935,2485
4066,3352
7117,4037
3462,2696
432,5430
3452,3812
335,1573
3456,3568
3352,4824
308,626
6526,5829
2925,2977
6889,7928
4082,5863
7522,737
2381,8292
1623,1049
1314,1296
8,308
3274,6560
3682,825
889,863
766,2828
5312,5189
3010,8294
5800,6347
1293,1319
1492,1428
3806,2790
3375,4299
161,1484
346,2720
6006,7233
259,271
5445,2851
1034,1218
1701,3253
5121,6296
5296,2822
582,1185
139,760
1470,1977
4137,4323
291,2398
2072,1378
19,182
2257,3408
6772,5020
6627,5028
6538,8132
7092,6665
1374,6914
2510,2700
20,56
7744,7021
7113,7439
2186,1769
2130,2955
24,994
4488,7050
5301,5121
339,226
7682,7961
2564,2508
988,1166
922,1880
3297,8073
1482,1200
3568,3015
634,6869
1037,415
590,579
3522,4661
982,2338
1133,4359
2504,762
2351,1031
6241,7819
4488,5210
6447,5824
37,881
5189,4828
5857,5969
5008,4587
4947,5073
2972,4604
2462,2470
3456,4828
861,1496
5821,2851
4398,7092
3949,3720
6311,7047
2658,5045
1542,1893
3026,1548
6023,6417
4211,3352
1849,1211
865,665
1151,1992
2546,2504
2651,4047
826,1641
789,857
2448,2470
5110,4717
695,2535
3200,2114
3348,7092
122,2120
241,325
4536,5072
1142,2345
4673,2535
710,1428
29,761
771,600
5189,7618
2135,4534
12,8291
3479,5872
737,6976
5806,6739
2485,8212
2485,974
310,1140
1922,1837
5999,896
3390,4530
3989,2535
2411,2129
6563,7757
3643,3956
634,946
4065,825
2018,2470
1847,6552
867,868
6714,1026
5800,8163
128,1234
5644,5936
6902,7400
2618,3130
6766,7583
3191,5775
5022,4604
136,6262
4665,2145
4632,5437
457,4483
2576,2174
2565,3114
1615,575
4586,4779
4742,3352
6032,6555
3210,2237
6216,7624
3345,3473
457,7351
2256,4400
311,784
4813,5799
2694,5335
640,214
7564,5605
3447,4678
7056,3381
1221,3099
2256,2416
4746,3458
2290,3587
2858,2516
24,4811
1808,1353
2948,3193
1109,1080
689,1039
1505,1506
1074,5739
5189,4341
5531,6299
899,1646
6024,6337
2686,3785
1896,1390
4588,3014
237,373
1522,1374
856,2713
1151,5254
3642,7587
1470,5439
383,611
3615,4422
6770,5806
2485,2909
882,271
310,1193
1480,1758
1357,1956
805,1506
1151,1352
2565,4463
7682,6560
737,6803
6518,6097
742,810
4712,7054
7131,7092
5439,5738
5189,5620
46,566
4662,2576
3794,4712
6993,6243
707,1532
2326,3028
2290,4191
647,1053
5332,5335
3451,4103
4045,2517
3456,4485
6518,6634
1537,2963
2130,2470
29,756
1390,3516
1717,1969
1483,960
3916,5459
3812,1307
3381,6948
12,706
1428,2859
3192,2585
2290,3843
3378,762
2411,3650
689,3180
5816,1972
2988,3192
1236,1525
2559,2120
5176,4631
2229,2651
2113,4072
3633,3887
663,2485
3724,4480
321,972
3460,7510
2618,3260
5175,2831
954,1277
6611,5543
3568,3645
1803,3537
80,636
4992,4993
3352,4191
2210,5412
1137,1435
5439,6261
1487,1471
1211,1849
3459,1549
3691,5568
68,4587
5796,5178
2778,2946
946,56
1320,2508
634,579
319,1622
1386,1253
2326,3537
2326,3024
376,1127
4504,3125
3276,4269
5479,3238
722,784
6494,6993
5002,5189
1382,3480
1922,1097
2231,2400
6951,4401
5783,5404
3965,5605
1688,3192
6940,4134
426,524
72,989
5747,5799
7090,7378
5173,8051
3352,4335
1489,1514
5399,5412
3641,4712
8047,6618
3017,2707
15,3005
586,243
1374,7860
7225,7620
766,3464
7755,6044
1151,4875
2565,4290
90,4335
5772,5775
5386,3027
1823,4587
3304,3005
2315,2285
1981,1816
6241,7763
2507,633
1075,7131
4894,6130
2145,2120
2186,3192
4291,6009
5317,5780
1608,3251
5432,5378
6047,5800
1151,7879
1772,3922
1029,243
407,1248
4045,5103
4806,4808
2688,3460
3028,1961
6007,6496
5915,6151
4993,4124
946,2685
3586,5200
3449,6328
2713,825
3316,2651
5783,6124
1267,2831
1612,4666
2256,2918
5655,5103
3033,2328
3168,3334
1166,1964
6959,5839
7047,6174
68,5351
3189,3371
5739,4828
3057,4247
7968,6634
2565,4706
4187,2576
877,878
5544,5500
7910,3962
3092,5775
4065,4331
5839,5963
86,1857
7043,7707
5721,7143
6,798
4106,4110
1719,1772
311,1023
109,6437
6413,4687
4967,5463
2660,3843
5862,6945
151,1633
2704,5072
3449,2790
1102,2479
2576,2375
236,348
4187,7908
3787,4040
1416,5384
5020,5255
4076,72
2859,4234
6486,5773
5226,5605
109,1468
3803,4551
3521,4735
2646,1437
922,1573
1962,2095
3751,5210
4205,4037
3452,5651
6258,6259
4767,5543
5804,5801
5177,6229
1013,937
4967,4297
6618,7683
3449,4828
3209,2700
5173,5902
3631,4011
7153,6914
8085,7050
1320,4980
4536,6596
1888,873
1756,1816
2565,290
143,644
1499,2794
4688,4811
2700,3587
994,1193
2169,8291
1151,6715
1335,1193
110,1092
2258,7478
3965,2328
5591,5799
4937,4792
946,2654
4536,2917
4194,2066
5010,4037
3453,4653
457,7624
3877,5683
3634,5155
3958,4485
311,887
2174,2332
311,663
3976,2369
1167,1487
3568,4098
4046,3346
308,2297
55,1020
457,4231
29,893
6615,6946
1700,2128
996,2651
2871,3806
6772,7225
173,5055
3046,3050
3292,3291
922,1156
4929,3456
29,7052
2768,2902
6280,7529
1135,975
2403,2542
310,813
1549,1297
5439,6686
5243,4587
1356,3020
2686,2297
3032,3724
3291,2595
32,214
5263,5784
2169,1374
110,972
1919,2205
2297,2290
2774,4646
3333,2290
4751,3352
3274,3962
2696,2576
290,1726
310,317
6946,8130
3203,2662
3032,3615
5196,7561
2546,2801
311,1012
47,4189
2290,3260
4653,5309
5584,6576
3806,3807
946,2485
4948,4247
2506,2066
2560,7059
3452,3586
3614,3456
86,600
7047,7996
2546,2542
1948,2470
4076,5804
6097,6832
1352,372
4963,3691
7995,7996
2972,406
2565,4735
5776,5998
3034,3092
5222,5479
35,402
3985,2811
5817,5709
5796,4361
2510,3253
707,826
1350,2151
3209,3447
7900,8192
127,332
4598,6739
2935,4719
2249,3348
3382,2297
8036,8124
5818,6255
2871,2775
24,1717
816,3922
4824,72
3483,2657
8061,7553
5691,5020
3796,3284
3642,6948
993,1103
737,3452
904,575
4982,3537
1428,2106
2713,2506
722,5022
3028,3670
1549,4811
20,765
37,4735
1286,1230
5439,4441
2696,633
6949,6765
996,3106
1887,763
7064,2565
7043,8226
3461,3089
1098,5800
1129,993
708,2322
1808,1622
1614,1442
1838,1137
1925,1855
3168,4463
1497,2763
2576,5210
3032,2713
109,1758
7050,7839
1847,2398
4899,6327
2135,7908
5195,3106
1896,4536
2384,5022
1997,2332
1352,1319
1497,15
2435,3034
4967,3634
159,153
4948,1191
5589,4964
4967,5697
4056,2790
3010,2727
986,8290
457,4191
1684,2625
922,1031
2654,3541
306,739
4632,1823
6638,6555
53,806
1151,4338
5119,2592
5857,7553
1583,2665
1210,1514
3641,4110
1183,1186
7862,7860
1796,2440
2972,6611
317,948
2690,2325
3872,3321
2695,2651
2116,2504
7086,7414
2230,2117
3995,2535
5812,5423
3641,4488
3291,3562
3028,2654
3813,5454
1554,4310
4757,4040
766,5075
425,7442
8,664
5454,4981
5697,3897
6126,6004
730,86
7086,7237
5697,5828
7057,5819
2623,2501
237,8121
789,1277
2411,4011
4948,4712
3301,3483
2474,2618
71,3529
3226,1267
737,5529
2381,2651
24,813
7959,7961
1395,1641
3634,6262
4750,2696
6834,4037
5543,6594
2326,3114
6619,7362
1975,1284
3402,5506
2696,3854
788,1240
5188,5140
2592,2117
3728,4175
3392,3980
2660,2686
5102,6875
4448,5309
5796,4099
996,2653
1151,214
1374,1534
193,325
2691,8293
203,214
1506,1297
1259,1571
2939,3669
143,697
2618,2120
1542,5103
3642,7054
7647,7666
3297,7397
2297,3260
5430,6156
310,1903
5179,5721
20,61
870,1248
4298,5285
6615,5760
6563,7279
943,2071
816,4289
784,1411
4219,3643
1374,5079
5176,3027
23,1538
4347,6414
432,2958
3191,4824
2249,4361
1495,1734
4524,5773
5543,2507
3034,1297
2871,4256
1549,2650
789,6246
7281,5671
5479,2490
6615,6890
1972,2981
1615,2069
1055,3014
3454,4662
23,904
3190,3084
122,3812
8,433
3315,5457
8107,8141
2297,2240
2072,2999
2691,3117
1074,6769
5103,8002
3145,2240
1055,3580
215,1521
1542,5072
789,4355
650,1286
4326,3089
6,390
4967,4037
154,304
4598,7839
3480,978
3348,6511
856,897
1151,5188
4994,5524
5188,6570
993,1407
3175,3847
5022,5140
6555,2785
3454,2535
6097,7478
4879,2565
2485,3029
3453,1733
5051,7890
3032,5426
2120,2211
1319,1754
4813,6576
553,1186
2381,1297
2948,3164
1253,1501
4065,762
5106,3643
2485,3089
2576,2470
2565,5683
699,406
1022,545
3394,4290
3032,4247
308,2328
2988,4310
560,271
865,2066
1166,6414
5445,6665
2623,2324
1166,5404
4988,2592
5187,5680
2326,2356
4310,5732
4550,4653
5020,3456
1499,1167
1622,1357
4592,2775
1200,2754
4666,6780
3172,1385
346,2912
3092,4781
1549,2016
6522,6347
173,1842
2093,1097
5531,5404
1896,2348
737,1865
3714,2653
317,1075
2326,3291
122,7553
6924,7092
3449,5683
1133,6094
3787,8224
1608,1613
1278,1484
4041,3015
3033,2016
4041,737
7948,7910
1767,1774
5119,4964
25,33
1029,1788
5800,7553
341,978
766,2356
4441,3447
3965,5524
3814,3822
1200,2830
4001,4219
1305,2799
2967,3615
2485,1357
5577,2398
334,822
6620,7119
686,1035
8131,8148
6299,6953
5485,6914
1279,1518
3693,2654
996,2754
4818,2917
352,756
3586,7301
5079,7699
14,1307
5529,5079
6458,8163
5617,7553
1473,913
259,1330
825,2576
6906,6736
6906,5432
1608,1997
3976,4583
3062,2951
2618,4796
782,802
3145,4263
1632,1661
311,2079
7056,7233
2332,3251
3029,5179
3666,4422
2485,1291
1387,1389
3813,3352
1357,1230
104,1103
5079,6170
4574,5459
2497,3010
3084,1935
3404,4940
7294,155
3390,5459
5123,2398
5691,5872
2102,2474
7760,7763
2565,4134
1097,5452
1419,3029
5799,6006
5531,6170
2218,1444
5339,5683
1734,2593
311,1580
624,628
1529,3755
789,4219
1127,1165
2692,3307
3969,4666
766,2963
1050,3251
759,2398
1811,7910
6274,7788
7047,8079
1814,8186
6596,7648
4432,5818
4070,4828
6500,5799
2576,5802
312,636
139,49
2507,1814
2803,2805
5802,155
4662,4536
3682,2653
1204,3030
3352,3691
1700,2794
4044,4562
3469,737
3872,2237
4070,1680
3985,3830
2502,2297
1441,2242
3525,3059
3032,2811
8,370
4673,5584
600,760
2497,1814
715,803
6180,6907
2859,3812
3593,5680
3567,2619
6555,5811
6304,6306
1166,1816
2016,2643
650,290
4040,4529
1167,3200
1340,665
18,308
722,763
766,2237
5103,7813
5140,6566
5811,7254
2565,2144
2549,4482
5079,6778
5524,3381
738,979
879,3875
826,1680
5644,6262
813,2073
110,936
634,1389
3033,3580
6443,6600
4310,4981
1306,3680
2564,1956
6075,5753
1128,1569
102,1437
5583,2765
1705,2814
5871,5295
2364,4424
6484,7021
4774,2326
2109,3926
6486,5596
2702,4574
7056,5839
8094,5022
4124,3276
3017,1291
265,75
6560,5199
2510,2587
6026,2765
1169,5936
2871,4191
2328,465
6900,4875
856,3516
2531,2256
3456,4536
308,1661
3461,2277
948,5253
36,3443
4442,2871
5053,3498
3956,737
311,1277
1615,1649
1896,285
4441,5423
6,1774
311,1199
3447,6907
2156,2157
180,2643
759,1697
3447,6337
1166,2345
2863,2880
1492,4162
7055,7047
3642,7094
319,255
7549,7553
2576,2474
860,955
2109,1211
306,3191
1166,2364
1156,1022
1236,425
1395,3033
2573,2575
7719,6523
6443,6634
2145,6441
2988,4884
2688,2593
1278,1618
4686,3664
2693,3615
2737,856
3766,2411
143,647
2972,4987
1233,1326
2935,5055
5175,4653
5934,3291
1185,1525
87,5200
915,86
1319,4323
766,1166
2072,2157
398,5543
7086,7378
600,15
1305,2999
457,2435
3291,2326
6615,7214
3660,3615
7241,4432
5531,5683
5531,4534
5796,6388
2323,2369
947,4247
3275,3417
5591,6566
1151,6523
2947,2660
766,1186
974,3946
173,3910
583,2535
4846,737
5285,608
1835,2160
1766,2290
4550,6979
2872,3816
4483,5760
3787,72
1428,1983
6487,5037
715,1286
6906,7295
125,29
4557,6029
3258,4453
1549,1157
3274,2790
3449,4781
4310,5697
6907,7651
6615,2511
3724,1729
5524,5697
2256,3893
5582,3643
3976,4966
2485,4247
457,2001
826,1521
1098,1080
1896,7707
7241,6123
695,2210
2565,3787
3453,4824
17,3
4353,4127
7052,7450
763,765
275,1357
4037,2014
6941,5529
766,5254
2912,2900
813,994
457,3562
371,1032
3144,2657
3792,2727
1193,1518
5360,5430
3168,3946
68,5994
59,252
3449,4574
7588,7391
749,2324
4070,4400
1744,2900
5322,2909
1608,2079
56,6
3213,2237
5189,7289
5079,5637
72,4099
5816,2774
2688,3191
3615,1706
2565,2231
371,677
7057,4875
171,1211
4151,3586
3633,2508
6714,3885
6516,5479
791,6914
7459,7131
6359,4488
1492,2066
1583,2721
2062,2923
2677,5922
2708,3002
4099,6890
94,28
1748,4480
2237,2651
4948,5812
4152,2145
11,959
2326,3404
6619,7529
727,3104
3477,3010
2410,4929
5188,5693
7053,5887
5491,4600
3724,3787
546,3650
1210,1814
3142,8212
3786,5423
3519,2831
2504,4191
5036,2787
36,5897
463,28
1247,960
1808,1783
4988,5790
2813,2814
7,1919
5800,5022
2559,417
2485,4212
310,6505
1200,2231
110,844
996,1653
1319,3253
180,3136
3390,3910
986,2328
3453,1799
2700,3258
3479,4323
2696,6148
3259,3265
856,825
6899,5800
922,1506
994,304
5429,5430
8150,8275
2686,3285
5543,5998
2159,2246
1424,2371
2688,5509
2297,737
7047,5614
3589,2923
4315,4820
334,1014
5099,2831
5316,4712
626,1141
1487,298
2296,1888
407,1918
1480,1658
1608,2398
3982,5412
2700,2799
5809,3897
5531,5002
1305,56
4792,4777
3394,2747
5655,4786
237,1855
6624,6665
3630,3973
3642,2620
2900,285
2233,2504
139,440
8,810
172,3251
1374,2157
5800,5806
5079,5732
763,820
6801,7414
6907,7012
3350,3897
2658,6665
3969,4809
2576,7120
5103,6417
2595,1548
1151,4044
1772,3136
1542,4661
2699,3946
1496,5239
2861,214
3032,4432
3568,3843
6,617
2565,5404
766,5072
172,744
173,2400
2700,3030
749,5412
6327,840
3787,4037
1236,1496
3956,5697
4828,6094
3845,3554
6907,7795
1221,587
825,5817
1133,5106
1730,2016
2072,1836
8085,6618
291,4666
2549,5651
3334,4290
457,7961
993,8290
166,1585
5822,7422
3402,3607
2542,2576
3607,2516
17,941
3642,6337
1151,2516
1184,4040
1305,3265
1075,4276
707,978
3985,2775
86,878
6916,7757
3589,3276
306,587
6006,5812
5022,6498
2249,6976
838,6004
993,2814
8,6
2230,3005
58,5378
3055,3473
6525,840
5172,5828
3447,6105
4056,5055
4454,3645
1353,1548
209,696
1471,1768
2884,2880
1098,6330
2667,4310
1497,1580
6174,3238
2950,2707
2231,2594
1571,2066
28,616
737,6221
3032,6218
2297,3024
3536,3520
3522,5179
3181,4600
988,3681
2062,3265
3352,4011
2328,2400
3854,2134
4712,7047
2256,3352
4653,5260
5263,5850
1471,1199
2707,2619
4536,4219
5172,3796
1550,1157
844,682
2473,2821
5549,5020
4124,4201
1041,5308
2379,1307
5125,3634
3033,3026
4041,5262
1319,3276
191,372
3541,2307
2052,1097
4045,6166
650,2830
1608,1662
465,3562
971,1525
20,379
1164,3755
2713,3258
7262,7054
5185,5563
2688,6599
2135,2470
2773,1592
5424,5423
1042,2231
1210,999
7571,155
2883,4310
3692,72
1670,2120
2808,2809
5624,6148
2135,4536
275,299
36,7289
3634,3755
3969,6481
3586,4441
3660,4485
11,1230
2274,744
39,35
2326,2289
3631,4037
66,1267
789,4037
996,5790
788,974
1006,1600
3571,5814
4632,7295
5342,5693
3439,2290
5827,5254
7053,7378
2595,3352
787,4103
633,769
1098,1583
582,4735
143,339
2746,2474
10,306
3457,3276
6,1648
2072,2794
6714,6123
5029,4653
6068,5210
738,748
345,348
1151,2963
4712,7707
6916,7442
6907,3726
11,2506
1439,1814
6133,5437
4297,6699
4416,72
172,3164
1279,1768
795,882
1342,1193
1350,1035
3447,4653
1193,4037
6023,6437
1772,1374
3973,4303
7225,3310
5028,6907
59,204
2233,1492
2660,5732
5655,7146
6016,6914
4828,7040
3175,5026
2660,1990
6299,4713
3916,5775
2330,2333
383,140
2832,4783
753,756
4036,5994
2972,4992
993,1608
6608,6323
4152,2592
55,86
1615,1811
3562,6832
432,317
4211,2326
2099,2244
766,6029
1827,1842
8,356
1988,1622
4144,4289
86,6094
5932,5872
5543,5739
457,3724
3631,2364
2968,3454
3352,4247
1264,1241
3522,3976
5217,2369
4124,3615
109,7005
8046,8051
7744,7553
879,3014
2507,2834
4044,3089
3457,5092
1522,3297
5487,4435
775,549
1041,4875
6510,8134
1549,2354
2411,2674
981,271
825,3969
1697,2535
2542,2623
3451,4386
6907,7423
941,2102
4686,4717
2790,6945
3402,5392
2907,2398
7774,5605
2565,3026
805,3352
6976,3459
5796,7414
5841,5305
737,6442
1221,1378
1382,1100
2940,2210
3465,3459
7280,3297
4828,6474
4096,825
2541,2963
1985,2231
7733,5605
9,34
5553,6914
5696,6613
904,1973
3032,1385
826,1167
5878,5482
1733,6774
4070,3274
6941,6327
1074,6600
2555,2809
1259,2338
1466,1377
2792,3007
6855,3084
5818,6441
2230,3541
1352,1920
689,644
1772,285
209,214
1074,5818
789,717
710,1496
7052,5421
4036,4953
3456,3910
1470,4712
904,1700
1701,2381
600,5543
4222,4463
2375,2240
1142,7115
2998,2830
4967,6505
311,2625
1124,2168
2842,978
3728,3887
1357,1439
1594,1963
4948,4600
4632,6933
236,310
11,1592
3691,4234
1564,1953
766,5511
1352,1248
2612,3439
5773,7839
2252,3946
3461,4625
546,3516
1922,856
11,1160
5263,5449
4824,3755
479,545
813,2696
5871,3334
4795,3897
3949,3980
8152,7553
11,1420
2693,2550
4929,2381
7047,3293
1492,2322
7743,7992
3593,5404
2474,2328
3402,3958
1500,5253
2381,3192
896,439
3642,1548
6170,5624
4041,4899
1583,2117
2299,8174
3642,5756
457,3911
2565,1633
5189,5514
826,937
5445,5839
5524,6305
6299,6496
1267,1250
7424,4037
4428,5092
5820,6596
5020,5335
4040,5123
1374,298
5189,5305
698,2595
1470,1471
1997,2241
791,1884
3394,7620
1647,4037
2703,2951
7865,7063
5524,6790
2231,2650
583,2398
737,6624
822,1908
1029,1802
1297,1633
1972,1918
1976,1977
1137,2777
79,930
3615,3969
1980,1585
5196,15
7335,7833
86,56
2387,4400
2696,856
5199,6560
1697,2580
2411,3050
143,390
1734,7632
6,893
291,3976
2565,2768
171,1140
1482,1484
1074,6409
157,1556
6274,8295
769,228
2605,5637
5180,1733
68,3192
3615,1769
4046,6634
813,3875
8051,5812
5802,6330
6,183
2256,3483
42,214
3460,4463
5184,5559
3835,1799
4663,2917
311,861
2206,2499
2693,4980
4425,4297
6916,7553
122,2809
3449,5327
6486,5814
59,3807
6683,6686
266,844
766,7910
2694,3456
663,5887
3814,4030
193,3971
3985,2958
3498,5743
4828,5871
17,359
6359,6855
600,1374
319,2774
6907,7882
2369,6227
3525,2923
1823,1498
132,1100
5188,5863
3390,5321
3106,1403
3394,5130
5999,5620
663,271
9,135
947,3615
4471,3664
3352,3670
2595,2237
5806,7498
5114,5115
959,1297
5802,7143
2838,2657
3541,2667
3634,7295
5173,6634
1166,2128
7180,7131
7886,7890
1909,1908
317,1520
2688,825
6218,7961
1592,3117
2660,2708
7022,6774
5181,5863
1211,1372
2085,1835
1767,2727
3168,3260
1133,4735
2237,2594
1166,3812
3381,7115
2236,2625
737,840
2118,2966
7056,7059
7231,3238
1919,2625
1885,1357
7086,8192
1522,2565
3568,5848
2274,2182
7086,8124
1748,5887
1236,3030
3292,1679
5806,7587
2788,2801
2689,1297
2831,2256
3630,4299
3119,3408
5301,2605
2072,2787
1280,2251
4269,5404
3961,3970
5824,5773
6,1441
1492,1595
2565,2707
4813,6498
1985,2516
635,857
4040,2144
2871,2996
4266,6833
177,972
3642,7839
6068,5524
2688,4099
2560,3681
2326,4043
1055,5863
366,379
5190,2516
317,298
1615,1618
109,6442
2542,1956
324,746
1711,1956
2658,4650
4993,4297
3614,6227
4040,5559
1151,2332
136,4412
2237,2790
3854,4510
5189,896
4222,1305
816,5254
1166,1799
273,299
317,813
2326,3937
2688,3956
813,2958
1552,285
4138,4929
2481,155
2129,4299
2619,1847
1961,2654
1489,1428
826,1849
1151,5182
3124,3130
705,978
1166,2433
3785,3483
7055,4341
4828,5714
4310,6043
2674,2686
600,3164
457,2128
3456,5743
3032,2565
3031,2542
6619,3726
2369,6447
2790,3520
79,50
5524,4980
2118,1700
4550,5639
3447,1823
2967,2912
5802,6400
3586,3587
14,2016
7128,4037
6770,5871
6626,6221
6991,840
8056,7860
946,1193
4353,4713
5802,5200
5802,8178
1151,2085
1614,1774
1612,6833
4127,4011
5022,5121
6869,7214
3381,1403
2688,3114
646,1484
1733,3607
996,7092
5028,6409
3458,5412
7865,8051
4441,3443
1621,1697
7165,7168
1114,1270
2940,6462
2557,2411
4335,1074
1497,1593
1074,5799
3457,2114
2716,1384
2326,4188
6914,7757
4967,5848
1667,4341
3137,3140
2654,3529
2551,2504
5179,6262
90,750
5090,5459
766,762
3634,3897
7614,6914
11,334
722,3796
2707,3180
5531,4412
3463,3014
993,959
1360,2654
3274,5459
4310,5226
315,1123
5290,4824
173,5106
5179,3631
1487,887
403,2814
59,86
3000,3568
1032,1357
5524,6560
3276,3562
1166,1097
4932,3433
737,6567
6272,4099
4828,4797
1919,1550
136,6299
2950,2963
1549,2157
2497,2174
2225,2145
2900,2654
6907,5233
707,1855
1000,5798
1769,2535
2145,2871
5822,3919
5802,7101
3456,5100
856,3435
2651,4962
3084,2657
58,1186
2687,3307
2102,1492
29,389
2702,2592
11,3843
1762,6700
3344,2594
994,663
2566,4994
4937,2787
1612,6624
545,3459
6494,5393
313,644
346,3034
1129,1557
315,765
6494,5254
4124,3394
2476,1357
1253,1788
5246,2822
6618,7381
4748,6571
1820,2510
36,972
5188,7233
3615,3804
4355,5176
5818,5423
2653,2237
967,742
2565,4605
556,2612
4426,4666
83,8287
6494,8019
5649,5650
90,4735
3142,6759
326,488
407,762
2085,1419
155,5745
3973,2859
2120,3429
1796,6305
7884,7553
5802,5824
75,1248
2593,3650
6618,3803
1756,1849
3787,6948
1619,1726
306,3847
2410,4400
4073,6327
4653,5326
2547,2504
128,356
6914,4875
1814,7553
4442,5092
1151,2999
3192,2485
5173,5012
5175,737
6714,7478
5079,4964
7772,8212
7045,3381
6414,6918
6712,7675
634,5200
4588,3352
241,1186
2072,2777
11,1032
3449,5798
556,710
6486,5811
6323,5596
1151,587
2688,2594
1473,4071
7234,6907
600,763
5816,6566
3453,3813
795,999
2659,2655
270,1284
2052,993
2912,1357
24,6855
5862,6124
6624,2940
407,2693
111,271
5806,4966
2623,2398
1972,5827
2871,2707
72,427
6914,7890
4073,6437
1749,2508
3456,4578
5190,5155
109,6043
312,644
1374,1166
4688,4999
10,760
304,1757
6624,6241
1847,2178
3144,3338
1748,6006
5798,4798
1135,1439
6596,3381
4490,762
4099,4822
432,5459
1608,3646
2485,5178
2256,2902
10,30
766,1211
6305,6044
2177,873
6271,4715
2658,4981
4688,4551
1823,1717
7362,5233
28,151
6607,5827
6452,8297
2702,3456
1792,1521
3024,3307
1549,4448
5061,4527
763,1633
2259,2246
3274,1549
823,313
682,684
5123,5684
4099,5684
1717,1987
2371,2657
4564,3796
5804,7021
5797,6501
497,8
1492,1880
5553,7813
176,948
5814,2160
2230,2651
3631,6918
7279,8192
2547,5072
6272,1823
7401,5872
784,8292
837,6229
3642,6721
826,2856
2713,3973
5739,6624
11,2273
4598,5697
1373,1435
1133,1622
2328,2707
5059,5384
1501,871
5647,5285
11,3956
2819,1633
2472,1437
426,32
6608,6707
2326,3976
3521,3005
2003,4531
1166,4099
4483,8174
2240,7992
3451,2981
4036,4162
3925,2653
1166,1322
7057,6979
1233,1439
3276,2510
4686,5092
663,2381
3032,3843
5189,5437
351,3946
3643,4297
567,371
4438,4040
996,1412
3995,3456
5807,3897
1594,1595
20,3371
407,763
311,5463
4027,4179
4967,6225
3635,2535
2693,4811
319,656
6951,7778
4625,3103
3447,1310
7588,6174
6596,8178
8,667
4070,4482
712,1585
986,1307
78,421
6327,7319
3463,3334
1428,1805
5079,3103
3258,6979
1386,1903
467,4247
3902,4666
36,5529
5452,6860
4138,4480
946,2689
3660,2516
4123,4323
4740,4735
3615,3796
1526,960
2842,3681
2688,3835
1621,2240
3568,4551
2256,2294
4828,6001
2565,7726
2229,4323
1470,1166
1471,1758
6006,7803
2713,2144
2860,214
6305,4717
2688,3024
5824,5848
2565,4401
6624,7871
3642,5994
6,1669
89,2328
5675,5072
6714,2851
7648,7391
1522,1956
5813,3897
1967,1723
4550,6982
2116,1977
25,35
1395,3059
2964,2384
2697,3084
826,3251
647,2062
6445,4037
1622,2474
3457,2811
8,319
2623,2535
1615,763
4632,2925
407,4735
3110,3117
6596,6774
7092,3310
3798,2859
1098,2114
1808,1816
457,192
2964,1437
5817,8297
841,3251
2120,1608
6004,2940
3176,2371
3144,1166
782,798
1055,2157
5176,6029
1062,35
4618,4646
4694,4261
29,183
335,2592
12,236
6759,3830
3276,2210
854,4175
4879,6907
546,1956
1037,1966
269,977
7903,7908
971,1014
72,321
1549,4189
986,2625
312,1203
457,2157
4947,3284
1193,871
2547,2972
171,1484
1734,2625
7691,5933
635,304
2565,4341
11,4719
457,2456
4664,2456
1067,8290
4310,6784
2410,5539
173,2253
3541,2585
805,1230
5179,5529
4531,2775
2328,4256
310,2794
4547,3014
686,1080
1997,2165
4715,4298
173,2381
695,5487
2365,4099
2299,2851
1395,2805
813,1248
2871,3029
5998,7143
3766,3028
742,659
1029,1661
10,6
5179,6029
2256,2475
5862,1549
7768,7890
2699,4365
5020,7478
2115,1285
5008,5303
1291,1203
4441,3843
2274,1964
3518,3005
3350,4962
3645,4510
5427,3089
2691,1357
6875,6442
280,15
3682,3946
2988,2592
3010,3483
947,4385
4550,5262
4899,5239
2003,3480
2297,4269
2958,4530
2065,1772
5796,1498
2872,3800
2384,3498
1241,982
956,663
2653,3480
4899,2576
5054,5055
3973,3813
5430,4712
2255,2560
4828,6628
1820,2599
3586,6123
3586,4218
3447,2775
1095,1836
1236,1211
2765,2273
795,2117
2363,1035
312,1619
1555,1563
7047,7810
336,590
2585,2746
3448,1688
3642,6560
2623,5568
3439,3885
304,908
2688,6337
1319,907
1350,1701
4574,1305
3144,2290
5908,3334
2356,2727
4099,5423
826,204
2774,5262
3969,7040
7391,7237
14,1927
5,8
5802,4798
2972,4331
5802,8212
2120,7632
2674,2830
6913,6784
4948,2354
1506,559
109,3634
3641,2958
1169,3307
7425,3334
20,631
90,321
7727,5839
6976,7101
1470,5449
1700,1918
3009,4528
317,29
11,72
425,6770
996,2128
2510,2693
6624,7695
3238,7624
75,771
2923,1734
2790,2174
7295,4071
722,2838
2171,2708
78,391
3729,3562
5404,6094
3449,3454
2791,425
3454,4808
3658,5799
2257,765
737,6566
6855,8042
3641,5335
3453,6006
415,405
3352,3562
2713,1990
1050,1855
2713,2325
1142,299
5301,5188
161,1754
6280,3726
3792,6347
4712,4875
1522,741
6,1160
600,873
634,2565
2972,6774
2698,3020
3796,4814
2746,2066
4044,3537
7769,3752
4706,4792
36,600
2967,4792
6299,7359
3724,825
2871,2790
432,765
7686,7683
1062,1201
11,1701
988,1688
5262,3643
457,6840
1305,4181
1608,2805
1748,3117
3615,4013
3168,5454
4967,6272
6665,4441
600,2587
5118,5683
127,152
319,182
6272,7908
956,1039
3646,8294
5515,4191
2379,3787
7391,5210
5553,6306
5233,7301
5226,4310
3634,3394
173,575
1428,2685
5806,7422
904,1103
7086,5800
4355,4600
1709,2794
1808,5721
742,5073
2972,4338
1614,4600
6048,4310
1741,1419
1661,4791
5644,5524
789,5994
15,61
2452,4037
3352,3557
457,6774
4673,6567
2775,5100
1814,3033
1098,7386
1835,2834
2611,2625
259,356
2387,2470
3453,4044
312,600
1738,2085
4065,4417
5103,6599
11,2593
2200,2202
2550,2579
14,271
1374,7707
2842,3970
4222,4510
6218,5897
3227,2651
6755,6774
24,1836
4045,6576
1496,1734
984,1261
3455,2145
11,310
626,673
1167,1193
6320,6530
2651,3661
3352,2145
24,1501
6320,7979
1381,2697
1204,1633
4437,6976
911,1053
1795,3393
319,1573
1492,3897
2700,2667
11,1525
1279,575
2565,2542
663,2592
3447,7833
3454,2790
707,907
4044,2871
3479,5637
2940,1026
5531,15
5188,5827
86,228
162,246
1055,2416
1075,1622
7415,5079
4152,3014
4121,2328
3666,5509
457,6097
3976,5215
265,29
4967,1549
14,584
6596,7979
1207,4099
2871,4534
5439,6498
904,372
109,6417
1062,993
5189,5564
4701,4261
407,1164
2474,2646
2940,7301
5531,7073
5811,7149
7107,7108
11,2411
4001,4040
3635,4373
5515,4666
1166,6218
2703,2290
310,2381
1506,3253
663,1053
1608,415
4967,6668
2667,6006
3456,6496
4355,4483
2230,1608
5697,5818
48,356
3728,5828
151,972
4040,4778
6077,6078
315,5683
3258,3587
3453,4068
3800,3454
4437,6979
3032,1680
36,667
5872,6634
5612,6006
315,4037
2298,2926
3642,5872
1305,5155
2229,1717
5180,5459
395,5872
7300,7301
2565,8212
3477,2411
1615,1566
2129,4528
1211,1286
3092,4201
6305,7874
1506,4349
871,1518
689,789
2549,3029
3304,1744
3902,3455
1719,1031
1610,1641
1921,1230
7670,6712
3073,2625
2375,5568
2319,2325
7580,7587
904,1979
4310,1191
922,407
5524,2440
7011,6774
633,798
825,3568
94,389
371,704
795,704
3631,72
2398,2686
971,317
4764,4712
1407,1772
3961,2619
1166,2193
2328,3926
374,419
2972,3002
6624,7280
3402,5130
5531,1823
2565,3456
742,1167
3297,2356
5173,7119
2659,3005
5078,3284
2356,2585
1319,1805
215,1726
1473,1880
3642,5487
5439,2914
5454,7373
1549,2794
6907,6780
3586,6251
879,2398
5468,3456
335,1513
766,4315
11,1990
2851,2508
8,322
3958,4269
1487,1618
1814,6001
31,8287
304,2499
3724,2544
1922,1706
4647,2326
2375,762
1972,5626
2258,5784
1583,2273
4487,4191
4344,4384
312,794
2565,2754
310,1585
4310,7238
1552,1239
154,1211
2704,3348
738,5301
4013,2565
3402,4613
1098,5415
4124,2134
1549,1534
1441,1186
319,429
2630,2593
2811,2398
42,7108
4310,5800
4966,1680
2842,3812
1167,2470
4070,3562
2506,2727
7179,7131
813,3681
5531,7512
1210,1425
5553,5037
2793,4828
1783,2062
71,7921
4048,4049
2120,2145
4967,8295
306,1039
3453,5028
5391,6414
2599,6251
1179,15
136,5529
6032,6736
4099,346
6243,6606
457,4099
6907,6976
1885,2257
4980,3274
3522,3529
7086,8141
2596,3073
4574,3334
3787,3479
6043,4341
844,308
1919,2828
2564,4338
30,5254
695,4011
3593,2851
4044,3271
2237,4276
5812,6901
275,417
6032,7131
3615,2760
1133,5301
317,1538
706,1649
1552,4735
2688,6407
556,895
173,1621
2452,7050
1066,243
7270,6784
3569,3541
647,985
6885,6634
3659,3892
3563,2667
143,6156
5172,3755
306,4661
3462,4124
24,2667
5011,5506
6305,6803
3010,3776
5836,4310
988,4735
2746,3562
789,5073
795,2981
457,5189
6618,5465
3646,3650
6618,5697
5871,5182
2790,2838
788,4201
6241,6555
4310,5499
4065,4713
5667,8128
226,1569
1390,762
1542,2348
306,748
2274,856
3871,4999
4653,3755
5162,7553
1919,2137
2547,7115
1024,1291
3334,5233
5531,1982
426,8284
1748,1521
6082,5079
1357,1604
1697,1935
6305,5188
1820,2685
2859,4290
825,2700
5543,3015
2328,3394
1522,2618
5529,1982
769,2542
5811,6945
306,8288
501,2805
2778,4173
922,587
4967,6950
1380,971
2594,2700
172,2686
5582,4748
4448,762
5400,5683
5181,5459
4178,4191
5423,6334
7057,4981
36,1816
6615,5148
2688,2667
3457,4827
308,644
810,1597
5796,3842
6615,3809
1111,1583
6218,8121
2688,5226
798,4373
2323,737
1583,2830
615,673
2819,4536
5524,7381
5692,6327
5524,5760
1583,2470
1470,4099
306,1167
1319,1253
1182,299
2713,3871
1100,2657
6895,5563
1395,1723
5013,4587
1555,1774
6323,5200
5184,5189
2402,1100
10,319
2653,2565
3969,7553
1992,1492
1339,1956
4437,6305
1097,4124
5059,7052
1701,4551
1772,2066
6460,6946
6619,1403
742,4424
2258,1166
2619,2585
766,5215
1385,2612
1857,1230
138,271
1549,2193
126,756
4829,5155
4574,5963
457,8198
4828,3976
1803,2168
7733,6422
6907,8122
1603,2435
176,857
36,4717
4967,5121
1719,4712
312,1211
2258,3586
457,4037
4688,2456
3172,4645
2297,3014
4152,3806
1169,2951
2044,2470
5884,5886
3227,4983
1552,1285
2958,4256
400,686
1772,2341
4948,7092
6032,7544
6270,6994
4343,6897
1133,4822
7335,6555
3168,3516
996,608
766,5835
1521,1000
1722,5925
6907,2223
1492,1103
1621,1987
3457,5800
6004,6832
2264,6833
3352,1297
4024,4986
4008,4780
2065,3458
1516,1441
4138,737
2328,3769
3035,2912
5446,7620
769,259
5190,4653
6563,6299
4899,5430
4040,3562
81,192
4310,3614
5524,4037
2700,1297
6613,7587
2565,7813
6900,4037
1111,3897
4973,3452
1200,2787
2229,3319
2623,4687
72,667
3666,1185
90,290
1166,3255
3648,608
1542,7074
4347,6174
4136,4269
4710,4875
3792,6305
704,762
1506,3276
1661,1297
4795,7839
432,1296
649,447
1350,2240
2357,947
2871,2506
784,1633
138,250
2880,2686
3035,5412
3480,2657
4441,7683
6377,6855
2063,2625
2120,1772
3032,2747
11,1196
3912,3291
1386,1353
2510,2625
2276,6739
1167,1618
203,1842
1991,2685
3447,7012
4276,3910
26,370
1137,72
7198,2785
7,271
6,1222
5339,5484
784,56
6020,7092
3814,2859
6986,7143
649,673
3402,4796
224,1793
1305,1604
805,825
722,308
5059,840
3034,762
2507,2617
1320,5288
1538,2643
1024,3408
725,749
6123,7185
457,1972
1729,2348
3173,4191
5543,7063
49,214
708,1297
686,1658
150,4403
766,7879
5009,3447
1487,1658
1097,1595
4550,5509
3456,7620
4894,6029
1428,2693
5552,3238
7766,1191
2701,2225
6784,6934
1496,3562
4331,3634
639,749
5189,5638
1789,5824
988,6044
1661,2535
6360,5012
41,1282
2696,2708
1279,1732
472,8284
2485,3164
71,6327
1820,3089
1500,3117
2565,5092
1111,4065
339,1485
2085,2400
2541,2617
1236,1168
5089,15
7808,3962
2940,2433
1549,4117
5768,5415
4451,7115
2231,1492
5184,5637
364,1267
3458,3453
1496,1319
319,600
5185,6481
3144,2456
21,2181
3660,4256
1029,1496
1608,2116
1547,3253
5316,4448
4547,4189
667,6006
7490,6934
2332,3410
173,1556
5524,7695
5524,5246
4065,2328
7901,7979
432,1201
826,3140
879,4051
317,972
304,271
7046,6712
6525,8297
3728,1307
5800,6665
6327,5807
4714,737
3451,4797
94,1243
2560,2593
335,94
1133,4719
7021,7414
1570,3164
1552,2106
993,3970
193,3005
3125,2651
6245,7632
1705,765
1141,545
3787,3885
72,3498
4440,4613
3057,4124
2688,5061
2093,1835
7514,4879
1705,1565
68,2643
722,6432
1549,5285
3381,5814
1368,1816
6620,3726
6916,6946
7390,7647
6618,6784
197,259
103,3537
5181,4631
6829,6833
2688,3458
2369,4276
1395,1965
766,7168
2237,4424
5589,5459
6951,7092
7900,4037
1701,2585
2133,1291
854,904
1980,2685
1151,968
4212,4191
707,1319
3614,896
311,7620
2411,2746
3643,2605
600,1585
5339,3456
1151,1919
11,2240
4536,4531
5306,7092
68,6229
1614,4335
17,624
1041,5743
4977,2369
46,204
310,2066
789,1774
3455,3911
2256,4678
695,1585
3284,3285
2115,2645
1751,1717
865,8293
1296,3192
1098,5807
1133,2859
3682,1549
5704,4828
2062,1166
4550,5511
3845,3847
1972,3026
3447,6262
7166,7168
5181,5482
2326,4031
3456,5092
11,1190
151,1638
2371,2251
311,705
7393,7414
3456,3792
1521,2120
1621,1749
2258,5947
2485,4037
3728,2066
1489,1621
2398,3937
166,6945
5079,5289
4800,4040
5857,5022
988,8237
5697,5457
1424,1622
3456,7400
4687,2440
5487,15
5802,7491
5125,840
6615,1982
2958,2256
1006,937
3009,2433
7127,4037
5553,5484
1667,2328
143,1413
7792,6032
3614,3027
5020,5148
3109,4401
4686,3554
7180,4037
3192,2072
138,439
2981,3910
5176,4986
1395,1729
6359,5188
4042,1239
2156,2233
2323,1492
4989,5697
2411,4024
5189,4574
1151,6327
1922,3871
2658,3752
3453,2765
3032,15
1803,2109
3006,3029
2699,3018
334,36
764,762
1748,1026
2535,2066
635,1861
4948,7860
6674,6156
3642,5079
488,549
1855,3136
727,737
3443,3813
5188,3393
113,981
152,28
2229,3265
87,3443
1594,1442
5484,6124
1166,417
666,667
996,1353
1874,1717
2062,2073
6299,6270
1098,6334
4982,4099
1133,5635
4153,2328
1133,1555
813,871
4273,2612
1127,2787
5524,5582
2871,2456
173,1730
2062,2285
103,579
5812,5814
2560,2972
1615,1991
6523,2433
1756,1798
4297,3645
1547,722
3622,2544
5118,72
1621,2763
2909,4735
4899,6481
3630,3562
6510,6833
2658,4811
5079,2565
3560,4485
4795,1498
583,214
1151,5775
3291,3970
1549,1793
5800,5210
3168,4613
2257,3352
4142,4359
5008,5130
922,1497
6620,5818
395,321
4363,2871
4310,5760
5059,3809
1166,2653
306,1022
311,1538
1419,2256
865,3554
2065,993
457,1734
33,183
457,1537
2452,5811
5316,7662
3645,2859
2120,8290
1204,2713
5185,3873
3854,5637
4212,5350
6577,2160
5243,5423
2444,2470
2369,5123
6885,3334
1986,4110
2535,1453
3270,2625
1166,4065
5024,6148
856,5002
2472,2922
737,7397
4045,5445
2887,2470
3787,4055
5822,7651
3498,5693
769,559
2585,2066
2842,3439
2369,5305
798,3568
2117,204
58,127
6618,7604
2473,403
4070,5683
3145,2328
838,506
11,999
5644,5863
1044,2686
4353,5484
3010,2597
312,982
6596,7882
2186,2922
4967,5055
5582,6855
1167,1478
3830,4796
5179,5200
3378,2485
3458,4547
310,5844
89,271
1525,1654
6023,6441
4142,4713
365,56
4781,6246
5806,6243
19,55
663,1961
4045,3785
1799,3498
7379,7381
27,19
3591,2517
3601,4797
5814,6979
2198,2247
151,942
1605,1442
3630,2066
7933,6875
4,232
2363,1393
1470,3910
290,1927
2790,2900
1463,2565
5532,6832
2972,4689
3352,3892
1247,1428
1319,2307
2658,6523
457,6464
1603,5254
2565,1744
841,2707
2981,5969
1151,417
8045,8246
2192,1315
836,3026
1166,6299
5787,4276
1622,4795
5002,6946
742,5745
204,214
6032,6442
2328,4099
5189,6327
308,853
982,3173
856,6946
813,1097
5185,6955
5816,5254
3666,3460
6627,7529
5529,7074
7774,5022
176,271
339,5335
788,1140
4967,2576
1697,2552
2774,3976
1756,2972
5187,5828
5787,6098
2689,5886
879,3439
1009,1966
3762,4453
7755,6634
5647,5301
2560,4044
138,1192
3098,3099
5445,7146
1166,3456
4948,3027
899,2618
788,317
2357,1754
1549,1661
697,4574
1381,813
215,8283
2411,3483
26,349
2655,1315
5806,6327
2240,2651
50,216
5189,7701
2918,1705
1748,7890
3625,1239
2062,1353
2713,2585
854,2251
6772,6976
3515,3516
7383,5233
312,682
1137,2781
7080,7879
2967,2290
663,798
1200,2322
173,2071
1201,1428
457,2696
4828,6953
600,1633
2297,7168
2326,8293
326,140
5110,5545
737,5902
2565,3887
5189,6148
5822,6634
4065,3453
5806,5233
3813,2134
122,3661
2153,2594
2859,4468
201,55
4948,5335
2704,5445
1282,2777
1997,587
4550,5037
3028,2209
7239,7553
5771,7054
844,857
2415,6560
3666,1159
898,2511
2654,2686
4046,5288
2297,4013
457,2397
1184,2801
5404,7646
49,1123
1133,4424
4964,5055
1497,2297
3453,4261
1603,1243
3219,2237
1549,2999
5820,7763
68,1437
789,2398
2851,3144
4899,2592
988,3538
737,7116
7086,7833
5857,7961
310,710
1594,1649
3642,6901
1641,1035
3482,2687
4652,3453
1335,1638
1098,2650
7217,6994
2688,3033
1542,3967
4045,4938
6,1220
11,694
2229,1250
2989,4999
4632,3958
280,422
707,1808
1305,214
4364,6855
5196,6832
1608,1319
312,1692
5427,2001
3390,2605
4828,6765
1465,214
8092,8192
311,1997
4315,4191
2582,2587
41,54
7049,7803
766,5100
3965,5130
1200,1792
2565,3235
16,749
11,1692
6714,5806
2613,2811
5806,7439
6305,5922
2565,1548
3665,7553
1210,1908
236,300
3010,3480
2978,2830
5102,5028
1922,3059
1549,3903
6486,7306
171,960
766,3887
2322,2504
4824,5289
7231,1026
2563,2777
3513,204
1031,1012
1386,2205
634,4323
4343,762
4632,967
3912,8293
3519,3661
2958,1918
993,836
3381,4884
988,2322
2369,3447
813,2932
371,2339
905,86
2654,2674
2565,5563
600,5524
4967,5947
6380,6897
4536,3276
711,714
3457,3455
710,3671
2872,1393
42,564
2209,1646
6560,5776
996,334
29,1549
1196,3557
2384,7946
2660,2625
6766,7587
457,7529
6993,7927
962,966
2274,2385
1681,1442
4488,737
3498,2490
1184,4648
7675,4983
5624,6600
2411,3486
5243,5430
11,1610
904,1732
3348,6330
4967,2775
2988,2328
665,4687
3404,3529
3449,5693
4725,2811
1667,1802
2972,4219
3586,2774
20,2900
280,789
24,1641
5986,3586
1384,4049
10,741
4072,3334
4116,4117
2072,946
971,1603
407,1566
2295,1888
3028,4987
457,1260
2559,4290
988,3903
2186,2599
2565,2290
2565,6945
68,3258
346,1744
79,1014
634,2831
3995,5743
290,765
3088,2923
24,3586
2328,4994
2693,6496
2831,1166
3614,3106
5529,6979
791,1597
2660,2713
5810,5254
86,1432
1319,1802
798,1648
72,1538
1705,2256
1487,1908
2744,5511
4764,6665
172,3408
1772,1407
5171,5263
8084,6780
826,1444
1547,2805
157,407
4224,4776
2658,4875
2379,2114
1137,4653
6934,7587
3985,3498
3019,2707
3916,2328
311,1428
2703,2356
3479,4335
7131,3962
879,2240
8,300
769,2535
722,769
1549,6774
42,377
306,795
4073,5274
2560,2256
173,1619
11,1991
1133,6029
3381,5998
5189,5817
2933,2724
4335,4578
1166,3643
1707,1678
600,1963
2172,2570
2062,1965
1111,2925
1759,290
6915,5384
769,1186
766,4748
36,6044
5796,6566
766,978
8262,7389
1230,1243
2117,4875
36,89
11,4299
1151,350
3032,3787
1159,1165
852,545
2608,765
4045,5073
5606,5321
7080,6560
1234,1277
4524,7144
5446,7553
1395,763
5822,7225
2972,4529
6619,5002
3252,2338
2871,465
4046,3958
29,391
2298,1792
5079,5624
80,719
1700,1953
2972,3903
319,2371
7294,6832
6,613
1922,2356
2822,1935
2297,3265
1164,290
4550,6029
5187,5891
4073,2592
14,665
1766,2517
826,3105
644,415
1583,1482
4415,4335
4124,4323
6190,5254
182,1464
6494,5524
290,1973
6772,3084
879,2237
2156,3745
1297,2256
1428,1956
2658,4735
7047,4981
2932,4272
1211,1678
3028,2398
1210,2364
7443,7809
46,407
5188,5932
4828,5457
742,1165
6608,4065
6156,5798
5022,3919
2760,2145
4588,4719
5842,5305
6615,7040
2231,2918
704,663
2109,4021
2618,856
6001,6327
110,313
254,1612
5243,5288
5531,5178
2923,3680
1133,4953
6023,5415
2871,3284
7280,8121
1537,1234
4483,4191
4829,3962
2186,2264
457,2708
47,427
4792,5756
2494,2182
2085,1521
6506,5140
5655,7050
2502,8178
5696,2535
5582,6634
29,538
7054,7648
1352,1979
3452,5539
266,429
645,659
311,2341
6006,6613
5859,4940
3682,2981
5696,5624
4632,7809
4526,3843
3794,2592
5822,7632
4542,4786
2411,1990
71,3562
78,8287
7938,6634
1704,230
59,1000
7054,5393
7666,6924
4151,4040
996,5254
346,3580
1185,1752
36,1127
2114,3117
6913,5776
3995,3634
2297,1297
5697,6251
6618,6913
432,1103
2237,3029
5185,6006
2088,2470
1065,1218
1006,1593
3767,4510
3458,3002
686,1420
109,7788
854,1679
3291,3439
1888,978
7980,8044
8,488
7772,8073
222,348
5697,4401
1993,1622
4138,2764
4748,2822
4187,2859
3451,2129
20,75
4073,3643
6859,8037
3786,4777
4966,5083
173,2106
2791,1166
2707,2066
4824,5527
4036,3873
3569,3580
1792,8290
171,1524
4036,5028
3379,3489
67,75
3028,6475
1166,1492
1063,1465
5697,6770
5079,6594
2485,5233
1064,2225
4447,5860
5472,5028
6494,7414
258,273
6057,6059
5800,4940
2859,741
825,6246
3188,4466
6563,7436
1221,907
4712,3459
838,1717
103,1706
457,1969
5655,6124
1210,1103
4948,3106
2398,3084
6263,6023
4070,5055
1500,2210
697,742
996,4530
4829,4448
3033,2856
312,945
5543,2658
2145,6299
879,3394
9,440
2485,4338
600,36
5479,7632
2958,4735
2981,4037
6802,7243
5577,4098
3454,4311
2696,4124
2958,1026
3453,7624
7733,7050
1542,4578
2186,1808
47,1284
6270,7319
1496,3489
311,2485
789,1979
4973,4654
2593,56
457,1772
2790,2687
86,1859
173,3830
20,650
7733,7620
6523,6948
1487,171
5696,5233
4483,5739
4982,72
3682,3276
312,1220
5439,6567
4144,4795
6,2909
4082,5837
2623,1571
2072,1730
3631,3871
7092,7662
4199,3787
737,1493
1608,8293
1006,2579
1549,2102
1129,978
2654,2653
3599,3173
1608,3099
1278,259
1029,1075
180,1100
177,1718
1769,214
2368,3307
109,993
1594,3117
7120,7809
4065,4531
3034,2871
1253,3033
90,252
5226,7910
5079,5596
805,299
1542,4547
789,893
769,6840
2356,3028
87,3192
5462,2552
5217,4712
6758,6243
457,1482
15,23
1549,937
3209,4124
8172,8174
3586,7050
3461,3073
2230,2685
2565,3148
5796,5714
723,719
3614,5022
5250,4191
1837,2168
1615,1652
1241,3755
4023,3720
2565,2506
1200,2912
4894,6269
4948,5844
4948,5465
4894,1305
4468,3456
2988,2252
6624,7381
173,3976
1823,5439
19,38
3449,4953
3026,4983
2564,2456
1097,2801
5029,5459
4205,4201
2667,5753
457,4814
3527,3483
2381,3352
2256,2669
697,817
2375,6004
3258,3806
25,3
3291,1166
290,1966
6272,6736
1462,2128
2995,2324
3615,2653
1374,2338
1395,1849
2565,1384
2688,4953
327,2205
2940,2974
2790,3307
5160,3897
3635,4013
4929,5083
838,643
2326,1571
136,431
1428,3258
136,5738
2285,1997
5199,2658
2323,2746
3454,4290
3666,3454
805,1603
3568,2859
2967,2790
639,1201
5982,3586
5529,6330
4295,4189
3439,2144
762,1123
3682,4088
1701,3029
3463,4261
457,3014
4045,4808
2276,3459
1808,3408
5802,6435
1550,3117
3453,4879
5814,6980
2510,2805
7598,7683
5812,5760
988,1964
7733,2658
3787,3813
3786,5760
280,433
58,80
2972,4814
6907,5432
825,417
2565,3144
663,682
4781,3873
3806,5123
805,1222
2686,2619
1521,3005
3352,2981
457,2071
68,1792
5295,7839
7759,7763
7400,6032
5020,6994
574,587
1151,4384
136,5482
1496,2410
3110,4587
3453,2565
1133,4047
5188,6860
789,4715
1789,2787
1555,1969
3452,896
236,94
403,402
306,1141
383,746
3512,2328
5524,5178
6941,7052
4297,5818
1341,1193
1549,4335
1207,5640
1703,230
173,1654
2713,8293
307,322
1800,1836
904,1717
1623,993
6157,5404
6935,5524
4077,3103
4046,3458
2272,1792
4536,5254
1050,1193
1896,2066
5201,5079
5697,5800
4535,1688
3910,6918
2900,1706
2102,2576
1374,5233
2549,1734
5524,7094
1919,2085
3191,4666
2790,3376
310,2834
3656,4072
138,440
871,999
280,421
5233,3106
4948,5162
1549,3144
879,608
4142,3034
280,152
215,1199
1647,1279
2700,2542
5022,6432
5188,6221
20,624
3095,2225
2686,8295
1729,1353
21,299
3015,5830
6635,7478
4135,2328
2145,2356
3912,2838
1143,2062
737,6945
2688,5484
3449,2917
3812,4587
2516,5463
3535,2016
2065,1297
1621,1111
7055,7561
1868,1444
766,4043
4355,5737
600,677
643,1279
1820,2856
2111,1688
2967,2516
55,299
10,34
2560,3394
2326,3489
4828,5434
4040,5323
7900,8037
6272,6123
1204,171
4981,4983
6627,7378
5773,7315
3457,5426
1037,1758
11,3404
1299,1525
2993,2991
4219,5459
1549,1985
103,739
7135,4037
321,488
2233,2575
860,906
3184,2654
3192,4646
4550,5637
110,930
4476,5311
2369,6044
7869,7912
5262,5850
1357,1291
5802,7694
5173,5772
1542,1353
860,730
6914,4632
1004,4846
259,1382
1623,6496
5802,6594
663,6123
4155,3615
988,2066
153,50
1241,1261
7080,7279
7691,4071
2560,2411
4441,3458
7449,5812
634,1296
7225,7553
996,4735
3447,6736
6013,7890
993,1482
3009,4365
1336,3792
1374,2508
4718,4175
1247,425
1129,2157
2290,2297
825,6327
3453,3557
1135,299
25,356
3457,3002
2356,2594
1006,1075
1608,2371
1717,2411
2274,2423
3026,3059
3641,6934
4813,6006
3379,3473
2547,8293
3842,3970
2433,2435
879,4359
3569,3352
1997,1991
1357,2968
1394,887
3010,2973
3642,5273
334,945
2940,3892
4632,3479
6619,6832
1305,3056
1166,2871
3615,1688
5079,5802
4077,762
3072,2356
6398,8249
1305,3253
5697,6437
1062,999
2545,3026
5199,5819
2660,856
5697,5022
1823,5188
2297,4687
2223,1613
737,6156
11,4269
308,1476
7390,7047
110,7862
315,778
5189,6594
904,1920
2883,2323
998,2381
1374,1991
1441,904
841,2381
959,1836
2774,2328
2506,6306
2775,2777
3794,3537
1751,3307
1644,5680
2859,2585
3238,7809
12,644
4065,2612
879,35
3472,3460
4748,5514
11,6739
2326,3807
1038,707
2326,3787
11,936
3009,4384
2565,2822
3985,3140
312,956
5839,5439
1733,7143
3380,3173
1709,1297
11,1305
826,1416
2229,1734
6624,7855
3070,3164
3488,1706
3586,5902
17,33
3006,2594
3498,8044
1538,2256
5160,5506
1896,1534
1762,4713
805,1307
7853,8178
2565,1982
89,56
7449,4940
1082,1903
3449,5804
311,3009
3168,3463
766,3034
371,3976
4250,2932
971,1191
457,2209
1390,1420
710,1261
5524,5200
2576,2285
341,28
5189,2398
1210,2181
2297,2542
600,885
4948,3447
1940,1186
4099,4233
3000,8297
2688,3520
7449,5378
4795,7860
3388,2657
3449,4261
967,6946
763,3284
2565,3439
3144,3059
1041,5285
5952,7839
1608,2999
4881,4977
3470,3173
1535,1604
1202,1253
2502,5254
1783,4811
2565,3126
813,5026
68,2697
3032,2900
3031,3516
1919,56
2707,4335
3786,2252
6494,7280
87,4110
3728,8295
4076,5132
996,1473
27,140
4037,4256
4526,4529
7598,5421
4630,3976
8051,8219
2790,3958
3047,3117
376,377
993,1520
2564,2134
282,1464
5263,5226
1151,2193
2264,1049
23,715
5802,7443
3635,3933
6561,4717
5802,5500
6421,7928
5800,6980
3453,4795
4653,5737
1644,3238
5079,1247
4441,15
5584,2440
6486,7237
4725,3002
6907,2785
826,1984
7932,5179
2517,2996
3390,4338
432,4578
2229,4384
3648,778
5807,5384
7080,6980
2713,2746
1166,3291
5608,3755
1754,1729
766,2440
1135,1847
2700,465
311,3443
42,1497
904,1718
2476,2323
4219,2822
1319,1428
405,5412
3666,5305
2566,2654
6494,7763
3290,3352
2566,1374
2713,3506
5655,8121
6993,7005
1029,1662
856,6914
1305,2713
1129,1074
2485,2256
6949,6955
2842,2542
2547,2625
4666,5482
3009,417
2223,3720
1814,5902
3562,4124
6299,2535
5589,896
2565,6832
1253,4103
4550,5463
4045,4528
2381,1956
1968,665
4894,5467
432,2066
2667,3479
3601,3897
79,313
5015,5199
1700,2073
319,2629
5246,5839
1051,762
1195,1196
319,670
29,228
2118,3439
5022,5563
710,941
5980,5969
3062,3235
166,4191
257,377
3456,3873
1319,1654
1098,3084
2935,4792
3641,15
241,626
5553,5335
844,4666
1305,2485
663,746
3562,1935
3562,3541
5652,4500
2225,5335
37,252
556,1353
3787,4777
1166,5784
2967,2612
635,643
813,3103
3453,4587
5839,6501
5022,6555
2384,3443
1374,5148
561,56
2473,1754
6,286
11,1585
3381,5596
4078,1239
3088,2506
6305,7517
841,4335
7901,8051
5079,5233
4312,3447
20,339
4065,2129
2871,827
3168,3615
2144,2210
1166,4098
1065,1857
545,1330
5855,3498
1615,1969
3276,3443
6665,7101
6634,6946
1612,5384
3614,5798
749,3352
2790,3473
3026,1799
4353,4400
3449,3014
1700,1714
457,6901
6655,7478
3812,2981
3449,4735
1552,1788
4488,7833
3806,4290
457,2356
151,29
2410,5392
6360,6337
5612,7683
5173,4099
1487,2669
1644,737
6280,2940
2940,3408
1029,1507
5125,6855
3454,4735
2381,3607
1438,1326
2693,4709
1594,1718
1098,5738
6736,5655
1547,1593
7696,7810
7391,7835
1470,3346
2323,7277
3449,4712
310,1236
2889,6790
44,4795
1608,1858
1374,7237
4040,2535
4310,938
4788,6032
7974,5096
5185,5827
5524,4689
1151,7910
766,5189
5899,5457
6213,6229
4028,8293
1184,1538
2859,3352
737,7094
1137,1297
5771,5773
692,306
1297,1679
4297,3089
6305,6979
2236,2912
3985,4335
546,3136
282,1633
6951,1549
3601,4578
3041,2371
1142,425
5655,3586
2326,3926
5189,4929
3274,7809
1055,579
6217,2620
6483,6720
6813,5596
4151,3144
5185,4795
2871,3028
5129,5130
590,282
784,3007
2560,6665
2688,1633
2688,4588
3642,3634
1915,6148
2129,3034
2485,2830
2565,3258
3033,3568
600,8174
6914,5582
3595,3537
2135,2145
2760,5412
2133,2479
55,61
6951,4432
1870,1717
2474,762
4451,4510
4013,5412
6714,5421
2688,4798
1608,1965
1135,647
4164,4341
1074,5037
1615,1482
68,4338
1184,1984
46,56
5531,6860
3714,2066
3477,3973
161,1718
2951,4463
3352,3456
306,2257
341,659
3092,5705
4764,5484
3345,4175
4795,8224
1215,15
6121,4781
166,6855
2594,2544
4123,4402
6916,7108
2133,2797
6270,3346
4535,4578
457,663
1922,2231
406,687
1390,1377
7012,7021
2565,5452
2688,5844
457,6685
1747,3480
3381,5760
3458,1984
5802,5273
3630,3005
4430,3443
2256,4247
993,1802
40,216
2062,3117
4894,3796
1946,1157
2972,5639
7052,7144
2326,2339
3459,5305
710,972
3634,4574
3634,2240
4273,4373
1210,2504
2145,2516
2264,7115
3451,3813
1200,2809
5822,7238
2516,6009
2871,4777
2485,2660
2660,5837
136,243
317,1062
1197,1222
104,8287
4076,2160
2967,2597
5022,6600
473,105
341,985
5709,5950
5173,5969
5543,5262
7231,7618
178,4483
335,5887
173,1658
854,1127
5079,5543
1549,1378
205,214
74,1927
1566,813
4550,737
1203,2400
2653,3059
1473,763
3450,3034
2114,2251
3661,2328
20,864
122,465
2565,2902
1452,1453
4222,2398
3530,204
582,1688
457,3726
1253,1610
988,8198
2258,3200
1352,1496
2384,2398
2883,3103
5342,5096
127,1918
5811,6934
5998,5022
1730,2643
633,636
104,95
5489,6833
6624,7012
4756,5737
1027,697
1612,5772
5945,4875
457,1394
1166,3910
4371,5100
4310,4191
113,1453
5173,5404
2838,3117
813,1992
4824,4500
6398,4709
1591,1593
3813,3660
4074,4191
1717,665
2593,765
1549,1307
7682,6422
157,271
1352,1858
1552,2323
1783,2120
556,817
3274,5423
686,1160
2565,2547
879,4639
704,2809
5423,6496
3477,2209
922,1805
1133,2474
1267,1700
3457,1297
4981,6560
3787,5378
151,749
3453,1024
4976,3089
2102,1416
6447,6481
3390,2696
3614,1247
2688,3417
7682,7952
5531,7478
3461,4266
766,2276
3902,4661
4764,7373
4232,4233
789,887
1583,2697
3449,6400
2560,2926
2713,2210
2565,4386
2541,2323
6848,5800
2557,2922
2105,2174
2369,6632
6072,6422
3028,2619
2983,4127
813,1166
865,945
5439,4488
6198,4992
6218,4536
1564,2398
215,904
2967,3903
737,5384
5404,2398
3020,2707
2565,5364
789,930
7131,7553
2510,765
173,1580
3451,2612
2658,7890
1756,1783
2651,4400
425,2433
1029,1330
3786,5514
5739,5563
2608,2625
231,1861
941,227
7769,6032
1374,904
1133,1222
2297,2174
1362,771
3191,5463
5790,7699
317,308
1098,6914
634,5404
5009,5524
1977,2339
6032,6913
4041,3460
4077,608
988,1453
4219,4661
3304,2257
311,3334
5053,6712
4967,4338
7294,4983
7677,5022
978,35
1046,1234
6241,1026
1151,7946
5452,4875
579,152
4598,5404
5806,7735
2225,2071
2546,1734
6359,6934
5233,2909
813,2241
766,825
2369,5638
6494,3792
4040,7233
11,2619
1202,3018
7378,7757
4718,2689
4739,2456
5123,2774
1922,3099
1471,5596
311,2790
879,4261
46,656
4073,5637
3642,6229
4688,3898
2120,2225
59,219
457,3324
2688,3010
5819,5301
715,299
2711,2144
4426,4613
4967,4689
5189,6441
48,817
1769,403
2542,403
1701,72
4712,6789
3450,3014
3447,6600
310,1514
1297,1029
7070,7073
813,432
47,435
2145,6498
1549,290
2655,4827
634,1190
6552,6221
2240,3020
11,1444
5190,5620
1055,1428
3615,1915
5059,5432
2972,6097
3388,1159
1022,1131
789,243
4653,6164
1496,5732
2981,2145
3479,4269
4688,3352
2237,3140
6286,2535
1279,1774
27,55
789,6262
27,219
1772,1730
4718,1680
2958,4290
3276,3681
3854,2066
6219,5950
644,1022
5655,6555
1462,2625
4894,4993
4686,5392
1483,290
1151,2273
2675,1992
2738,1374
4963,1310
2909,5886
7055,5096
3455,4044
1615,1955
7457,7131
3614,4654
650,2128
3024,2066
2507,3021
2381,762
2790,2411
2118,3352
3150,2066
2178,2285
2237,4103
42,1464
4483,4037
1885,3650
3449,3073
5610,15
371,746
1799,5569
5123,5671
7882,2658
763,4953
1075,432
1730,8294
2967,3529
3044,3516
142,1661
663,5092
9,274
47,243
643,2253
2290,3946
677,817
6951,7810
5698,72
3955,3024
3782,4256
3073,3002
1555,350
1751,2654
1350,1884
7808,4037
4455,4536
5802,7946
3586,5123
2356,2746
1992,2625
24,1816
3641,3962
1622,1034
7231,5806
769,1123
10,743
4046,7675
1098,2620
988,2653
3777,4373
1919,908
911,704
1169,2366
87,29
4894,6302
4795,6218
2872,2535
3611,2324
5630,5262
789,1061
319,322
1875,4289
7873,6914
1166,1963
5796,7005
2851,3796
4070,3808
1538,1253
166,6833
4488,2689
6026,6682
68,3586
2037,5543
6006,7553
5814,1549
51,791
789,5449
1241,35
3642,3459
635,1166
6714,7442
3767,4173
5241,8051
1614,1992
3635,3660
4045,4781
2691,5459
788,2576
5553,7119
2326,8294
5531,6347
5802,4401
5179,7047
341,1140
1204,1618
5019,5022
1997,2119
3965,4827
28,259
2964,1919
6123,7254
5103,5002
5177,6441
5123,7691
2452,1026
11,153
1151,2809
8047,8276
1166,4361
72,1394
346,3887
789,1193
6006,6918
3641,6107
311,4435
1133,4402
2747,4485
3460,4875
5787,6166
854,2121
4813,737
1381,2137
457,1241
2792,2264
1357,1661
3835,2398
3666,3456
4536,3643
1487,1893
2832,3439
1549,1781
2703,2231
2594,4021
5822,5902
2063,1186
841,5222
5079,4219
1769,1965
5543,4488
5524,4994
6624,8121
3142,3433
5524,6980
6327,6670
1151,4986
3033,3443
2565,5466
2485,3796
5423,5584
187,86
6625,6227
1211,2328
3519,2576
2790,1357
737,6299
2704,3243
8,761
109,1718
911,697
36,1855
7549,3459
68,3691
4124,3439
3614,4448
2145,4792
3032,3541
1062,2071
5430,3830
3803,4792
457,4944
2640,2643
2256,1521
3796,4531
1691,5100
457,5454
317,741
317,823
2375,4289
312,406
5543,7478
86,895
1166,1165
2713,3629
51,33
42,1977
275,3117
2384,5061
2713,3557
3586,6501
2688,6161
2707,3568
1127,1633
4899,6498
1166,2972
5446,7047
4437,7587
2504,3092
7055,7063
1293,1297
1522,5301
6620,7632
2328,3026
1470,2620
7861,7233
3607,15
5462,4977
2299,5829
4073,4448
879,2760
6359,6873
315,2341
1166,2004
4967,6806
5180,5780
7350,8224
2651,1706
1922,3404
1062,2322
1374,1956
722,719
1395,1538
2565,3164
135,255
2565,8042
1891,2770
7579,5210
3352,2654
996,5509
1247,1049
5262,15
2658,5020
2964,3258
1006,1747
2576,3670
5600,4247
1357,2102
4574,7839
7038,5772
6299,6523
457,5200
192,586
3586,5605
5524,3334
6305,6930
827,1953
1922,3446
789,1525
1667,5404
1051,4179
2328,2297
556,650
1821,3548
697,895
2667,1548
2578,765
2033,5484
2693,2066
1772,1977
9,1652
5321,5233
36,313
1046,1319
2297,2145
2473,2593
2967,4138
1538,1514
1286,2956
1762,5254
5189,5568
707,2643
921,86
4041,4355
4855,3334
3381,5804
7744,5022
166,8294
3274,7763
4828,5980
1838,1714
1960,1963
2062,2205
663,6634
1748,4797
5177,4483
4511,4266
1296,1315
173,1726
11,1787
5439,5773
2323,5449
457,3962
1374,1919
6272,6606
3948,3144
1335,1628
317,1394
1151,7882
4063,1990
4076,4218
769,1396
334,1774
237,1798
5606,5848
3352,2595
457,6873
2967,3479
2660,5773
8027,8028
993,214
996,1297
3724,2646
265,4065
1215,2264
3477,3967
3457,3464
4295,4536
14,61
699,1573
24,5484
6422,5697
1808,1521
1796,5254
6000,6709
3449,3479
3666,4037
6907,6503
1473,3473
2566,5130
191,214
904,1768
7280,6618
23,664
2713,2973
26,390
1820,2062
1210,1608
3571,2328
1319,2653
826,1619
11,178
4455,5288
2169,2174
7231,5839
19,589
2258,6124
3871,2237
41,252
310,1167
6,1156
5188,6624
6615,6976
1029,913
215,1375
789,3607
1506,2654
5254,7632
6072,6914
2968,2966
3462,6156
2298,2289
3394,3447
974,4962
3375,5285
2989,3059
1583,1411
1583,1987
5817,5963
8,192
325,3967
1496,2685
4536,3898
2507,2576
2948,2251
3032,6388
737,6979
988,3251
5629,5321
1522,415
3660,4424
3724,4422
5179,6123
4948,8044
6525,6803
2041,1378
841,2618
39,50
2226,2517
20,391
5423,4715
5787,4781
4441,5947
3601,4400
4044,4780
1390,3099
5814,6855
171,930
4948,5072
6453,6458
6916,7642
11,1953
1356,1595
1767,1164
106,28
126,86
4948,4797
2395,2397
7053,3084
2972,4613
5524,7726
5103,8122
5980,5897
4828,2273
2109,2210
3956,2364
3402,3092
1151,1297
3034,4528
2135,4179
1549,3352
1133,4373
816,4463
634,4994
5524,5902
870,887
1111,1717
3786,5721
331,80
2535,6156
2594,3562
1185,2237
3453,4796
3775,3776
3614,3616
5028,7620
2646,2720
2686,5123
1820,2838
2251,3020
4310,1799
2398,2297
2050,4335
2209,2805
6032,2565
4673,6407
1614,1211
1749,3130
319,1152
4632,4828
79,1020
26,8282
3969,5323
311,1977
3453,5463
5176,4964
1267,4938
5655,5714
7586,7763
266,1726
546,4795
2792,2375
1492,2328
6305,6004
2815,1633
7054,7695
5175,4247
4098,4218
2328,2585
334,317
2883,5559
5439,6330
5189,2258
7055,5022
5800,7373
6323,5432
998,1476
1749,2062
2967,1571
5998,6097
1614,1859
2381,5799
1319,946
3645,3816
10,219
313,981
3369,3371
766,3455
6643,4037
639,1222
398,5295
173,1641
5,38
6951,7636
412,5055
4829,5467
4739,4735
2617,2794
1623,1565
1151,947
5079,3796
7092,5671
2799,3847
4398,4401
3381,5800
1393,5263
986,626
3665,6790
4039,4043
2660,2116
1013,1186
4070,1159
1184,1284
1549,5844
2565,7908
11,4547
4653,5020
1470,3005
3541,3871
2236,2116
7,8287
4688,4814
2883,4098
5800,6330
1184,1018
7818,5022
7056,6560
3452,5693
7682,8132
3479,3587
4828,6979
789,5120
3145,4297
5806,5289
2585,6124
996,1435
2683,1357
1279,1563
663,2223
789,2326
53,5640
1813,3956
4076,4735
1137,579
738,739
802,769
3685,2237
86,4247
1357,1514
650,1030
1381,3173
5012,6441
3183,2654
27,34
798,4424
5255,3460
2576,2594
2240,6337
1151,3903
3541,2958
3916,3274
11,761
2289,4124
3031,3435
2476,2707
4967,6257
2765,4719
157,756
7928,8178
663,817
5824,6624
3969,5231
7280,3293
5295,3417
2923,3394
2565,2724
856,6720
3634,3352
2842,3486
3787,5055
5008,3447
432,817
3088,6699
5524,7131
784,1729
695,2923
556,863
546,4099
7981,7982
5189,8295
310,805
319,733
1006,1534
3956,4072
2719,3562
6526,5321
72,584
1555,948
1549,1571
26,257
1549,1049
5079,7319
2744,5994
816,763
2411,3669
2547,2790
1135,545
39,659
2135,3480
1137,1465
2859,825
4266,5061
5543,6982
6615,6873
2599,3009
3380,2411
3026,3029
26,684
1919,332
5189,2576
236,282
1875,2264
4725,3813
1700,2117
7142,7143
5800,5933
7047,4071
2546,1416
1813,3144
139,958
2504,4256
5079,5189
6305,5714
68,1157
2774,5079
3748,3059
4364,3554
572,3192
5060,8174
2889,4653
7092,7389
2972,6251
1550,3443
4261,4811
2541,3099
182,1754
2156,2362
94,183
4297,3334
8146,8148
1055,1774
1428,1520
4652,5335
5427,4191
2133,2570
256,226
1807,4247
3541,3926
813,1018
58,8237
7675,6618
1470,2252
346,4424
3110,3103
1377,871
2547,1679
395,4175
4899,5262
36,1969
993,1211
3350,4261
259,3835
7598,7047
1419,2657
4063,4335
2740,2410
710,1279
126,1186
1135,1203
7154,6327
3084,7788
6379,4798
3390,5705
766,5092
6032,6784
7598,6241
1132,5404
1919,975
4857,2237
7884,4401
1522,4012
4967,3643
1201,1322
11,1963
1024,2805
5079,5817
3463,5204
2289,3568
1151,2686
72,1062
1922,2790
2658,4127
1151,2174
7223,6665
465,8284
111,86
6649,5998
3854,1352
3009,762
1166,6094
762,993
4564,3334
5188,4666
4632,7699
988,2597
6323,5739
1075,1425
4040,4678
1991,2410
1403,1412
5775,8122
2003,8192
2230,2926
4124,2289
3662,6634
3454,2328
2485,3125
4915,6503
1242,985
4483,6269
3290,2325
1756,1514
5922,4432
5180,896
5950,6634
2859,4588
168,857
1522,2654
3290,4040
2618,8293
3519,3529
3568,3897
1374,1705
4044,4468
6223,2620
1783,1103
710,1593
1622,15
6486,5432
5697,6576
4710,5100
7301,6759
3814,3320
2093,3351
1607,1661
1985,2157
36,665
3352,3103
4379,2516
1483,5500
5553,5524
2289,2237
2947,1291
1614,2348
6941,7810
5773,7185
6,285
3812,4012
457,2653
4441,2790
4099,1026
6620,3809
3796,3691
71,1593
68,2775
1167,1678
1210,1792
5185,6938
1492,1168
6903,6904
310,1718
2117,2535
1521,1151
1003,5543
3615,2145
4211,5092
324,80
6,232
996,3253
1151,1700
304,1468
1549,3140
2120,2724
291,4662
2249,3726
2851,7553
5697,5969
8236,8237
1836,1956
5714,3792
6624,5800
3481,3117
1133,4289
4687,4266
6043,2658
3348,6334
2398,2619
5529,7553
1177,1186
5616,6229
5531,6560
2503,1835
1253,1833
4276,5637
2472,8291
110,991
1374,5839
1613,2940
2595,4338
3252,4055
5655,5887
255,567
7865,7620
126,228
173,3408
1166,7726
600,730
672,673
2474,2576
3447,2456
319,706
6666,6595
457,6161
1350,1966
600,859
2701,2542
5155,5260
853,663
922,1248
29,406
707,977
68,3024
1538,1103
5871,6576
1794,2375
1000,2499
6843,5596
1151,1732
3292,5002
1972,2544
1997,1297
5582,5802
1236,1734
3522,5020
663,56
5809,5977
308,750
7679,7238
7231,3962
7471,2658
2381,3479
5301,5454
2701,2325
5697,6595
2120,2650
1626,1525
645,706
5816,3459
3754,3059
259,2770
1748,6123
2384,2625
2618,2653
1305,2654
1211,2225
2565,1734
329,135
1496,2398
1835,1792
4045,2516
221,604
1462,5449
592,280
2069,1250
766,856
339,140
6218,6299
722,1473
2667,6388
978,989
1542,3015
3786,737
4065,5263
5524,5406
1705,1888
3689,2654
813,5753
3615,2328
841,2323
4073,5140
1374,7882
6,6330
2565,4422
3456,5335
3814,2653
826,1566
3176,5511
2174,2777
2981,5463
5102,5605
710,1564
28,1604
5816,6505
647,299
6486,6784
3724,4234
2658,3609
2646,2256
2093,1186
988,290
4401,8073
5804,6634
859,1297
996,2923
122,2966
6717,2160
457,3376
6141,6148
3949,3812
4937,3854
2234,2116
2480,2369
4222,2871
650,2397
3402,3660
6619,7387
2693,5254
6976,5822
3381,6170
3813,5743
7057,7510
3452,5994
3192,5026
3872,7553
311,6156
4967,2381
1487,3376
1169,5449
11,5144
5543,7510
4967,15
4150,2328
1608,575
816,1648
2667,6166
844,579
5381,5963
5079,6437
7130,4037
1352,1629
68,2859
2822,737
600,313
11,4021
3056,1919
3631,2619
2576,3117
854,2880
66,28
813,941
11,246
1813,1261
5819,5404
3714,4055
5796,4994
1102,2144
635,937
3614,737
1390,1211
1228,1956
2186,1315
4449,4453
7744,7092
1166,5484
11,1286
9,560
4335,6414
6518,6665
39,23
3969,72
2252,2585
36,431
1097,3456
172,2510
10,301
984,644
737,5772
5190,2258
6,33
3453,3106
2206,2340
3098,3140
321,945
3452,4175
457,8037
2707,5737
2072,1419
737,6739
1400,1402
1166,2604
1184,3034
1055,1211
3127,2674
2871,1706
6443,5022
722,5928
432,3002
2972,5563
2493,6505
5655,6523
340,135
1730,2339
3028,2923
3661,3812
4883,6770
171,1692
2251,2707
25,306
6422,6983
5404,8198
663,1956
4036,1247
87,1847
1549,1140
7425,4037
5189,4448
5020,5327
306,332
1762,6788
3457,4822
42,2241
6596,8050
3276,1307
173,6414
110,658
1031,1154
4045,3321
7634,7021
2989,3173
3813,3192
2297,6566
3463,3144
8,89
1319,1439
2542,2597
1282,2340
2707,2328
5934,3089
5264,5176
994,5412
2381,2516
3460,3238
4814,4938
5177,3796
5110,2909
122,2585
549,4256
3787,3140
1879,6305
4974,737
5796,5404
4967,3015
11,3291
2407,1608
1037,1549
5123,7809
1622,1514
2072,1842
922,2157
3786,2576
155,7651
2686,4276
2654,3056
3677,1305
3352,4528
2332,2589
3454,1185
5818,4401
1305,3903
410,428
5187,5886
6032,7092
77,878
2003,3681
2594,2066
978,805
2560,1754
3352,2535
1772,1893
3949,3800
3016,2707
2249,2338
3786,4795
6212,5545
5096,5100
11,2410
68,3459
1278,1428
36,1585
4828,5969
5524,6078
11,274
5177,3634
2576,5305
4045,5932
3142,8178
1293,1486
2565,6855
996,2787
4044,3455
3496,2859
136,3297
357,339
2367,2625
3098,2713
600,1377
4383,2223
4709,3456
2485,5484
21,549
6299,6715
1820,425
3586,3873
1896,1549
4967,6699
1542,1111
3643,5226
7047,5022
4795,4432
2326,204
11,1031
907,2281
737,3792
6359,4065
3301,2674
26,154
873,643
1522,3291
879,4323
5050,5484
5182,5262
109,7810
29,39
7,1193
946,3404
11,2397
2485,8174
1374,2273
3072,2654
730,983
86,820
1301,1307
310,763
3796,4827
1204,3002
36,993
2576,3099
2062,2168
3381,4944
36,1769
3092,2135
228,282
856,2674
2237,5459
5543,5897
634,271
988,2747
1997,1111
5103,2774
4967,4964
2256,1744
784,2290
5079,6833
3786,608
499,999
68,5745
600,3136
2654,3313
3728,4400
2646,2968
2264,3958
465,3967
36,5459
5102,2565
5800,8002
1185,56
856,2643
2698,2144
2215,3792
2859,4677
3098,2900
138,637
2159,764
859,308
2264,5289
2120,2350
306,895
4127,2144
4829,6892
1259,1297
1811,1297
1783,3580
1705,2375
255,2595
7391,2940
909,86
3641,3334
6443,7632
1813,3117
2542,3018
3666,2490
2093,3029
3642,7040
5189,6994
4310,6001
7524,737
6914,7810
2249,2400
2480,1608
1888,993
3624,3568
5915,7443
5177,6105
1385,4071
4746,6311
3527,3803
896,1123
3297,2958
5051,7855
151,1649
3032,2285
4564,4072
4899,5341
1335,2165
2724,2974
5196,6251
2326,4500
6458,4488
11,1061
769,600
2565,1754
1166,6505
1151,7092
2565,4981
3015,3020
3449,5072
2651,1769
1688,1378
1166,1920
1129,1861
4756,3755
6272,6554
586,1201
3614,1100
3641,6464
1286,2206
3002,5412
1133,4189
6001,5121
1447,1428
1608,2828
2623,2926
304,1859
2564,1473
4136,3291
1542,5624
6563,6634
5814,3238
556,1953
2230,1964
813,2210
2700,1453
1985,2674
3386,3892
127,15
5079,4448
3453,3607
2859,2517
3835,2114
2658,5260
2653,3404
3059,4124
1706,2114
317,1286
2880,1453
1278,810
5020,2276
6305,6599
2072,2721
8152,1982
1614,1848
191,1855
2118,2651
825,3816
5543,5423
254,715
5179,6305
4363,5592
5020,4441
1583,2053
68,127
340,439
4044,3854
4899,5144
5768,7620
3238,5484
6718,6720
3767,1385
1133,6246
2569,2294
11,431
4476,8246
4441,2871
1550,3180
5474,4041
6596,7618
4310,4530
3845,4824
2935,4999
425,2643
2072,1717
7087,6946
4124,4290
3787,4266
1200,2838
5524,5140
4138,4666
2178,2625
6043,6124
5269,6347
2619,2963
5814,3084
5172,3238
3175,5423
805,948
766,1622
1795,2251
1267,2504
7055,7757
1166,3084
4616,4037
1990,3830
3666,2240
6649,6272
6618,7116
4967,4527
3381,7512
2497,2594
5804,6765
1133,4529
2485,3480
2972,5226
769,1835
5796,2160
710,1201
56,2211
68,3150
954,1849
1062,1035
2186,2814
1521,1583
11,1496
1133,1464
2540,1186
6924,8050
1483,1758
5185,6784
166,171
2566,4201
173,1375
1133,1165
2844,2902
111,378
3536,2660
3453,1680
1891,2580
173,2333
4282,4256
4483,5799
4099,4041
1051,2851
4447,5872
306,765
151,938
5276,6156
127,2565
90,820
4152,4266
2541,3946
2133,1035
4045,5215
1210,2135
9,94
6502,5799
7047,3238
1769,415
7100,6976
157,313
1496,1230
4036,4138
1599,1774
4966,5106
3439,3567
1046,810
1202,722
87,2053
2655,2210
4688,3643
5254,7620
1338,1412
155,7927
699,1585
4077,4666
335,5743
1151,3726
3480,3681
8,50
2485,2831
3175,4529
3787,8141
231,1473
376,1234
5069,737
6220,3803
3646,825
6596,7389
3394,2326
310,789
2565,465
231,280
4063,6305
732,739
5802,6505
11,4290
255,317
4899,4574
109,5321
2282,1542
978,271
440,282
328,75
2256,2859
5457,5637
6,1464
5103,7624
1210,5100
758,760
1374,3136
1182,1240
2099,1353
2871,1239
2740,2102
319,647
3190,3192
1074,4065
1928,1111
3447,5524
3877,5772
654,656
6510,3346
1151,6043
600,1661
11,622
556,3371
580,6032
865,3018
1555,1097
1549,859
766,3854
4616,3089
2713,5721
1441,2397
854,1861
5802,5002
1594,1628
922,1439
2440,2257
143,171
2326,2134
742,857
80,322
2940,2510
6618,6860
5029,4712
1856,1859
5188,2440
1151,2341
1285,1378
4275,5026
4715,5844
5796,5822
4757,4808
1717,6400
263,893
1210,2193
691,1888
1594,1726
5196,7414
2940,5872
4065,2565
5810,2440
870,298
1470,5204
5446,7699
7057,6907
1919,959
6615,7243
7113,3752
18,214
4036,3969
3070,2991
5531,6930
844,3352
3455,2516
5140,2620
1319,1700
11,3352
407,5412
4647,6907
2485,7833
3786,7632
5095,3792
7309,5969
86,7553
2062,2210
6305,6417
5177,6166
2713,2356
4967,2398
2297,2594
4297,5254
1201,1497
2765,2859
7588,7624
2688,5545
3682,3562
1775,1777
3343,1297
4310,4980
5207,5972
3392,5092
457,2687
2799,3483
2237,3529
1098,6979
993,1847
2658,4021
737,7666
1896,2651
20,756
5189,6946
4219,2240
2842,4179
2109,3192
5171,4795
2117,2364
766,1888
2653,1688
2932,1688
136,7301
147,2485
5190,2001
712,1428
4717,5439
4828,5415
2369,5215
157,325
68,3018
5964,5963
2369,4712
2369,1026
3641,2145
6951,7021
2688,4781
3642,5693
171,1022
7053,5148
6359,5827
1055,1857
4937,1310
5680,3089
1137,1991
5189,5844
6985,6330
8065,5210
2565,3307
6156,6328
3586,3498
6525,6414
575,1662
2497,2499
59,564
2565,2134
4587,3452
59,2062
2332,3429
4015,2210
3196,3650
3417,3910
1395,1901
1075,4110
1319,1893
689,3926
4310,4587
879,1744
4739,15
1538,691
826,1768
1875,2225
3081,2958
290,2411
722,825
2485,5106
3350,2585
2120,5412
5531,5527
3459,4448
3642,5140
4976,4482
856,3803
457,6149
1835,2560
11,61
3557,4199
971,1131
2790,4191
996,1964
5018,2775
1608,1520
2118,2381
1470,6004
1623,5928
7354,6832
1279,2654
1085,259
4967,2507
5188,5179
4718,2785
5175,5484
2871,3024
3958,4531
2968,4349
4604,7624
5189,2535
1538,1697
2842,417
3784,3480
3055,3446
4297,4712
87,3334
291,2328
2683,2828
4040,8204
2951,2297
737,1982
4045,4485
4814,6422
173,691
3144,4021
1210,1000
1166,608
3593,7143
2686,2542
4335,2535
2135,5449
8222,6634
151,682
4682,4298
68,2618
122,856
6447,6594
854,1389
311,971
92,105
865,2617
3642,3274
3010,6441
5697,5072
1305,3260
314,322
784,2653
6006,5020
715,1321
3541,4578
1380,1374
1374,6555
1151,5897
615,687
1972,2257
163,1726
90,477
3191,5412
1133,3812
5103,6006
457,1573
3366,3456
2485,3009
4967,4929
1210,4037
5276,5079
3965,1688
5317,2398
954,1669
3641,3800
5800,4666
2251,3265
2565,5511
861,941
2799,2565
68,1706
2660,3394
2440,737
2118,3892
6305,2851
7047,5812
1279,1629
3028,4887
5262,5756
6772,6001
759,5673
1211,2643
2587,5226
2988,5459
1496,2241
1487,2651
1442,1864
192,28
3682,3483
3449,2369
3276,3024
2871,4030
4709,5037
3535,6437
634,1157
2471,2475
554,560
1234,922
5697,7908
35,370
5173,4536
635,2475
4310,5459
24,4261
2509,2340
4981,7961
1823,763
3976,4631
2298,3117
1985,1888
5189,7021
1772,3024
311,5020
2485,4536
6518,3631
941,922
5567,5568
2787,4162
911,1039
6243,7809
6,802
147,2819
5103,3631
3115,2576
5650,6088
356,1375
1549,1680
2968,4173
5796,4310
2237,3026
2651,3650
1137,994
1483,1487
21,837
1374,5301
26,273
3454,2506
600,3962
5655,6590
5002,3631
1749,859
5739,6774
11,1425
841,2770
967,5466
6,589
1133,2871
2323,1777
2688,5430
306,3680
4009,1024
4534,6914
3462,5511
81,105
4212,72
2326,3681
2702,3516
1796,4795
6615,6123
6460,7924
2223,3084
3040,762
1135,1492
6907,6417
993,1969
3015,4828
1098,2589
1167,873
5127,5130
39,1007
1962,1164
5102,1403
3392,5605
5531,5301
6615,5829
467,849
4726,3027
6665,5028
2871,5204
2285,2592
3459,4099
6488,3459
9,86
1549,1201
113,817
5125,5837
3402,2819
5262,5828
7860,4983
707,1537
826,2629
1813,2746
1982,6388
3643,3461
1549,3631
57,673
5806,8295
71,3635
3687,2654
4814,3854
4717,4099
5796,3084
1011,3321
986,2397
2676,350
39,127
865,407
425,6323
5697,6739
4401,2223
4964,4037
2254,1992
3642,3291
5203,5200
5582,6328
2646,2877
3461,4809
988,3804
6212,4435
691,429
6270,7442
6714,7414
5820,6414
6333,7965
3601,5732
2612,3587
2506,4013
1748,4463
1074,5254
3039,2594
5123,4335
854,2589
6914,6634
3168,2508
2297,3005
3453,4103
1167,1453
710,762
766,6576
996,4820
5276,1498
371,7478
1357,3276
1382,2657
4764,4547
1428,1489
81,1218
71,3352
1796,3614
109,5626
3445,2576
6555,7553
2050,2322
1395,1669
708,271
988,2697
1925,3018
1064,1654
3660,5092
4673,6685
2369,6328
1796,5697
6900,5811
4045,4297
3192,2653
2565,3099
2691,2912
1062,227
5802,4786
3049,2593
1098,5079
2277,6813
2338,2323
2398,3720
1769,2643
68,5210
3614,1310
5189,2605
6619,7510
6907,6913
5301,3643
1823,2381
3843,4811
2565,3489
1717,3321
4211,4040
5829,6148
182,1186
4437,3321
1127,1525
5822,5980
136,4536
6918,5233
7239,6243
5802,7378
5188,1648
3457,2900
12,362
5179,5738
6305,7620
5655,4717
1374,8002
1538,1726
1549,3691
3381,6000
4488,7908
2328,1964
2299,8083
1549,3251
7349,6832
5180,5963
710,15
2560,2996
4609,3958
15,2643
1098,1653
6736,5596
4792,7414
3334,2646
5800,6618
20,6780
2859,1239
457,6472
2660,4980
1374,3018
7163,7254
4310,5061
553,769
5172,5780
825,2871
5080,5096
1855,1956
6072,8083
2133,2580
2549,2963
3031,2206
2489,2490
1992,764
1480,1492
6902,5887
3000,2724
885,1144
4674,4666
1820,1211
6494,3084
3682,4256
53,5998
4563,5130
7110,7115
3586,6780
2972,6501
275,152
79,341
3796,3976
2565,2655
6221,938
803,1437
1934,1855
5155,4468
6006,5079
26,183
2619,825
1795,3265
13,216
2568,3835
311,1200
2948,3033
784,3661
2727,4256
1838,993
1614,1805
5543,6855
722,2102
5961,5804
4973,1769
1700,1555
6627,6946
2967,2209
1166,3394
4127,4531
789,1592
2674,1571
1487,2325
1612,7726
1552,1783
2968,1982
1594,575
2775,6437
2658,4463
2559,765
4138,4424
47,1723
6902,5179
3026,4578
2249,6913
3641,4811
3682,3887
1208,941
457,5684
94,798
5810,6156
457,6441
3291,2727
5273,5295
86,4828
2328,1723
2932,3140
3641,6105
2364,1035
1215,1859
1808,2328
4221,4536
266,1723
2398,2746
2003,7860
1564,2618
1701,5028
2560,2340
3144,3681
988,3489
1529,3307
2332,2653
766,4962
310,659
1919,415
4144,4179
766,2859
766,5239
5822,4994
2594,15
5655,7378
1151,2264
697,682
634,2653
1029,742
2702,1437
383,756
172,1549
1221,1888
600,2323
2713,3661
3000,3456
7759,4981
98,228
4124,2499
5531,155
1236,1754
1285,2871
3586,5484
3659,3394
340,985
742,7795
2174,1808
1038,1618
981,626
3969,7624
6993,6555
457,1982
6270,4507
259,5828
275,2828
24,2276
4151,2381
2510,4256
2653,3568
6946,4992
2506,2323
2014,2237
3835,6532
3145,3309
7677,8224
3456,4999
4632,4574
226,789
3032,4666
5188,7301
1799,5178
2364,3885
3291,3807
5151,3456
2135,4191
4110,7553
103,6832
6907,6299
1496,4310
3912,2134
2473,3253
1236,1965
5189,5457
788,1492
4211,4471
7598,3752
5263,5721
2660,2697
11,8293
1783,8290
6359,1549
3449,4466
4828,6721
5524,6503
1357,3033
1972,3489
6317,6432
3642,2285
3290,8293
6494,6759
1248,1484
111,39
6123,5563
2557,2323
312,1062
1506,1556
58,5079
1766,1964
766,5933
109,6006
36,1377
545,978
6946,7574
6501,5079
1297,859
727,2066
4400,4040
826,2576
1495,1164
856,2669
1521,1323
2356,2693
2693,3607
5203,4653
3666,1648
72,271
2774,15
29,549
1487,2593
155,7647
2700,3787
310,1378
2851,1754
7086,5614
2932,3417
4144,3394
2290,2257
3593,6736
440,49
4598,6156
1074,5824
20,348
7829,7092
2859,3454
6327,5824
1549,1746
706,817
2713,3548
1098,2193
4073,5651
1368,2474
996,7620
1128,1279
2688,3324
789,3334
3454,2612
1919,2617
6032,7908
2578,3130
2290,2651
6135,6161
1538,2535
127,4999
457,7561
4455,4297
3456,5640
6918,7214
1245,334
1210,644
1009,1920
7104,6913
86,913
1133,2326
127,1007
3555,3887
831,2085
4530,4678
7045,7624
788,733
122,4463
4717,5760
663,887
1386,1805
7054,6424
400,271
3189,2576
5079,6765
2511,1018
311,2381
8046,4401
5427,896
3642,6774
74,55
1374,7649
2174,2210
4076,3276
2560,2917
4353,5178
1357,1022
2774,1706
6006,5254
3469,3804
68,5245
6624,7529
4316,3843
5543,2765
44,259
5002,5393
7907,7908
3144,3557
2231,2801
825,72
2410,5721
2485,3459
79,756
457,1859
2768,1419
4282,4588
1395,3970
407,696
20,168
87,737
3682,3937
4756,5058
6523,5800
5714,3334
2691,2700
1127,2348
6596,8121
5421,5423
3810,3811
922,204
1700,2751
1555,1489
6398,7225
3624,4448
2871,2713
6,704
6484,6496
2565,7809
7449,8186
7047,7763
6821,5829
2851,2485
4547,4613
7649,7052
4138,4256
11,947
7376,4435
4788,6737
319,1478
260,285
2914,4792
308,3150
1986,4037
1522,2981
5802,8090
3000,2660
1000,3586
6033,4041
2967,4269
7086,8051
5857,2765
457,6305
5217,3631
1114,1718
3683,5246
5800,1403
3453,6554
1074,1972
5738,4536
457,1754
2256,2619
4138,4797
1166,5994
2944,2946
3641,6783
4148,4411
988,2510
3032,5262
1210,56
2968,2576
695,2252
2619,6980
6596,3752
5811,5801
1279,1525
659,86
766,3276
2912,2654
6006,1498
2688,3376
4633,4044
6934,1865
805,3800
5110,1247
3378,7694
1608,1549
5809,6296
3641,3439
457,3614
2328,3650
1549,2329
4098,3897
6993,6596
1521,1374
1549,1842
1350,1230
3521,3258
2686,1571
2133,1049
6906,5897
4587,2592
1374,7088
6462,6511
5002,3459
3902,3903
6006,6437
4692,4261
2565,3661
2384,2516
3394,5891
1316,1836
7578,6979
2225,3034
1492,993
6596,7913
1521,2128
2542,3260
1795,2364
6270,5543
3458,3520
2651,3260
4073,3014
2871,1781
4318,4191
6020,6166
5059,6913
2651,3084
766,3486
3785,3562
5814,6498
5738,5263
7376,3459
4306,1157
3462,2354
4441,3898
5818,6327
7675,3770
4448,3812
5196,5963
3787,5327
3614,6124
706,1248
2565,6923
3642,2576
2256,4797
7221,5404
2109,3393
6,922
5966,6946
784,985
7362,7116
4041,5559
6852,6388
35,39
312,730
688,743
2686,3926
336,371
854,2828
813,2999
2326,3615
4319,5412
1236,2120
7055,7646
3352,4962
813,1267
2871,4297
371,282
2534,1186
236,684
6458,7855
3965,4875
2549,1211
546,1955
5248,3106
7614,7047
348,1419
5814,7651
1114,710
3352,3537
182,86
5173,7092
3916,2585
3392,2657
204,1151
138,1726
1279,1248
2565,3807
5666,4335
2660,2912
4150,3073
4982,5511
3481,2686
42,34
4829,1799
3498,4653
2485,5061
2297,3089
5110,5891
5524,6875
848,881
12,765
1441,2106
17,750
4788,7389
490,105
1691,2754
3767,2411
3466,7088
3527,3804
5999,5079
1522,6462
1549,579
1184,2643
2236,1061
2707,4117
3775,4218
315,2102
996,6714
825,5620
7675,2223
3304,2542
127,4735
759,1140
1608,1772
3456,1961
4792,2565
546,665
2566,2354
2688,4547
1183,2955
3447,5162
1357,1538
5190,5470
2156,1035
5301,2285
3009,2145
1756,1230
280,317
5445,8038
7231,7649
2290,3670
2688,3480
1166,5449
1471,4263
3571,2851
5143,6913
1925,1542
310,1014
1285,1688
3991,3320
1098,5773
7885,6875
5184,3027
795,966
1707,1384
2326,1297
4712,6027
5179,7553
1009,332
3020,1814
988,2114
797,868
3481,2799
1496,1035
2256,5178
7900,8121
311,2145
1006,1389
310,966
7901,8174
2240,15
5656,7359
2229,4297
2394,2397
682,636
663,6784
4483,5484
766,4797
788,1411
406,319
1707,1186
7052,7624
3088,4037
319,637
2237,1633
62,2470
707,714
5079,4795
2967,1297
649,705
5020,5638
1997,2579
2775,3456
2297,3587
1098,2400
5773,2511
3175,3026
3995,5827
1615,1034
2688,6850
5800,6307
4712,5254
1137,298
3449,5891
2872,3084
7071,7414
7231,155
2258,1733
6645,5714
36,299
1380,1518
3642,5963
5872,5812
1097,2594
1552,1628
5079,5459
5524,6124
2427,1608
1500,1718
5524,5811
5802,6590
7950,7910
3922,5947
1550,3812
4632,6474
68,6130
600,2225
2744,6246
1350,1788
3641,3724
257,132
1151,5818
1492,2912
2851,5412
635,29
2651,2535
2328,2341
5022,6001
2093,2119
6280,1403
3417,2822
1267,1319
42,1997
5524,7740
3026,4510
2688,3352
3469,3028
5802,6809
5610,2398
5079,3089
5176,5757
959,259
4632,4071
1098,3005
2297,8209
1778,1819
6332,6334
2585,3260
865,942
6620,6948
87,1330
5608,2516
996,6246
634,214
2028,1729
974,271
7727,1982
7045,967
2658,5022
789,1007
5802,6739
1097,7450
789,5463
90,1007
2913,2398
41,893
3586,7119
2840,2599
80,282
7057,7924
1496,1487
6946,7648
3965,3394
4046,4040
371,4110
5079,5827
78,1652
2230,1700
5295,7225
3031,2660
996,2819
2842,1679
306,878
3180,2958
6907,7497
766,3144
1767,3480
3932,5626
3439,5210
7057,7131
4152,3724
11,338
5176,4712
1278,1496
4632,7908
789,2754
6784,7450
8,371
1583,3489
5802,6712
2375,2256
3949,3258
3352,1990
2326,3371
805,171
2618,4014
7021,5466
6241,6976
2700,2981
546,214
1098,6855
4726,4448
5697,5439
2653,2657
3554,7839
90,3034
6460,4717
554,1566
1297,35
1549,2579
950,4797
3691,5404
3615,4480
3912,2508
68,5925
1471,1253
5524,5822
315,322
5173,5839
2871,3897
1808,5714
1470,3498
1585,4269
312,918
7080,7624
3659,2958
3786,5288
4138,5189
6906,7108
4273,4384
6596,5671
6032,7063
6899,6774
5301,5680
2299,2565
6907,7835
1024,2830
5096,7910
1608,1267
6596,7662
3451,1185
748,5210
2653,778
1488,1297
2133,2646
1184,1705
128,1705
3301,3026
6305,8134
556,4276
4746,4983
1098,3130
3661,1729
3095,2724
4252,4040
1549,2657
3352,4110
4310,5311
3081,1754
1167,4875
2326,4811
7774,6044
1615,2168
2565,2775
5916,5963
626,282
4099,3634
3404,3680
1487,1610
1940,1855
4144,2328
6072,7833
6563,7839
1549,2076
1688,6739
5339,3976
2560,7695
3568,3103
4948,5020
6736,7620
1210,1848
400,243
4564,2790
5722,5737
6865,5739
695,4999
6907,8121
3455,1185
20,2828
5188,7553
1471,5012
1555,1658
789,2211
3787,1305
4967,5239
1075,1375
854,5684
4899,2364
3461,4808
8111,7620
5802,4435
1211,1772
686,1849
710,1053
6,167
988,3033
826,2638
5143,7246
8119,8121
1667,5064
4151,4422
1029,311
2133,1243
2623,5415
4040,2277
1164,2535
3459,3456
3449,5737
2237,3480
1614,1514
5524,6589
2384,4099
1374,2838
4653,6441
982,1190
6050,4310
376,406
2599,762
2699,3887
4269,4661
1193,1661
722,1485
1367,810
171,857
71,1248
2535,3309
3843,3455
3059,2474
5176,5721
2658,3661
1151,5454
937,1123
2120,7839
1972,5341
138,370
4315,4297
3496,3562
311,1484
1487,1534
1823,6272
3439,3587
1748,3755
7053,5378
730,733
3088,5254
2598,1847
1428,1893
1769,2968
3010,3352
4310,5936
2819,3623
7745,5148
5516,4191
2231,2629
3456,3144
2290,1157
4967,3830
4343,6594
745,750
4315,2871
7132,6123
4441,2822
1549,3720
1522,4735
1549,3393
1555,1034
5276,6833
813,4653
1922,1717
5697,5814
3394,2510
2226,2504
826,1279
4441,4689
328,875
3000,6832
2707,5705
1381,3755
3631,3180
1522,3670
712,1604
3447,4964
907,2470
8221,8219
2688,4263
4616,3014
2231,3171
2747,3260
766,1956
5624,2440
8,881
600,1484
2410,7632
2381,3631
2016,3059
259,6840
1483,1580
3624,72
6934,3459
74,710
6032,6955
36,1842
5524,5404
1029,1490
7086,8121
1151,4954
4764,2398
7021,5806
967,4037
4045,4574
4712,6942
1151,1633
5818,4798
1471,579
2252,3745
5524,6296
2542,5714
24,1200
5749,4338
7490,7992
127,178
2398,3180
1612,6780
1646,1585
4355,4400
313,1859
6596,4712
1097,1211
4219,4828
1749,1918
2733,2237
5980,6634
36,80
2596,2643
24,6869
4455,5306
1922,3887
2474,1734
2133,2341
993,2195
2013,665
1537,2746
1623,2966
7057,4401
3641,2851
63,6
87,761
6305,6441
2547,4662
72,6832
336,1196
9,390
6462,1972
3902,3958
2169,1521
7390,7423
4261,4719
1151,2328
600,1297
1470,1482
2707,5404
2474,2877
1794,1847
269,396
1286,2871
2393,2332
311,1700
1319,908
1596,2693
1823,1855
1381,1164
2565,4648
3449,4827
1767,2781
426,592
1594,1783
6,94
5802,5432
1279,2843
7756,7757
674,317
3168,4365
2987,3089
3144,1453
3803,4797
5178,3919
1615,1707
4347,7063
6068,6098
3692,2398
1210,2076
3775,3180
311,7839
7132,5002
3454,2237
371,7809
7769,7882
2160,8290
6951,4983
2790,3893
68,3435
1286,1284
5802,6765
192,214
4813,5204
2504,3926
1592,2165
5179,3000
5184,5564
651,714
182,2697
2130,2375
2667,5568
46,993
2237,3443
2368,3371
2507,2625
6714,5800
2387,5061
3634,7301
5857,6914
2299,3615
1235,963
2161,2409
5773,3459
865,893
5606,5775
1972,1267
3956,3452
6619,3334
1335,2322
3666,4055
8256,6634
4487,2917
3666,4666
499,789
2174,2435
633,656
1972,5188
5262,4717
7727,6634
68,379
2688,4247
3192,3258
1380,2066
2229,2504
993,2504
6182,6006
14,338
6070,4828
3032,737
2605,4335
1164,1816
140,435
706,2157
5739,6162
7054,7116
1428,2211
5862,6632
5934,6699
3456,7168
2654,3404
5177,3459
7057,5835
697,1039
4,341
996,2251
1319,2322
315,36
4310,5563
3168,4811
4948,7855
3463,3748
3199,2338
5814,7809
2472,3251
5015,6044
6527,6528
3813,3144
3641,6860
575,152
1133,8134
1428,1965
2939,2657
47,8212
870,1641
5877,5928
1542,6009
4441,2909
21,1049
6907,7144
395,5028
5047,4124
689,2736
3345,6528
2369,7855
1549,1732
3435,3999
7237,938
2510,2660
766,6715
1549,2233
1098,2669
87,5415
457,5994
1374,4179
2524,2693
2859,3922
6460,3291
4347,7924
457,1915
1549,5637
1098,1186
154,549
3615,8293
1374,2831
4040,4827
5839,6600
1241,1661
2688,2822
1922,2951
1210,2157
6611,6784
5582,5439
4662,7699
155,7701
2297,6979
311,3456
4985,3898
1042,332
4001,4662
2366,2643
5811,6472
68,4373
1730,2625
6200,5262
2133,1977
2547,6699
5154,4645
3728,4777
3378,3854
73,394
816,488
5181,3919
432,749
766,4764
5295,5321
5927,5928
5817,5973
789,2822
2145,5254
5189,6613
5008,5189
74,665
1031,1888
1211,1701
2134,4365
5617,15
994,710
5022,6424
5799,6618
1471,5022
6460,6560
5020,5075
308,15
11,838
6624,7912
11,93
4221,3238
626,1000
2129,2328
172,2660
94,286
3645,4021
3032,6156
1133,1661
3479,3538
5816,8295
2983,8168
1506,1662
407,8293
3477,4024
5246,2354
8252,6634
2565,1706
2658,5289
1166,1049
4044,4583
310,2669
7055,5465
87,2256
937,3117
5524,6860
3034,3443
2688,4261
6494,6004
3321,5479
11,1310
2145,3473
5796,5871
310,587
6217,3842
3326,1688
310,2955
59,56
4212,4983
5802,7855
27,93
2237,1166
3458,3005
1279,1425
3614,2576
5720,6783
24,1781
3635,4138
6346,6004
2356,4528
6305,5022
2565,2116
173,304
2565,4587
813,2128
4600,4400
5166,4071
5017,5254
3728,3976
4045,4040
1339,1193
1037,5963
432,1769
20,2339
4948,4297
4355,5778
4440,2144
19,183
3453,4938
5051,7979
4649,3309
1794,1393
2713,3404
3317,2619
1937,6009
2696,2354
5176,2507
5998,7961
15,2398
35,214
2475,4261
650,271
3252,2542
2744,5860
4750,6124
2009,2174
28,282
4099,2354
1839,1842
1211,2193
769,1808
7100,6327
2688,4355
1612,7306
2274,2135
6323,3459
395,5563
29,2565
11,1973
1521,1808
4967,6790
789,1653
1284,1286
704,2643
1151,1965
6323,7510
3180,2660
3447,3092
3586,4981
4981,2001
978,2435
1335,1992
3477,2654
5995,4687
6280,7414
3062,2651
6774,6123
5773,6914
62,280
5531,2440
4276,5144
3452,737
3787,3192
1922,5115
4712,5123
1380,1413
985,857
2276,2398
3028,6261
1167,1718
5487,7839
556,668
20,350
3209,4315
1127,691
3290,2485
6486,6765
722,3393
311,994
2696,4191
6907,7279
2689,5454
1129,1029
6323,5543
2605,3104
4894,5459
2747,3776
5612,6441
988,3825
5773,5760
5531,4791
4138,2398
2252,3005
4967,4127
29,322
7449,7277
2297,7341
5796,7757
173,1618
7057,7561
4486,3417
1132,1729
5301,6599
4982,2775
6486,6606
5179,5778
1374,4777
11,216
1000,290
3947,2746
312,224
795,4037
3480,2654
710,714
6753,5037
5822,2940
3028,4335
797,798
5385,4400
25,959
3965,8294
704,2811
1621,7021
2686,3376
2299,2619
319,2775
5284,5288
317,993
1037,3253
346,348
2135,1297
5189,7695
5243,3897
737,8204
791,7899
3449,2237
5814,6913
1166,2721
722,2607
3641,762
2834,5793
11,3537
1386,1791
87,647
2657,15
1549,2240
2967,2210
457,7957
3521,3969
6,1453
1769,5680
769,893
311,1125
5079,3643
2811,4335
3691,5449
5189,5563
4310,7651
1166,4417
5580,2764
4725,4808
2274,2490
1661,1305
3666,5189
2565,967
1133,5043
27,402
784,810
1522,3971
1055,259
3691,2289
1951,3769
3796,4719
3983,7908
1492,1537
2565,3192
5179,6982
2237,762
4129,2328
7598,7913
2676,1154
1542,3537
5836,5886
6,23
766,4999
1098,7839
1972,2655
1583,3130
11,4289
1542,5200
2037,5524
3479,3580
1615,1496
3191,5637
908,1836
5166,6123
5176,5296
3457,1360
444,28
7206,7023
1470,1496
1184,1718
457,6347
3455,4191
5802,7246
791,1270
5639,5640
3522,5454
152,1077
5189,4781
836,1734
6443,6320
6327,6560
311,2871
1492,298
4476,7908
28,80
2084,5200
36,579
1374,5463
315,749
315,2470
1184,1166
4653,5484
5536,5020
5475,608
6229,5543
3601,4530
1151,3117
7052,4981
3633,5404
2658,1680
4073,5412
7393,8237
4540,4541
6624,6414
1322,2922
2365,2385
42,243
3417,3460
306,1992
2237,5886
2914,2963
634,2774
766,5800
28,1030
5796,4527
1210,1592
87,8212
1151,3114
5189,3456
6555,6554
151,945
5263,1159
5630,6441
710,2174
3453,2237
1284,937
1101,1080
993,1203
457,1201
1549,2151
3090,2727
2940,2290
2565,5222
6075,4781
971,1501
1135,1752
5180,5863
3034,5100
2256,3435
8064,5210
825,3660
5179,5807
4486,2552
4189,4557
933,1080
5796,5295
1734,1585
2940,6000
1722,1403
2699,5335
4433,3321
5179,6665
5528,5020
7053,8134
1496,2121
4832,4991
5800,8024
29,942
1385,8002
2555,1653
1644,8290
2872,3946
1614,1987
1667,8019
7920,7921
2156,2499
5551,6634
161,153
128,730
1151,2369
720,715
2842,3520
5179,5454
4486,5620
311,5404
813,4289
2272,2593
3269,2625
650,2880
1335,761
556,857
2240,2174
5811,7295
4853,4588
2328,8293
2237,4938
5006,5210
3352,4233
1374,896
856,3680
6151,7587
7391,4983
164,35
5020,5271
6272,5543
6032,8192
2062,587
1789,5452
840,3962
2387,4828
2565,2535
182,600
4072,3557
2145,5092
21,871
3660,4088
3180,2856
173,1465
2257,5239
3381,6897
2114,3034
5655,6699
4792,737
6976,1026
3462,2144
4219,4728
3032,4424
985,1193
7086,5819
2290,3803
36,1468
2851,4037
4604,6621
3345,3586
4310,4632
1135,1267
1521,2547
3439,974
2129,4808
3447,6083
5446,967
5804,7243
1522,4138
7080,4666
259,1956
407,2977
1279,1520
6900,3297
1286,5844
1055,2625
649,789
3352,2746
2565,8237
2623,3516
3381,6860
3461,5321
5028,4037
4191,4400
87,56
2264,3456
2700,2708
789,794
826,2570
822,3537
53,2774
6951,7839
255,789
1198,285
5189,3910
2700,3506
5934,4604
5188,6918
3542,4011
2774,7510
1079,5925
808,1043
1891,2504
1006,4510
3600,1166
383,428
3463,3454
4828,5963
5189,5753
4943,8128
7964,5210
922,1501
68,5637
4073,4199
2133,2593
7391,7120
5175,5743
87,271
3352,2687
769,314
1050,1203
810,324
1608,2339
4943,8134
3634,4361
8060,3293
766,2871
982,2693
5176,2822
4530,896
1166,2014
2711,1564
5524,5002
6183,15
2251,2435
1356,960
904,1222
2859,4463
5582,7214
3348,3334
308,1847
1585,214
4259,4263
179,739
788,904
5180,3274
7424,7908
3731,4480
2557,3276
2765,5973
3607,5233
1062,432
546,3479
6326,5200
1496,1186
1166,5254
49,1211
7057,6032
7012,6043
3456,5449
2970,2972
1322,993
6608,6778
1756,1492
3381,5871
3346,3021
1951,2653
5423,4994
103,6589
5612,3643
4244,4247
650,677
4036,5254
6538,7632
1360,762
1124,2117
3015,5756
432,864
1169,1186
534,3800
2688,2747
2365,2856
5590,7879
3834,2114
6218,7587
1039,1585
6038,6634
223,257
6064,5543
7,1471
4441,1191
2135,1419
3461,5620
1722,2079
1691,3489
6563,6860
3499,2285
2209,1787
3522,6327
2120,8225
1358,1855
3449,5430
1767,4828
5193,5482
5177,5950
2229,2607
3447,6306
1151,2547
904,2754
4310,4687
2365,1297
2236,2474
1151,2322
4347,8121
1542,5262
2375,1419
109,6913
7679,7855
313,56
1010,6029
4829,2785
5773,7021
784,1793
4144,5850
1024,2696
1184,4735
993,1428
1395,1555
1489,1657
3452,3453
4063,4310
143,135
2688,3664
4653,4625
2766,1646
5531,5799
6768,6613
7086,4875
6619,7624
2323,3456
1428,1701
4441,2811
3047,1781
172,6634
2297,3562
1729,3265
7747,5179
2511,7688
2774,5624
2842,2859
4558,7757
4073,5457
1133,5263
346,1777
6951,7899
1062,4269
904,2145
2972,6554
2497,3193
1492,171
2651,2252
1352,763
5427,6023
5934,5273
23,29
6241,7604
5776,7553
2258,5466
3275,3117
317,2707
4686,5020
1167,171
2387,2909
1166,1297
5582,5624
72,5683
856,3030
2700,3251
3403,5254
2844,2880
2658,1185
2559,1792
856,4191
2746,2844
1473,1166
2326,2859
122,1837
334,829
2842,3394
2608,2174
3642,4689
2697,2996
1922,1393
1234,1538
766,2116
1305,2102
825,3148
6097,4099
4943,3962
1284,1859
2576,2592
3787,4735
2233,2593
1385,7279
29,6913
2694,3334
33,545
4441,7707
4229,4269
346,3541
2145,4798
805,271
826,2474
2237,2544
5859,5969
635,1020
5181,4098
11,2585
6618,8276
3145,5233
430,431
1029,1193
2688,2918
1566,1097
2474,2685
1043,3338
5020,6414
1374,5902
1808,2066
7055,7778
2110,1407
1608,1284
766,4289
823,955
1167,985
3191,4986
20,2774
7594,7225
3274,6305
2775,3352
310,719
27,2398
1137,1754
3976,4219
4792,5524
1441,407
3088,8192
4046,2785
2688,4448
3252,2585
2375,4384
722,4980
5180,4574
2972,1733
2747,3483
3274,4899
996,5784
2369,6720
6460,7994
5802,4666
766,3681
5189,5972
2929,2877
5118,5412
4292,737
1166,2371
2565,7050
1538,1492
6494,6955
2651,465
854,1319
1233,1485
4967,2511
4899,2516
1137,1464
1063,243
922,1062
23,857
4652,4653
5189,7813
1717,3007
4073,896
2688,2799
99,7803
5485,7386
3477,2674
3479,4191
5474,3554
1098,6560
784,1549
4894,8296
2688,8295
946,857
749,3238
2290,3173
3471,3473
3350,3034
109,4632
705,171
4576,15
3787,4953
4142,2517
2688,2276
6126,6148
6941,7809
5714,3897
2972,825
1267,2579
644,1593
6907,7726
371,2501
5189,2822
6270,5829
3813,4024
996,3027
2236,2241
5822,7699
3258,3787
1767,8293
1395,1628
2485,1239
23,257
5806,2565
2118,2900
5802,5404
704,5412
6615,6774
68,2597
109,204
2708,4735
1395,1253
3787,2658
784,2076
1972,8294
3728,3276
2693,2485
4899,4315
1552,2151
974,417
4712,3635
2967,4289
3276,2667
1166,5022
988,1416
1151,1428
2236,2145
3615,2595
2565,4827
1374,6496
5612,3958
2972,6955
2688,3576
5697,1026
2485,765
4718,3456
143,252
2297,3253
2485,2625
2256,2687
4036,8128
1667,5737
663,966
376,1026
6202,15
4074,4547
3785,2411
2790,4778
3785,3276
2654,3973
7046,4884
5173,7400
2297,2210
6627,155
600,3033
180,2625
705,8289
7818,7952
4899,6554
371,977
5,89
1084,2210
12,28
5691,4797
4899,6441
1717,2593
5543,6001
151,707
710,1360
4222,3724
1319,1569
5655,6994
2842,2653
1500,2604
1549,2580
1466,1319
954,407
663,321
3568,2822
1193,1669
1006,1793
2972,4037
2658,7512
3666,3942
759,1230
3614,2145
6560,5404
310,1111
3380,3409
2297,2066
4948,7726
2859,3856
5697,6305
406,255
3028,5415
3787,3557
4899,4219
3724,4299
946,1357
4046,2790
5166,7021
1167,1593
3541,762
5439,5596
308,1654
3115,3291
1184,2777
1990,6739
1037,2339
813,1360
3461,4875
11,2435
205,86
2472,3089
2688,3291
871,1859
4426,2871
6156,6432
2646,1291
634,1253
4214,3144
6320,6873
823,789
319,993
1922,4983
154,439
176,29
4598,5776
2085,2095
5199,5829
249,1196
1428,1697
3624,4587
3461,4713
432,861
312,756
335,839
7742,6980
4310,5452
311,465
4488,6123
1166,2801
2856,3089
5190,5683
2983,1982
2548,3645
4967,3027
2658,2209
346,3243
759,995
2565,6934
6,538
4531,3352
1151,1613
933,789
789,4124
1608,1732
5301,3089
109,4712
1587,8294
1151,2775
7045,7280
2605,3643
5749,5457
5872,7561
2565,4231
1029,769
1098,3018
3569,1453
937,682
2485,5412
1868,1985
4781,3089
634,1972
3258,1915
24,1250
74,321
4994,7381
2472,1416
795,313
2699,2973
6918,7414
1990,5950
2609,4482
1185,1717
122,1291
7080,6946
766,5624
863,897
6271,5799
3641,3643
2706,2325
1305,1330
1589,1638
1608,1140
7490,6424
434,7351
3222,2237
2565,6299
854,4717
24,2119
4664,2145
1166,6156
3006,2256
3965,6306
4600,5189
3960,2831
4587,4953
6327,5582
2792,2174
1738,1811
3032,5430
3458,3976
6790,840
488,271
2476,3056
1253,8290
3456,4463
3523,3681
2297,2193
11,1557
5802,6980
173,415
722,2799
1132,6560
2757,2102
2236,2968
1168,1014
4219,3813
801,838
49,28
14,391
1133,5254
1062,982
11,1353
1762,6004
4208,4201
5821,4712
1549,1706
5800,7201
4829,5079
11,1977
784,1211
2972,3321
4534,7879
4310,5404
2232,2720
2328,2475
4104,4110
2875,2877
826,1597
5179,6979
2744,6094
1783,2066
3392,3910
457,2145
1142,978
3390,3748
2972,4964
1674,72
2768,2815
4967,4944
1125,1585
1306,3867
5185,6156
4136,4138
6,1055
4,370
4045,6006
5814,7280
3280,2625
5022,2620
2169,1031
6,960
3682,2619
2871,2657
282,566
3390,5737
2469,1956
4222,4199
105,677
5321,4191
202,28
4297,5819
19,371
24,856
686,943
41,151
1166,2210
2033,72
1608,913
3026,3537
3786,2605
633,1425
3392,3769
825,6229
3144,1792
1097,4335
788,978
113,94
3798,3969
3457,4781
1305,1593
993,2073
1166,2297
1374,4099
74,864
4045,2785
3813,3724
946,2128
5171,6098
21,723
2658,8178
4712,6006
769,1884
1133,5189
4441,6174
5807,7101
3854,3238
1615,2163
2360,2653
172,2398
5697,6554
3665,6330
6177,3498
6934,7115
813,1253
2062,947
143,1569
2062,2137
7153,8134
68,5972
2472,3164
697,2369
6327,2620
5814,4536
4448,4127
11,488
7743,8168
988,2974
215,1903
315,857
2371,2955
6272,6000
339,746
2172,2685
20,609
742,762
1832,8293
3787,7277
2186,6006
5177,4712
6043,7544
879,1305
5816,1026
1772,3999
3615,4587
4981,7833
4347,7908
1885,1908
5193,3634
2264,2775
5189,6251
4828,5155
3462,3014
4200,4040
2384,3291
3394,3811
649,2643
5016,6914
3614,6875
2688,4191
1808,1621
2651,974
4661,5822
5173,5421
766,1633
2099,2385
6082,3084
1566,1734
3274,5028
3093,3099
4195,2066
1608,2400
5796,6006
1585,2508
749,3634
4686,3456
311,710
168,302
1720,5106
2565,2593
7280,6032
4099,4828
4496,2775
1628,2193
4104,3352
1707,2570
1374,2828
3527,1915
5697,7393
2459,2470
1522,2580
24,28
6299,5804
1202,1697
4653,4994
988,2323
3815,5721
6075,5437
110,868
1463,1596
1305,1154
7057,6875
4441,4980
3199,3926
3032,7587
795,1653
737,6496
2326,3010
3402,4485
4364,6553
3666,222
4536,4953
4073,2811
306,3291
1522,2345
2594,2958
5196,5543
1608,1525
3787,6305
2003,3243
572,567
784,3439
1037,1648
2227,2071
722,893
6443,7620
4653,5141
7026,5148
311,1641
1521,2625
6620,2785
727,3050
1063,6123
29,151
5079,3586
1705,2963
7344,4361
2326,4269
996,1847
3522,2958
954,1564
29,299
7544,1982
1549,5123
2658,2324
4673,6481
4632,4814
1623,407
4964,5459
42,1548
7052,3752
2711,3822
3394,5412
971,5452
3624,1744
7862,8192
7818,5643
2713,4422
4564,2811
2225,2651
180,183
3092,5931
2193,1031
3128,3130
2655,2775
2655,2981
3026,3854
5102,7553
879,3976
4967,5130
7056,6523
4889,7809
956,299
3659,3912
946,2225
3614,5737
2508,2323
2229,2594
1549,2727
2707,3258
1482,1621
7386,4401
3682,4373
115,506
2565,4778
5531,5233
5908,6595
3452,3092
104,368
1357,403
407,3130
7344,967
29,932
722,955
6460,8042
6305,5933
1623,5479
321,86
2972,5977
763,3529
2117,2066
2688,3615
5301,5404
136,5824
3787,4530
6538,6665
3352,3812
8145,8141
5103,7443
103,600
4045,3309
6494,5529
6327,5772
3601,346
2072,1583
4211,3568
1024,3145
1211,710
5185,5947
1879,6442
72,1378
1210,2211
5316,6496
133,348
1135,887
6218,5022
23,906
1835,1200
5189,6296
1794,2794
1390,417
2091,1836
3310,2474
317,439
751,756
6,127
2326,2433
8009,6044
215,2195
1319,1953
5446,5289
6993,1982
1353,2354
2129,4510
766,1688
766,4551
1207,5626
4536,2790
3192,3748
6460,7442
5697,8124
4829,5442
592,863
5022,4687
7901,7233
1137,1418
2542,4604
3394,3800
3813,4012
127,4179
5590,5817
7055,6934
1381,5026
6912,6790
5655,6567
3032,2257
2549,3005
5262,5980
255,763
5802,7788
2323,608
5273,3334
5185,6967
157,290
3527,3967
3958,7908
706,1435
173,1633
2109,4247
2237,2955
2978,856
4673,5083
2565,1808
2547,4706
6460,5800
3483,3417
3005,2474
7343,4361
3449,5239
3457,4558
2688,4110
3028,2958
306,600
2594,2174
6627,6855
4099,2240
1549,204
996,6566
5301,4994
3743,3456
3349,2209
2667,2831
5697,3873
4969,1769
615,645
2559,2398
181,183
1428,1407
3787,4827
6906,5012
5892,4037
6913,7168
317,932
6380,2223
2326,4235
3404,5323
4437,5432
136,6707
3028,4189
7092,7510
2513,2517
2133,2685
1374,2257
2474,8294
4712,6123
1496,5210
2557,3854
78,28
2654,2307
7092,7243
4632,1385
6339,6340
4669,6736
511,3321
312,1520
2416,3348
3965,3615
1182,941
2472,1357
4212,5130
87,4078
3028,3352
1035,2499
928,1439
4310,7052
637,1026
7790,7803
3642,5543
766,5584
2703,2225
1521,1992
3642,6789
3168,3309
996,1977
187,1151
215,2801
946,985
371,447
3798,5155
2326,4290
634,1218
4070,5936
5263,2398
28,415
3453,5457
28,19
3648,3117
635,3516
5103,4134
3000,1633
3568,4417
988,1700
3973,4263
5295,5079
2560,3557
310,2822
2838,3776
1242,1286
2565,4646
6926,6227
2686,6360
1022,1026
5022,5947
2696,1393
2485,2746
178,4646
2567,15
6201,15
280,1250
3813,7168
2693,1166
3352,3394
5524,5827
6934,7054
4138,5650
5800,6994
1985,5817
1608,1199
6709,5064
2696,3251
1207,3056
1733,3970
4250,2144
3523,3529
5,54
311,72
7405,3962
1622,1585
11,1128
5524,5922
1164,1658
7743,4507
4547,4072
4073,3724
1420,1525
1892,1969
4335,5028
766,3114
2788,403
3932,2508
113,5886
4967,5144
1990,4709
4378,4384
5173,8178
1489,2516
3751,8295
7409,7646
457,1733
3830,1549
2240,2209
766,3454
3010,3148
1098,5321
6494,5028
5776,6306
5807,3803
5189,4175
1583,1549
3642,5439
2707,3645
7800,7803
8,427
266,2955
2289,2811
2299,3030
4967,5775
2145,2565
7900,8128
1133,6166
2623,2625
5454,4335
1286,4529
4976,2354
1335,1453
8,715
6494,5897
282,1597
2510,3516
6784,3459
4441,3958
634,1201
1439,978
5553,4037
1032,6833
5822,5002
1144,1196
2721,2963
302,2470
74,75
704,993
334,839
194,214
1133,2145
3477,3260
11,1279
1487,372
11,1855
2832,4422
2653,4191
2102,1777
1374,5529
7682,7862
2688,4929
4894,4600
3352,4384
3333,3587
54,356
109,6306
2746,2594
317,697
1813,4072
3562,3822
5800,6783
820,2322
737,4071
1470,6229
3449,4715
5612,4536
5180,1473
128,1199
27,28
18,643
4715,4341
6,567
3454,2859
315,817
127,2290
1667,5614
4310,5262
4824,2276
4426,4828
5186,4944
1215,2117
140,606
4663,4037
1696,56
3562,2066
5524,6111
1918,1992
853,1464
879,3942
132,1956
7775,7778
2951,2760
4212,4666
931,932
1470,56
2595,5760
2504,3452
3092,4400
3814,4162
24,4796
6360,7054
138,259
1423,1425
4662,4099
2592,2928
5544,5559
1133,4938
2473,2371
3402,3464
871,1055
769,1211
1997,947
2565,3276
1000,2470
5802,7879
2109,4510
826,2977
457,5437
960,313
4974,5351
5015,6299
1215,947
1814,2999
766,7381
136,6938
1166,1473
2859,3871
10,168
633,171
766,3646
6552,7809
6596,7699
312,1279
3842,608
68,7620
1335,1610
4632,5288
1305,3404
263,271
3383,2297
4099,5321
426,8287
769,2625
3388,762
1691,967
311,7855
7684,7683
3028,2371
3498,5721
730,299
2485,2696
3666,1548
1306,3059
5738,5822
2908,2535
4045,7162
6032,5199
3641,2328
432,2264
4560,4561
6555,5760
4363,4666
3453,5058
3615,762
564,604
5110,4795
457,1018
2398,3609
3635,2760
4536,4335
2565,2966
3491,2285
5263,4777
2250,8291
2229,3030
2762,762
2326,5106
766,7063
996,3103
3802,3926
171,1464
6945,6414
6815,6388
4144,3447
3196,2257
7715,6523
791,802
1470,5055
644,35
5543,4037
5802,6414
1035,1190
7233,7809
155,7587
122,4453
7231,7862
127,4811
4981,6151
2102,4335
1211,1521
7808,8174
5524,5022
2940,4218
766,5226
1151,1537
7774,3293
1521,2066
1167,1661
771,1726
841,1521
3751,8037
986,1482
24,4299
4447,6422
2565,2658
3452,5844
7586,7587
3462,5817
2440,6918
173,2246
556,1193
6615,7073
6789,5199
7280,2223
737,4335
2369,4977
686,1603
2557,1315
769,1629
1908,1315
28,299
6518,3885
3010,3587
99,6634
6537,6599
1985,2830
2547,1357
1184,3635
173,1977
304,1717
7092,1026
6097,6123
1416,2307
2557,2785
730,1035
4045,5524
805,1956
1526,904
5,130
4111,2871
282,224
5915,6021
1639,3371
4072,3643
11,2859
4899,3796
994,805
2257,4719
3262,3265
529,8287
3495,2285
173,805
173,955
1614,2328
171,1638
737,4044
457,4735
2096,1730
2135,4234
3630,1990
36,981
6346,5002
87,5439
2855,5697
634,2328
1233,761
810,791
1133,2787
1093,1842
20,2484
2108,2651
973,1232
74,29
3304,8293
6323,6481
4981,5584
3691,6938
1074,6491
5103,7237
2003,2325
996,15
5177,4791
5125,5341
5753,5072
2658,6044
1549,2209
6855,5524
113,2643
6200,5178
2688,3483
2328,2547
1537,2560
182,2774
6510,6000
47,55
582,4261
2912,3020
5166,6613
1296,3026
7080,2511
5141,5144
1305,2294
8069,5819
1496,887
2251,2999
3028,6670
4534,5545
4151,5743
904,2571
1487,2912
704,2119
4076,4179
922,1241
872,1780
4310,5155
2560,3520
12,8287
6993,7788
1492,1649
4261,1688
122,3443
1210,1286
104,94
6359,6869
4967,5412
7564,7860
310,204
2160,3812
457,3847
1691,5178
935,2470
3456,4290
3276,2297
2001,3897
2547,4735
4550,6948
2740,765
110,477
3630,2612
1204,1234
3059,3033
7317,6198
556,255
695,999
8211,4401
312,1580
1608,2071
6000,8276
128,1669
6443,1026
993,3888
2485,3800
695,3680
3634,4530
6314,6501
1566,5026
3585,6505
1166,2517
3028,3029
7198,8226
1684,2322
1489,1847
3148,2328
3417,4181
5827,7662
4792,3084
3031,204
20,675
4632,3873
4036,6566
7564,5614
1006,941
3460,5596
766,5178
284,286
7106,2785
5028,4986
1006,1547
367,370
2688,4482
87,5630
5697,6218
7080,7449
1608,2174
645,29
5657,5254
1831,1842
813,2079
513,636
3355,5432
1150,1152
1549,5817
312,29
784,2397
2381,8294
4310,7927
1701,1997
3541,3967
1374,2258
4355,5412
1098,2654
4718,5204
4792,5745
1608,2101
1496,3136
38,2385
3569,3807
7391,7683
918,763
3322,2325
1749,2747
5022,5799
2542,3976
5809,6110
2693,3439
986,1203
3449,5392
1951,3010
5526,2398
1267,2968
2831,7910
280,566
109,6576
1259,2693
2593,2990
4982,3455
5155,5430
766,2981
247,232
215,321
3479,4065
3498,5651
1151,2297
29,261
2948,8293
1259,3529
831,2091
2323,3942
5814,5738
2229,3164
2485,825
1062,1250
2765,2612
3394,3548
449,3010
5187,5321
2485,4814
6221,5835
996,2014
2135,2225
2988,3026
5217,5245
2967,2252
2964,3291
6299,4798
595,2193
6347,8192
5020,5592
2741,2736
1009,1023
6916,6907
4725,5075
693,694
1166,5828
7113,5233
2871,2290
2169,1035
2564,4191
1564,1353
4261,4677
2485,2576
1319,3130
4486,4536
2003,2411
5171,4964
6971,7295
3449,3453
6072,8044
4377,4384
2328,1847
556,1330
24,2264
4488,2440
5998,1026
4441,8219
2504,2775
2719,3307
2688,2655
1748,4013
3660,4938
950,5757
2237,4448
1143,1186
5647,2576
2972,1360
2276,3897
722,3480
2958,2646
6479,4099
3390,5592
3062,2135
280,719
3642,3334
1767,2411
6993,4632
3028,5412
737,6447
5457,4875
109,8042
1075,5624
5188,6976
1542,2423
2328,2595
2940,4201
8152,8212
5203,4400
3144,3235
4536,5022
3026,5055
2072,1492
1133,2599
142,299
6772,6327
2565,5026
4441,6151
5802,6907
6619,6789
2623,3547
1542,7662
3098,1814
759,1717
1013,1154
1772,2151
4632,7803
1167,2651
7741,6980
2369,2160
103,4808
4275,3192
1279,1496
5915,7839
1166,7992
2964,1267
3394,3541
3660,3276
306,310
2452,2470
308,746
2237,2398
6286,4483
5531,5886
710,937
4828,5811
4353,7301
5691,4534
1166,6400
173,1286
1585,1654
3373,4162
6271,6813
3088,2066
3690,2654
1997,1547
5840,5305
983,8288
3393,5998
1284,1585
2381,5079
6619,6913
2832,4735
1098,1847
147,704
4041,4124
2506,2859
996,2834
2576,2828
7301,8079
7443,7882
5998,4666
5802,4879
2576,3956
1202,1701
826,2120
7236,4884
5612,5254
2001,1492
122,2289
49,54
2546,2693
3447,3635
5796,6890
1463,2542
26,356
1428,1648
1335,971
2677,7052
3394,3745
2696,4411
813,2174
1305,4266
1129,3755
7391,6993
546,1571
3973,2134
870,1573
1470,4792
6220,3634
1639,5072
1074,6481
311,3408
5697,6855
1230,1969
971,1752
86,2354
311,1534
3666,5863
2686,3348
1967,1969
5,147
8,882
2699,3251
2272,3034
8060,8192
695,1855
2839,7422
5787,5179
3024,2625
988,1549
3056,1571
6552,6243
5802,6442
68,1688
1028,1053
993,2117
4020,2981
127,2963
5697,6006
3345,2623
3659,3059
3291,2517
3192,4173
3639,2760
4276,6229
306,971
1352,1555
7049,5466
1166,1291
1137,2838
6596,6560
6613,6414
4829,737
2565,7280
6991,7295
3786,6337
2871,4298
1395,407
2062,8291
649,810
2871,4173
403,1705
7717,5839
3622,2585
1985,1987
1496,2605
3479,4289
2118,2246
996,968
2689,2700
7057,7005
2328,2565
6738,6739
1972,3404
996,346
3293,840
113,3926
169,257
1166,8134
6280,5233
2560,5148
3752,8192
3144,4040
1267,2560
2237,3394
3026,3073
1691,2922
1072,1044
6494,7023
5822,5524
2299,6832
2548,2646
2748,1637
6624,6918
2109,762
4688,2811
1814,2001
3815,3024
3854,4099
5940,3089
7449,4507
5226,4828
4489,4828
766,4824
4550,5683
1547,1374
2693,2411
2623,4875
1167,1186
1482,1151
4077,3897
4444,2871
6272,1982
348,1128
173,4875
5612,5335
1820,3892
2326,3486
1374,5176
722,4797
742,4234
2435,1723
3787,3460
2560,1239
996,2435
2565,6523
1549,407
315,1156
600,2251
4045,5002
1667,2516
1350,1596
5806,6424
1374,826
109,6123
4045,1360
1279,1654
3404,5375
3381,5484
4070,4530
68,4162
6299,5776
2485,4384
2694,5412
3969,6496
2623,2209
7697,7649
2804,2252
133,391
1034,311
4550,6330
4044,4713
1859,4037
6394,3634
1374,3408
6229,7649
2620,6560
4045,3089
3985,2655
3350,3635
2237,5162
2356,825
4371,4557
1522,1814
5448,5233
1075,853
383,5254
5529,7890
6736,5839
3192,2871
5787,5301
3447,2831
3752,2485
72,6979
310,1464
3453,1688
5796,6560
5103,7074
5788,6447
3449,3976
1566,2117
766,3274
2072,2838
1700,290
2693,2653
5176,4527
2387,5226
1318,1296
1549,2516
4795,5839
5524,8037
68,8295
704,1222
789,989
290,1918
3449,5026
311,2297
4326,6869
71,1573
5818,4689
2822,3404
5189,6913
457,3456
6907,5872
5008,3813
6855,6634
736,439
1951,3352
3297,2655
5814,6924
1230,1987
2427,2880
2790,15
3976,2517
6907,7763
4967,2831
7057,7965
311,3755
1813,3454
7697,7809
2323,3724
1234,943
3614,5121
6951,7924
5553,6624
7233,5179
6,178
1210,3557
1098,6306
3629,2727
311,805
2473,2968
2097,2490
3090,4717
6494,6523
2237,2145
7391,5246
6746,6736
2682,2685
290,1193
2972,6481
789,1310
92,300
6886,6097
4045,7143
2240,2575
7733,6979
7747,5839
1521,1746
2845,1211
582,4811
66,977
7294,3459
3568,5254
311,3892
3707,1744
3638,3650
3404,5839
3648,3887
3568,5146
308,36
2704,3104
1357,1428
708,29
554,1103
4036,4341
383,3529
2688,3661
1795,3284
5804,3897
1350,415
4276,2258
1492,1151
759,1416
8047,6737
3088,8124
2587,4661
1236,1000
3271,2625
2768,1291
6866,3238
7301,6918
5552,5484
1380,2117
6229,5012
3449,5454
72,975
763,5651
6993,967
5342,7012
161,963
2948,1754
1151,5430
4073,5189
2967,2014
5814,6987
1006,982
1841,1842
1487,1857
5915,6560
695,704
3597,2066
4441,1982
1972,6501
2502,5773
4846,4335
730,1031
6359,1352
759,1956
1133,1799
3402,3664
3614,4335
3453,2775
4967,5254
3453,5471
5589,5233
1566,2580
1374,6855
151,1248
1594,8290
2774,4110
1496,1416
3813,2831
1357,1814
4142,5301
4224,4735
4981,7882
1623,737
2619,2972
6241,6832
7754,7005
5579,2764
1496,1211
1000,5527
3452,5947
4899,1733
5527,4191
4342,5073
457,6227
2072,2619
3764,6979
911,789
2707,5073
7080,8130
371,1031
1051,8174
130,733
4056,1157
5738,6774
2452,5814
771,1641
5606,2398
50,257
3379,3516
3954,3024
1259,3435
2485,1723
2186,2209
7047,6032
5246,5393
7099,5897
993,2069
2135,3352
2237,4011
383,150
3402,3394
2660,2485
1350,763
457,4441
3916,7961
2072,2322
1594,1549
5871,5800
6170,6663
2940,4980
145,214
2559,1166
110,674
2323,1549
2328,2774
1564,1700
4632,1498
2256,2411
1610,1747
230,298
2790,6388
1772,2685
5423,2535
6032,6901
2707,4365
3658,2328
3400,3018
1465,1186
1051,3180
2972,3439
4632,5457
1151,1956
3032,2651
4967,6594
1151,1768
5802,6736
4044,4199
2328,2209
251,94
1166,1200
327,311
2700,3148
4981,3084
907,1734
1428,1622
86,866
11,1484
3447,5188
1357,971
5822,5421
1549,2707
127,28
6221,5738
982,5073
4468,5271
7301,7757
1098,3473
2713,2754
4353,1247
3306,3645
4764,6784
974,978
6607,4712
6151,3498
231,396
5103,7052
1356,3346
1549,2787
4483,5800
254,1718
7110,7092
1166,2251
5616,5254
29,23
2605,4191
5816,5233
11,2341
53,4191
766,332
1098,1814
7052,5002
6618,7561
4020,4256
1592,2174
3449,3796
60,7624
5816,6221
3498,3180
1215,5886
1127,1199
1813,3028
3456,3140
5180,5482
1151,5226
3918,2585
5404,6715
4036,4653
3057,7301
68,5404
737,5037
3642,4781
1566,4256
178,3
1151,1893
4653,4631
2037,665
7964,5022
2272,1633
4673,4587
7391,7233
7685,4401
1309,644
2688,2440
1615,2007
2097,993
2559,2356
6323,6832
7609,7620
3454,3937
1603,1835
1029,1201
4943,6832
1201,1603
2719,1808
5524,6388
664,2651
2369,8083
2440,5210
1622,4578
457,6166
993,2400
308,2345
75,514
5059,7094
2145,3130
20,250
4547,5083
1395,4600
988,3537
1767,2114
371,658
4673,4712
255,35
3615,4256
127,3567
128,1538
2833,2880
649,317
2842,2799
5655,6755
2252,3461
3453,5263
11,1687
1542,5144
1937,3084
1098,6790
1492,2859
3402,3843
256,626
1278,1326
1185,1842
4261,3334
5203,5463
11,968
1766,2777
4899,6006
922,1550
6,566
5802,7632
5810,7054
2376,3117
3459,5638
4967,4999
826,2797
1525,298
8047,7389
5099,7604
8,616
766,5140
3498,6328
5103,5028
4712,5811
1133,1733
304,1984
5876,5482
5857,5200
661,1186
3794,5753
2605,403
2693,6330
1555,1496
5179,7839
3794,4189
5020,3459
5543,5200
996,3562
4717,5624
122,3776
2016,3748
7679,7695
4334,4191
3787,2326
4276,5568
5006,5208
1470,8295
2236,946
2619,1808
407,2354
6620,5295
2003,5022
5262,5459
941,1587
457,7073
3447,4530
3541,2660
5824,5739
2842,4256
7378,6044
2285,2231
3641,3946
7350,7809
2272,2385
1542,4981
3661,2619
6914,7512
7057,7092
6305,5404
6538,6918
2565,2991
1542,7021
80,656
2237,3800
3404,7092
1151,1416
1462,5872
7402,6712
5531,6632
3456,3897
251,32
4564,4929
994,3892
1137,3265
813,3847
1160,1330
2871,5073
4310,7214
5529,3631
2452,5378
5295,2398
2016,15
2251,2332
766,579
1236,1783
371,5775
2256,1777
4347,7879
1129,1563
1151,1733
8138,8134
4455,7108
946,1035
1374,1464
1374,5697
1124,1992
3850,2655
3449,5680
67,178
4899,4534
1767,2209
7036,7040
1783,3130
1127,3084
4574,5179
2398,1706
4046,5801
7092,7185
11,658
3020,3338
3948,3787
1282,2763
6918,5484
2706,3352
706,1669
2256,3769
6270,6328
231,1396
4718,3089
2713,4011
5802,8042
36,2625
1623,4037
8,817
695,3516
4189,5288
816,6306
5697,7362
5872,7587
3666,5694
24,893
1185,407
5125,6714
7980,5246
2651,3933
816,72
1374,6174
1137,5527
5099,3459
4673,4798
11,4796
310,922
3960,5543
4899,5812
643,719
1608,4256
6327,5822
871,2993
2831,7908
6941,7553
1483,1538
4046,6320
4982,3393
1166,4412
150,3334
3458,5499
6907,7386
7679,7699
6934,7683
1137,1127
7188,7386
1062,710
3144,3018
457,5822
1098,8246
44,5439
1133,4055
5800,8297
3449,1769
1470,2790
1129,1556
5155,4712
19,252
2547,3089
2940,2594
3794,3433
2565,5637
3301,3059
1064,1200
257,302
3453,5130
3614,4338
4981,5430
4211,5055
2565,4098
6907,2658
996,2145
4947,3537
2646,1049
2557,2880
2871,3898
5543,7131
5139,2765
2237,4510
922,1565
113,859
2504,3050
3366,4199
3168,72
971,4365
4073,3897
4065,7351
1549,1982
2485,2871
6595,7632
6443,6270
4065,1729
1733,6337
2619,7277
1792,2801
2133,1608
4138,4299
2297,3529
3641,2822
1184,4661
2550,2501
1286,4055
2651,5848
7598,5028
2565,7279
3404,3808
1980,1956
935,936
122,1792
1133,1490
3196,3646
5103,5022
1210,5804
1279,3892
1135,2276
3034,2145
5189,2516
1267,935
5020,3919
2704,2918
7189,5760
2507,1416
87,5584
4074,2958
3453,2001
215,517
1521,2341
2565,5465
4665,3417
1200,2654
324,1842
2387,3456
3615,3847
8,154
647,1123
2618,2747
2700,4290
2237,2470
68,4124
1754,1758
5079,2369
3175,2411
1767,3847
1319,1035
5188,5226
5079,4986
4065,1688
215,506
3628,3629
1594,2972
68,7795
1759,1514
904,1513
7057,5902
5188,4717
769,1034
993,722
1700,5886
1133,4828
5039,3455
5179,5079
1133,5482
2440,2237
20,306
4375,3660
813,4055
432,769
161,1127
68,3506
1384,2653
3352,5327
7057,8121
2485,4578
2677,5807
1201,1193
4980,5020
1772,1186
2674,3029
1487,1858
6845,6850
6119,4037
2234,1267
2658,3200
946,1596
4441,3452
39,135
2635,2643
4632,7143
3057,2790
2565,5002
996,2281
749,730
4212,4483
7279,7443
1990,3007
3624,3800
4982,4983
6784,5839
127,2687
5620,5459
556,1190
7391,8122
440,28
1129,2160
339,863
2229,1835
6123,7439
1221,2585
1151,2593
6006,6783
1374,1653
173,1468
8046,8246
2909,4335
5382,5449
1151,2594
7188,7315
882,963
5427,6080
5802,4065
4448,2822
870,86
1062,1266
1661,1859
1003,663
3568,2066
4364,6737
856,3670
257,271
4041,3634
3388,3835
4829,5295
2560,417
171,982
2256,4811
7769,7910
3956,1157
457,4828
5008,737
87,4485
1137,1549
5807,5584
7164,5012
6945,6000
11,2932
2842,3473
457,2137
2010,7946
5428,5430
1223,922
2371,3104
4255,2134
3752,7662
11,817
3381,7529
1374,1285
1621,3084
434,435
3948,4013
1374,7813
1536,1538
3462,2456
4144,3586
3056,3516
6501,6897
5427,5928
4189,4298
1442,1774
5814,7012
5822,7813
2964,2966
2485,3452
788,849
5839,6432
2065,3843
1571,1510
4441,2689
988,3276
28,1964
4557,5780
2381,2066
2688,4055
2504,2547
3601,2369
4070,5543
2546,2174
2485,3970
3378,4846
978,1585
2703,3371
24,2371
3641,1680
5203,4587
1133,4103
6770,7961
2474,1646
1462,2535
4828,6424
3449,5189
6615,5697
3541,3645
805,857
154,1464
5215,4310
7047,7052
5822,7315
3806,1548
1305,3251
317,1661
12,56
789,313
5171,5188
24,1419
280,994
7647,6934
5360,6474
5189,6897
1984,3887
35,545
306,687
6305,6632
1991,403
3728,4349
57,789
921,978
4813,5140
3642,5848
1487,1701
1098,5466
4948,3752
2558,3020
2991,2958
7697,7803
2065,3002
2326,2016
1221,1164
6274,7649
1127,1496
5582,2774
759,857
3449,6164
6794,2160
2135,5222
1013,626
4828,5321
763,893
5103,4435
1524,1692
3028,4310
3055,3009
4199,1961
1483,1525
154,322
2688,2145
3125,2576
173,2085
1210,941
1051,1385
1137,2112
1098,1808
5176,2764
172,6441
2102,2328
1133,2210
1305,2297
766,5073
3274,4574
4364,3958
2326,2693
3457,3117
3965,2576
4044,4529
2565,4719
4967,2160
553,2117
2744,5263
922,1193
5071,4297
3159,2654
1820,1633
4433,4558
1496,2328
7469,7478
3447,5463
1990,2565
1705,2547
4967,3813
2871,3847
2689,5253
3238,4562
4832,4037
1035,2341
2462,1608
4792,5466
1522,2665
1267,722
2859,1769
10,549
1661,2151
6772,6123
2237,5061
3519,4247
8050,6618
6714,6442
4073,4964
5655,7544
4894,4828
78,49
1549,1583
7642,5179
5800,8122
2947,3253
1885,1549
1184,72
2747,3439
1538,1918
1395,1384
1062,3030
1492,1621
20,993
5188,7695
1428,935
312,308
417,974
46,379
1051,1123
2557,2955
311,1418
2972,6942
5118,5020
5185,6945
1441,2348
432,7813
3227,7587
4045,5100
3192,2297
2565,7131
1248,1425
2240,1565
8053,8209
1814,3334
6555,6832
3641,3813
499,829
2473,1781
6484,8192
1166,2660
4151,3796
1236,1893
3456,4338
2651,825
4045,6432
4899,2369
4099,4483
4686,1159
6270,5714
922,913
172,1374
643,749
2704,3033
2229,968
128,1556
6241,5806
2871,2252
1922,1571
4550,5364
996,4289
841,2721
6657,8132
35,3
6458,6930
5002,737
4653,5308
2872,3338
6596,7386
1549,1730
2647,2470
4099,5463
5692,6299
5439,3459
3456,5295
766,1514
1621,1444
789,6481
1098,2814
2586,2587
2688,3568
1568,1277
136,132
7055,7979
6359,6634
1985,2209
5110,3614
4040,5020
4849,4600
315,864
3642,6628
1029,1053
223,422
1615,1963
2237,737
5022,3614
6299,2774
795,1717
2822,4124
5524,3089
371,2643
3667,3971
1259,1389
1564,290
1166,4041
5799,6388
4446,2871
3276,2727
2768,2053
686,1833
3728,5341
8107,4037
3568,4043
2660,3516
14,1835
319,592
2474,4055
386,243
3787,6400
6,936
5783,5863
2229,2900
11,2151
825,4173
2872,3562
6223,5684
1594,1747
2516,8128
904,761
1549,4162
140,379
3642,5559
5816,6006
2576,7809
993,1097
5591,2775
836,1705
5187,5844
4127,2871
5196,5871
1492,4735
1166,8293
2246,2323
1037,6720
457,2851
2697,2411
4828,5263
4073,4099
25,280
1492,3338
2667,5179
1701,2354
1542,6243
634,1357
5015,8122
11,4088
1184,1167
2369,5055
3456,3014
1756,1802
2256,2781
1029,963
371,600
686,956
1374,8168
3509,2542
4070,2775
2707,2474
932,665
5655,6976
6305,5980
71,226
3586,7874
993,1814
2674,5936
1204,4191
6624,5432
313,959
1055,4175
5806,6686
3910,5780
5691,6148
2658,4482
2925,2646
2674,3251
4632,2223
5445,6555
327,282
865,4846
789,1969
3095,3126
1748,3562
7294,7620
5198,5204
1594,1689
1236,1103
5691,3089
7317,7341
1549,3661
336,214
3010,3408
6006,2440
4056,4055
2398,2638
2328,2329
6596,8237
66,1729
1236,1484
5020,5563
4948,5288
2565,7587
3120,2474
722,963
1915,3089
2485,2560
12,668
4587,6566
6714,6833
954,989
1814,2963
1137,1521
1374,2246
2909,5412
1707,2485
5829,5415
2842,4173
6714,6736
2793,7073
4988,4551
4070,5061
4364,5199
2790,2326
2595,3537
763,1927
2691,3092
1006,1465
3073,2510
7047,6914
1549,1353
4574,5828
24,6097
1166,3173
1555,1622
1200,2371
2605,3660
1661,4269
5198,3456
5746,4338
3541,2565
784,2763
2440,15
2258,3631
1279,1610
766,285
143,5800
3275,1166
3352,2326
11,1842
4632,6299
1480,1253
600,243
4364,6634
6359,5829
7999,8002
644,425
5188,4247
5524,5812
993,7063
2102,2594
215,310
1357,3130
2565,1297
467,368
1991,425
1585,1618
334,29
2699,2210
3055,2746
21,2410
695,1151
72,5524
122,1653
2272,1700
742,1310
3457,6123
5342,5179
2660,4110
371,1966
5176,5463
3057,840
4076,3454
1374,5162
5404,6714
7900,7620
4040,3381
3449,3103
4666,8073
7294,6243
5188,5818
1031,311
1814,5210
3881,3026
3622,3084
5184,2276
1367,2973
2654,3822
4045,6624
3352,2696
4238,3631
1316,1908
2693,2542
4318,6914
4948,7391
5185,6251
1133,5026
4982,5817
2651,4256
4162,4263
7055,7683
4632,2658
2485,2654
1915,2398
395,1418
2651,3020
2693,3843
3449,5994
1098,3034
1733,7632
319,5182
1137,4335
1697,873
128,1714
1210,1389
2440,3456
1709,1031
3394,4424
1473,2966
766,6632
5612,5757
6094,6124
3969,2689
5796,3089
2062,3007
5255,4587
1166,4290
3028,3439
28,1608
20,1758
6068,6124
2967,3034
1487,1501
1042,2763
24,2612
5857,7632
1992,2594
14,2134
4151,3447
854,1211
3310,2356
4144,5863
904,1547
6619,7115
1062,2256
2657,4299
2548,2585
813,1419
2297,3456
3691,1473
1166,2076
706,259
310,1641
784,3755
86,795
6270,6979
1615,1657
2298,2575
5524,5020
813,3284
2264,6243
3728,4480
3527,778
4662,4361
3691,4011
1991,2625
136,4713
1594,1374
2936,2946
125,321
176,154
203,2470
4040,3586
7057,6618
2543,2504
3381,5200
1074,6860
1896,2144
457,1679
6620,3803
1772,1521
2932,3661
6714,6243
4076,4256
2822,2923
339,135
3586,7795
3352,4422
1772,2174
1628,1542
2659,2687
6946,7688
7327,4361
789,2106
2371,3164
12,1638
7407,6946
1585,1969
947,4297
4338,3352
1521,4055
457,6576
2387,5994
29,674
3624,5684
2222,1613
5190,5635
2693,4263
3452,1403
1166,1571
7772,8276
4,130
2658,5026
2713,3520
3447,3796
4899,5693
1615,2109
1814,1393
5187,4530
1151,7927
6993,7701
5816,6306
2871,3251
643,1053
742,7707
4036,15
4212,2775
4219,2516
24,1963
5796,5807
4219,5130
10,628
2696,4653
412,403
4276,1473
546,5871
4488,5655
3787,3724
5015,6979
6993,6000
3819,3631
1811,1648
7233,7389
708,956
838,730
29,273
7280,6875
5175,5790
574,151
3447,5760
334,941
7378,7553
1885,3404
3417,5341
3813,5780
3813,7632
1241,1319
1006,975
2693,4547
2297,4453
2156,2182
1386,948
2707,6784
784,2345
3556,3892
24,719
5079,1549
1381,2371
3445,2398
2174,214
3461,5693
6774,6272
311,6595
2576,2160
6934,5922
11,415
275,2053
872,1857
3024,3898
103,506
3787,4011
4899,6715
2871,1416
5454,3958
6615,4992
1050,35
5079,7295
6618,7389
5932,5998
2667,5245
1922,4124
3525,2657
317,1641
59,61
5836,3586
1596,1319
766,5822
2256,6422
317,958
1492,4043
3544,2657
784,3720
255,1573
762,2508
5391,2258
3796,3034
3851,4138
4036,2605
346,3646
1803,2697
6156,5714
1230,1514
4076,3813
3015,1733
2120,7146
5166,7908
5079,5178
546,1697
728,600
838,839
25,370
1009,1927
789,2593
650,2951
5301,6505
5582,6334
1305,2963
2972,6632
1986,4735
74,178
5445,3969
109,7063
2160,2900
1583,2670
103,681
2981,3447
5177,5709
3453,1185
3728,1297
7449,8073
203,829
3522,5073
2109,2859
6,304
376,299
6612,7115
4828,2774
2001,1159
388,15
1585,2329
1137,259
6801,7050
4726,4315
6006,4037
789,1468
3348,5806
11,2157
199,1603
1506,1385
94,304
1808,2599
23,175
306,308
5524,5819
5006,4219
7812,7649
3024,4735
823,677
2369,6235
1386,559
838,882
19,163
16,28
2065,3769
4598,5839
3527,6560
1612,8134
2257,3117
2510,2231
2967,3059
5818,6850
3404,6555
2001,5452
1284,935
127,3
6758,6123
5531,3015
2326,608
4681,2223
312,1043
11,8
2699,3871
457,1757
5176,5568
25,8284
5524,4828
1204,1679
4718,5222
1967,2209
707,1061
1700,2178
255,36
4276,896
72,590
7231,5671
1062,321
447,4037
922,1816
5188,6833
499,802
4222,4646
2796,2946
4437,3014
1151,3352
3902,3456
3786,2958
12,290
5872,6523
1151,7144
2983,4335
1166,5524
29,810
737,8134
4219,8296
4187,4531
1521,2297
2472,633
2688,6589
4310,3089
3333,2657
3032,5178
7225,3459
4967,3291
3897,2307
994,3192
4948,7965
4483,6417
4037,7699
432,1858
4748,5323
1132,3173
113,959
1137,4162
5002,7144
4044,4646
172,1267
122,2240
47,4037
80,319
2398,2326
2863,2902
122,3028
6479,6004
2565,1026
7877,7879
5800,8249
310,324
1730,4191
2981,1799
2298,4417
1549,5872
1522,3956
5582,6505
3477,3506
1741,214
2746,2340
4310,4899
5065,4654
766,2951
87,6156
87,6400
634,1196
80,168
722,1236
2209,1166
3541,3028
2981,737
1203,963
215,687
25,255
5020,5506
6,668
5489,1473
2565,214
4712,7478
3026,1247
4666,7912
3404,3910
6421,6634
72,6774
2655,4795
789,2273
2747,4384
310,5651
2120,2165
90,4666
982,887
311,86
996,1186
1000,789
4974,5524
5818,3459
2474,1267
6023,6218
788,644
722,3609
1808,1482
4681,4962
993,1190
1608,1707
5454,7910
5382,5189
2872,2651
1022,1055
318,322
1204,1259
4186,5445
3642,6330
1471,1661
7386,6422
5125,4507
1937,5341
2968,3473
1029,1055
971,1538
150,431
111,477
3812,2909
4894,6027
1032,5222
737,6305
122,3435
2237,4463
353,56
1608,1049
3642,8295
68,2587
575,765
4037,5693
5927,3293
7691,7946
2693,2822
813,3520
5439,6855
5185,6432
2733,2206
1808,2605
2118,1547
2646,1596
3682,2433
3664,3352
2051,1697
6657,7961
2871,608
2699,3024
6299,2565
5102,5210
4192,5998
3188,3623
996,1997
1127,1593
139,8288
4040,5693
2711,2660
140,258
4487,4551
3451,2326
4964,3393
3026,3443
2686,2356
5839,5950
1631,904
4483,5745
1808,1723
11,1726
2206,2411
647,1218
813,722
789,1266
2702,3843
5532,3976
2093,2720
1658,2053
1037,946
4045,4994
2109,4201
1615,1549
1378,1284
6241,5872
2550,1549
2118,2585
3188,2328
2967,2381
584,604
151,1662
1587,1718
5827,6327
7928,7233
1670,2145
3660,3646
941,3136
2872,1453
737,5254
2703,2819
2240,2362
1538,2653
1749,2210
2799,3680
457,4247
2677,5800
1384,2751
86,2923
312,882
3635,827
996,4712
996,7108
2565,2700
4884,4037
306,246
6900,5210
3033,3164
766,5829
425,6979
1221,978
2398,2655
1919,2285
6,1506
6,1428
215,298
4211,4335
766,2851
826,3506
2326,1935
5301,4527
3919,5121
140,592
826,2501
3291,4578
27,302
1003,4071
3256,2066
166,6523
7112,7115
1166,2178
3175,3970
11,839
1701,1648
6327,5829
2851,2955
1006,1985
2967,4110
4310,5775
3453,4041
4175,6148
2565,5130
3667,3276
2510,3030
2811,3456
68,5459
2256,2958
1501,993
1164,5479
5067,2364
6624,5835
1549,2297
2871,4780
2696,2713
4632,6227
1700,1697
2376,2237
826,960
86,6914
922,993
1470,2398
1374,7054
4310,3459
7564,6946
3144,2508
2323,2193
266,665
1259,1062
3456,7450
1022,1377
5796,5760
890,863
312,1855
312,1218
7047,7871
4652,4530
147,1315
1046,1321
1967,2485
784,3443
3624,2973
2653,3615
2651,5079
1723,1726
2651,3453
759,3537
3806,2871
465,3180
1305,608
5807,6327
918,1261
4320,3568
3148,4233
6046,6044
5999,7054
831,829
1522,2517
986,3456
1594,1662
3541,2544
5068,3455
1480,1798
1022,1484
1166,5423
7056,7666
7054,7620
3456,3458
3148,2654
4818,1680
1772,2425
2623,6994
2109,2066
2061,765
1098,2264
457,764
2948,3130
2768,2599
1305,633
53,4099
7910,7012
5313,4977
86,674
5201,5412
2231,1186
650,1211
6270,6462
6156,6221
2693,3005
1095,1855
1142,3516
3854,3059
1522,1297
813,2071
5655,5012
1550,4290
5806,7381
11,2073
1615,372
1835,8294
2958,2066
5817,2433
5103,1823
1133,5484
2062,72
457,8209
1167,3720
1151,1752
2660,2510
5524,7108
5110,4964
784,2830
5582,6299
6006,6700
3315,2651
1767,2775
2560,6980
2326,4233
911,795
11,4335
2209,2594
4422,4875
3955,4233
7229,6665
5079,1972
1000,896
2411,4021
3889,5499
136,5950
5708,5697
7744,3310
4070,222
1700,2066
1006,1014
267,271
5532,2285
317,35
911,1131
904,1296
5697,5738
5171,4653
11,982
1151,4781
3462,4962
3057,4600
5455,2398
315,942
6649,4944
5612,6148
7774,4037
5334,5454
182,3537
104,515
3088,2225
2688,2674
1386,1953
3449,2456
2605,5321
5028,7047
2707,3537
1547,1966
3645,3144
1612,6347
1043,1658
3973,3276
3393,4335
722,1633
4710,3910
2369,4297
1814,2968
3457,2369
2565,2120
9,506
2328,5829
1972,3089
580,182
2693,204
879,3180
3611,2510
2120,3480
3786,4530
826,665
1585,1248
2237,465
3142,5925
1395,1992
156,168
5553,5887
3010,3024
1542,15
3453,3417
3724,608
1691,2657
766,2511
5189,8296
5079,5756
2369,4828
1549,3643
782,677
1749,1633
2234,8293
5982,7961
5612,4134
3062,1267
1473,1608
172,290
6,1532
319,405
1132,7620
1730,3804
5691,5828
5053,4175
42,75
826,3021
2923,2485
3455,4797
4353,5514
4142,1729
648,282
5549,5178
1097,3027
6272,1549
5998,7092
922,943
7092,7443
5871,5947
6736,6873
371,1297
44,1953
1730,2109
5190,4587
842,1284
5696,5002
5079,5188
3641,6229
1717,1718
6818,6347
6108,5121
7239,4632
3709,465
58,853
5814,7699
1552,1908
346,3099
3910,8295
3020,633
766,3265
3458,2654
3084,7620
5531,2001
5802,6417
2504,737
6305,7795
1338,1193
2940,3009
2612,2593
1166,1847
80,8
707,904
280,2398
1997,1031
2713,417
304,1464
7225,6596
996,332
3452,5412
1823,4315
3601,7632
6714,2940
6886,6001
4712,1026
993,1035
1137,1407
7769,7021
3012,2999
2851,3643
3297,8083
5816,6004
6320,7237
1553,1780
2160,2328
6467,2620
1215,1357
3044,2256
4632,6860
6460,967
2565,8121
4632,8209
2174,3030
2688,4480
275,1211
3115,4037
6072,8002
4310,3456
3965,5527
457,2151
3633,1549
3498,3755
5179,6407
4042,2384
3028,2510
727,1861
296,405
1236,1166
2674,1992
457,4797
42,5775
2850,1723
2256,5233
822,2371
90,3958
173,1412
2297,3650
722,3253
6344,1352
3461,4646
4074,2696
7086,6946
5661,5683
11,1389
2612,2565
109,7047
182,1297
1384,8293
5802,3291
1127,1706
1167,2128
4712,4310
5053,5022
4045,2689
5295,7809
5817,2535
4828,6162
730,1192
7771,7778
6299,5806
4040,4266
3956,3320
1808,946
4894,6592
3642,5936
1380,1453
2811,3562
2972,3140
3458,3847
2688,2016
5427,1159
5405,5412
2485,2456
37,216
795,579
4798,2223
5934,5543
3569,1549
643,1964
6442,7620
2658,4588
3666,5430
1350,1199
2859,2900
6615,5671
2747,3148
986,1758
2560,3770
2546,2828
2658,3000
6212,7835
6999,6774
312,1165
4632,4175
1380,1476
457,3529
2768,2375
5524,5393
5802,6953
4297,3691
3659,4188
128,1973
4468,5245
24,1034
3666,5459
5702,5210
5457,5969
5582,7073
215,684
311,1618
1247,3002
2565,5148
2498,2504
789,1201
109,1199
2660,3435
4536,6907
1166,2384
3457,4778
2237,4735
7055,1498
311,2918
5002,4400
2871,3455
1549,4247
766,3253
315,317
59,28
3976,3089
1608,1489
2603,2604
7086,5210
3456,4605
993,1444
1428,1164
1522,1592
1137,1372
5185,4065
2560,6320
111,994
7301,5819
311,299
3453,6553
2688,3586
3457,2381
2251,1542
6,665
6619,7414
46,286
769,2770
1489,1538
3352,2506
1419,2665
2367,2593
2135,1267
1585,1378
5079,5200
2133,2814
768,600
2832,4728
4044,3073
7835,5179
2871,2016
2153,7168
4070,5305
1896,6327
6020,5262
6305,6624
68,3050
1808,2297
6846,6860
2688,2324
2456,3498
2510,2294
1319,1538
811,817
109,5902
4234,4424
4077,4828
46,428
2369,5484
4748,5430
138,1186
697,1595
813,1549
2256,4201
1915,5148
3660,4037
2174,2770
3666,4098
5254,4713
7054,7651
2297,6437
971,1193
3009,2252
58,144
5321,896
5810,4712
996,1267
1732,1772
5773,7047
6248,5233
2559,290
3102,3104
36,1413
4448,5412
879,3334
2328,8291
3614,2535
21,2727
4992,3002
1717,4735
24,5026
2452,1982
2842,4138
2677,7040
68,1637
1424,3126
432,1031
1230,1953
371,2693
3010,3114
122,4263
78,261
3462,4072
2576,3005
646,1734
2072,2128
157,2657
2115,1965
3959,2619
3127,3130
1278,1321
856,2900
1374,1847
20,982
4441,6528
707,948
5800,6907
6618,5806
2328,2504
715,334
1297,2517
3062,2697
5189,7553
941,1489
2369,3238
1751,2651
4041,6098
178,895
15,737
1644,1297
315,779
7165,1026
5543,6227
3787,3309
5140,1352
4310,7778
125,1286
5123,5466
3498,5844
36,2470
319,1482
6501,3459
1538,904
3843,4620
2822,2256
36,681
2547,4687
5818,6251
663,3014
2595,15
5203,3027
2001,5886
6043,8037
1075,1418
986,1532
4879,7397
1522,5928
5606,5872
3453,6724
2618,2375
3567,2565
1615,1697
1097,2685
423,214
6907,7280
2653,1453
3692,5452
3381,5289
5446,7279
1133,4263
2565,4072
5391,7040
2326,4055
2752,290
157,1055
1736,1199
5741,5543
11,33
7882,3962
6270,4099
1137,4323
6032,4764
5188,6170
2524,2508
1000,3191
5658,7726
3452,2354
2653,3580
5106,5412
3191,5323
1778,1955
2326,2516
2565,5246
2688,4792
3622,3892
6513,4994
3098,3164
6082,6496
4040,4584
1538,1297
3456,7225
457,5210
6885,6560
6735,6739
29,214
6346,6777
68,1159
943,922
2967,2932
241,864
2691,2565
5934,6613
136,4037
2003,6097
3472,2811
1286,3454
1006,1718
2209,2657
943,2134
663,2830
4201,2134
1133,737
766,3021
937,983
2109,3946
2485,5144
1127,1652
3634,6875
6421,6805
6366,6328
28,748
2500,2591
2069,2685
3394,3776
2135,3033
961,8291
6071,7632
4144,5743
4967,6873
3284,3557
2774,3456
1489,1520
3498,3631
2790,3670
3814,825
4829,1680
766,3752
5524,5596
2688,3804
2566,4712
2565,2814
996,2348
5524,5028
5386,7512
6,175
5802,6047
139,86
6941,6923
5079,4653
2658,4386
1151,6632
4686,5155
177,228
6620,7201
3709,3404
1050,1549
312,1164
3352,4021
4310,2822
6596,2565
4718,5026
4441,6555
1552,2834
5614,2398
2619,3800
4487,5563
1305,3010
166,2877
986,1277
2619,3084
3439,1239
1151,465
47,1855
1743,1746
325,4037
3190,2398
539,3010
1463,2264
1795,1416
5457,5697
94,80
2416,2968
28,756
3527,3631
3276,4162
24,5511
1899,1165
2485,7400
2842,3148
2565,7450
1697,3251
203,1808
1767,3338
5316,3456
3381,2940
371,3352
5317,4448
259,3804
5059,4666
4045,7101
1037,1571
994,707
5697,5963
2747,2654
5697,5804
11,844
5809,5697
1847,761
6305,6665
324,1413
1420,1654
7052,4632
5822,6774
1614,4037
3453,5739
3786,5630
3916,5176
2264,5100
290,1297
1896,3807
2658,4417
4653,5393
4437,6523
3460,7908
791,1279
5659,4653
3642,778
3478,5814
5822,5819
1555,407
4792,4009
737,6576
2473,2120
996,3117
3586,5210
1018,2237
4325,4424
2114,3059
4045,5072
217,219
311,1490
5439,3792
4796,1548
6563,7620
1972,5273
55,243
3634,1982
319,1035
1374,765
3469,3452
2871,2697
3522,4558
1549,4179
4310,2909
3453,6528
2707,3033
33,1241
766,6441
5176,5683
1098,7587
5998,7389
3814,3800
1202,3136
5185,3334
2686,2713
5079,6736
8046,7924
94,779
3568,4138
3449,3034
3326,825
3028,4578
10,50
3447,6634
3498,4037
1922,2922
695,813
2713,3265
2186,1403
5454,5680
1615,1927
5022,6023
122,3541
2667,3897
4354,1990
11,50
639,1382
