method,source,hits_at_k,precision_at_k
adamic_adar,3,3,0.3
adamic_adar,4,6,0.6
adamic_adar,5,7,0.7
adamic_adar,6,7,0.7
adamic_adar,7,5,0.5
adamic_adar,8,10,1.0
adamic_adar,9,5,0.5
adamic_adar,10,10,1.0
adamic_adar,11,6,0.6
adamic_adar,12,5,0.5
adamic_adar,13,2,0.2
adamic_adar,14,6,0.6
adamic_adar,15,3,0.3
adamic_adar,16,3,0.3
adamic_adar,17,8,0.8
adamic_adar,18,1,0.1
adamic_adar,19,4,0.4
adamic_adar,20,6,0.6
adamic_adar,21,4,0.4
adamic_adar,23,7,0.7
adamic_adar,24,6,0.6
adamic_adar,25,7,0.7
adamic_adar,26,7,0.7
adamic_adar,27,5,0.5
adamic_adar,28,9,0.9
adamic_adar,29,6,0.6
adamic_adar,31,2,0.2
adamic_adar,32,1,0.1
adamic_adar,33,8,0.8
adamic_adar,34,1,0.1
adamic_adar,35,8,0.8
adamic_adar,36,8,0.8
adamic_adar,37,2,0.2
adamic_adar,38,2,0.2
adamic_adar,39,6,0.6
adamic_adar,40,1,0.1
adamic_adar,41,7,0.7
adamic_adar,42,6,0.6
adamic_adar,43,1,0.1
adamic_adar,44,4,0.4
adamic_adar,45,2,0.2
adamic_adar,46,3,0.3
adamic_adar,47,6,0.6
adamic_adar,48,8,0.8
adamic_adar,49,2,0.2
adamic_adar,50,2,0.2
adamic_adar,51,2,0.2
adamic_adar,53,5,0.5
adamic_adar,54,2,0.2
adamic_adar,55,10,1.0
adamic_adar,56,4,0.4
adamic_adar,57,1,0.1
adamic_adar,58,5,0.5
adamic_adar,59,5,0.5
adamic_adar,60,2,0.2
adamic_adar,62,4,0.4
adamic_adar,66,5,0.5
adamic_adar,67,2,0.2
adamic_adar,68,3,0.3
adamic_adar,71,4,0.4
adamic_adar,72,6,0.6
adamic_adar,73,4,0.4
adamic_adar,74,6,0.6
adamic_adar,75,5,0.5
adamic_adar,77,3,0.3
adamic_adar,78,4,0.4
adamic_adar,79,6,0.6
adamic_adar,80,9,0.9
adamic_adar,81,4,0.4
adamic_adar,83,2,0.2
adamic_adar,86,7,0.7
adamic_adar,87,5,0.5
adamic_adar,89,6,0.6
adamic_adar,90,4,0.4
adamic_adar,92,1,0.1
adamic_adar,94,4,0.4
adamic_adar,96,1,0.1
adamic_adar,99,2,0.2
adamic_adar,101,4,0.4
adamic_adar,102,1,0.1
adamic_adar,103,5,0.5
adamic_adar,104,5,0.5
adamic_adar,105,1,0.1
adamic_adar,109,7,0.7
adamic_adar,110,5,0.5
adamic_adar,111,4,0.4
adamic_adar,113,5,0.5
adamic_adar,116,1,0.1
adamic_adar,120,2,0.2
adamic_adar,121,1,0.1
adamic_adar,122,5,0.5
adamic_adar,125,5,0.5
adamic_adar,126,6,0.6
adamic_adar,127,4,0.4
adamic_adar,128,5,0.5
adamic_adar,129,2,0.2
adamic_adar,130,5,0.5
adamic_adar,132,4,0.4
adamic_adar,133,1,0.1
adamic_adar,134,1,0.1
adamic_adar,135,3,0.3
adamic_adar,136,2,0.2
adamic_adar,138,7,0.7
adamic_adar,139,3,0.3
adamic_adar,140,6,0.6
adamic_adar,142,4,0.4
adamic_adar,143,5,0.5
adamic_adar,145,5,0.5
adamic_adar,147,6,0.6
adamic_adar,150,5,0.5
adamic_adar,151,7,0.7
adamic_adar,152,2,0.2
adamic_adar,154,5,0.5
adamic_adar,155,5,0.5
adamic_adar,156,1,0.1
adamic_adar,157,4,0.4
adamic_adar,158,1,0.1
adamic_adar,161,4,0.4
adamic_adar,163,1,0.1
adamic_adar,164,1,0.1
adamic_adar,166,3,0.3
adamic_adar,169,1,0.1
adamic_adar,171,8,0.8
adamic_adar,172,7,0.7
adamic_adar,173,5,0.5
adamic_adar,175,1,0.1
adamic_adar,176,6,0.6
adamic_adar,177,3,0.3
adamic_adar,178,7,0.7
adamic_adar,179,3,0.3
adamic_adar,180,1,0.1
adamic_adar,181,1,0.1
adamic_adar,182,9,0.9
adamic_adar,185,1,0.1
adamic_adar,187,4,0.4
adamic_adar,191,2,0.2
adamic_adar,192,4,0.4
adamic_adar,193,3,0.3
adamic_adar,194,2,0.2
adamic_adar,197,3,0.3
adamic_adar,199,2,0.2
adamic_adar,201,5,0.5
adamic_adar,202,4,0.4
adamic_adar,203,8,0.8
adamic_adar,204,2,0.2
adamic_adar,205,2,0.2
adamic_adar,208,2,0.2
adamic_adar,209,1,0.1
adamic_adar,215,4,0.4
adamic_adar,216,3,0.3
adamic_adar,218,1,0.1
adamic_adar,221,2,0.2
adamic_adar,222,1,0.1
adamic_adar,223,5,0.5
adamic_adar,224,2,0.2
adamic_adar,226,6,0.6
adamic_adar,228,1,0.1
adamic_adar,230,1,0.1
adamic_adar,231,7,0.7
adamic_adar,232,3,0.3
adamic_adar,236,7,0.7
adamic_adar,237,3,0.3
adamic_adar,238,1,0.1
adamic_adar,240,2,0.2
adamic_adar,241,1,0.1
adamic_adar,243,1,0.1
adamic_adar,244,1,0.1
adamic_adar,247,1,0.1
adamic_adar,249,1,0.1
adamic_adar,251,2,0.2
adamic_adar,254,4,0.4
adamic_adar,255,6,0.6
adamic_adar,256,2,0.2
adamic_adar,258,1,0.1
adamic_adar,259,7,0.7
adamic_adar,261,3,0.3
adamic_adar,263,3,0.3
adamic_adar,265,2,0.2
adamic_adar,266,2,0.2
adamic_adar,268,1,0.1
adamic_adar,269,3,0.3
adamic_adar,270,2,0.2
adamic_adar,275,5,0.5
adamic_adar,276,3,0.3
adamic_adar,277,1,0.1
adamic_adar,280,6,0.6
adamic_adar,282,8,0.8
adamic_adar,283,1,0.1
adamic_adar,284,1,0.1
adamic_adar,285,1,0.1
adamic_adar,290,7,0.7
adamic_adar,291,5,0.5
adamic_adar,292,1,0.1
adamic_adar,295,1,0.1
adamic_adar,296,4,0.4
adamic_adar,302,2,0.2
adamic_adar,303,1,0.1
adamic_adar,304,6,0.6
adamic_adar,305,1,0.1
adamic_adar,306,5,0.5
adamic_adar,307,3,0.3
adamic_adar,308,7,0.7
adamic_adar,310,7,0.7
adamic_adar,311,4,0.4
adamic_adar,312,8,0.8
adamic_adar,313,7,0.7
adamic_adar,315,5,0.5
adamic_adar,317,8,0.8
adamic_adar,318,1,0.1
adamic_adar,319,4,0.4
adamic_adar,321,6,0.6
adamic_adar,324,3,0.3
adamic_adar,325,3,0.3
adamic_adar,326,1,0.1
adamic_adar,327,1,0.1
adamic_adar,328,3,0.3
adamic_adar,329,1,0.1
adamic_adar,331,1,0.1
adamic_adar,333,1,0.1
adamic_adar,334,5,0.5
adamic_adar,335,2,0.2
adamic_adar,336,2,0.2
adamic_adar,339,7,0.7
adamic_adar,340,6,0.6
adamic_adar,341,6,0.6
adamic_adar,344,2,0.2
adamic_adar,345,1,0.1
adamic_adar,346,3,0.3
adamic_adar,347,2,0.2
adamic_adar,348,3,0.3
adamic_adar,351,1,0.1
adamic_adar,352,1,0.1
adamic_adar,356,3,0.3
adamic_adar,363,1,0.1
adamic_adar,364,2,0.2
adamic_adar,365,3,0.3
adamic_adar,366,7,0.7
adamic_adar,367,1,0.1
adamic_adar,371,5,0.5
adamic_adar,374,1,0.1
adamic_adar,376,4,0.4
adamic_adar,381,1,0.1
adamic_adar,383,4,0.4
adamic_adar,387,4,0.4
adamic_adar,395,2,0.2
adamic_adar,398,1,0.1
adamic_adar,399,2,0.2
adamic_adar,400,2,0.2
adamic_adar,403,2,0.2
adamic_adar,404,2,0.2
adamic_adar,405,3,0.3
adamic_adar,406,3,0.3
adamic_adar,407,7,0.7
adamic_adar,410,1,0.1
adamic_adar,412,2,0.2
adamic_adar,414,1,0.1
adamic_adar,415,1,0.1
adamic_adar,416,1,0.1
adamic_adar,417,1,0.1
adamic_adar,423,2,0.2
adamic_adar,424,1,0.1
adamic_adar,425,4,0.4
adamic_adar,426,7,0.7
adamic_adar,427,2,0.2
adamic_adar,429,1,0.1
adamic_adar,430,3,0.3
adamic_adar,432,5,0.5
adamic_adar,434,1,0.1
adamic_adar,439,1,0.1
adamic_adar,440,1,0.1
adamic_adar,447,1,0.1
adamic_adar,454,4,0.4
adamic_adar,455,1,0.1
adamic_adar,456,1,0.1
adamic_adar,457,6,0.6
adamic_adar,458,1,0.1
adamic_adar,460,2,0.2
adamic_adar,461,2,0.2
adamic_adar,465,2,0.2
adamic_adar,467,3,0.3
adamic_adar,469,1,0.1
adamic_adar,479,2,0.2
adamic_adar,489,1,0.1
adamic_adar,493,1,0.1
adamic_adar,495,2,0.2
adamic_adar,499,3,0.3
adamic_adar,501,3,0.3
adamic_adar,511,1,0.1
adamic_adar,513,1,0.1
adamic_adar,521,3,0.3
adamic_adar,525,1,0.1
adamic_adar,530,2,0.2
adamic_adar,536,2,0.2
adamic_adar,545,5,0.5
adamic_adar,546,3,0.3
adamic_adar,549,1,0.1
adamic_adar,553,2,0.2
adamic_adar,555,1,0.1
adamic_adar,556,8,0.8
adamic_adar,559,1,0.1
adamic_adar,560,3,0.3
adamic_adar,561,1,0.1
adamic_adar,564,1,0.1
adamic_adar,572,1,0.1
adamic_adar,574,1,0.1
adamic_adar,579,1,0.1
adamic_adar,580,4,0.4
adamic_adar,582,7,0.7
adamic_adar,583,4,0.4
adamic_adar,584,1,0.1
adamic_adar,586,3,0.3
adamic_adar,587,4,0.4
adamic_adar,588,6,0.6
adamic_adar,590,2,0.2
adamic_adar,592,4,0.4
adamic_adar,600,4,0.4
adamic_adar,604,2,0.2
adamic_adar,606,1,0.1
adamic_adar,613,1,0.1
adamic_adar,614,3,0.3
adamic_adar,615,4,0.4
adamic_adar,618,1,0.1
adamic_adar,620,3,0.3
adamic_adar,624,1,0.1
adamic_adar,625,2,0.2
adamic_adar,626,3,0.3
adamic_adar,633,6,0.6
adamic_adar,634,6,0.6
adamic_adar,635,5,0.5
adamic_adar,637,5,0.5
adamic_adar,639,4,0.4
adamic_adar,642,1,0.1
adamic_adar,643,7,0.7
adamic_adar,644,6,0.6
adamic_adar,645,1,0.1
adamic_adar,646,2,0.2
adamic_adar,647,5,0.5
adamic_adar,649,3,0.3
adamic_adar,650,5,0.5
adamic_adar,651,1,0.1
adamic_adar,658,1,0.1
adamic_adar,659,3,0.3
adamic_adar,661,1,0.1
adamic_adar,663,7,0.7
adamic_adar,664,3,0.3
adamic_adar,665,2,0.2
adamic_adar,667,5,0.5
adamic_adar,668,1,0.1
adamic_adar,673,2,0.2
adamic_adar,674,6,0.6
adamic_adar,677,1,0.1
adamic_adar,679,1,0.1
adamic_adar,686,6,0.6
adamic_adar,688,1,0.1
adamic_adar,689,1,0.1
adamic_adar,690,1,0.1
adamic_adar,691,4,0.4
adamic_adar,695,7,0.7
adamic_adar,696,1,0.1
adamic_adar,697,5,0.5
adamic_adar,698,3,0.3
adamic_adar,699,2,0.2
adamic_adar,701,1,0.1
adamic_adar,704,5,0.5
adamic_adar,705,4,0.4
adamic_adar,706,7,0.7
adamic_adar,707,10,1.0
adamic_adar,708,4,0.4
adamic_adar,710,7,0.7
adamic_adar,712,4,0.4
adamic_adar,715,2,0.2
adamic_adar,717,1,0.1
adamic_adar,719,1,0.1
adamic_adar,722,7,0.7
adamic_adar,724,2,0.2
adamic_adar,727,1,0.1
adamic_adar,728,2,0.2
adamic_adar,730,5,0.5
adamic_adar,733,2,0.2
adamic_adar,736,1,0.1
adamic_adar,737,4,0.4
adamic_adar,738,1,0.1
adamic_adar,742,7,0.7
adamic_adar,744,1,0.1
adamic_adar,749,5,0.5
adamic_adar,754,1,0.1
adamic_adar,759,7,0.7
adamic_adar,762,6,0.6
adamic_adar,763,2,0.2
adamic_adar,764,5,0.5
adamic_adar,766,3,0.3
adamic_adar,768,1,0.1
adamic_adar,769,6,0.6
adamic_adar,770,1,0.1
adamic_adar,771,1,0.1
adamic_adar,772,1,0.1
adamic_adar,780,1,0.1
adamic_adar,781,2,0.2
adamic_adar,782,2,0.2
adamic_adar,784,6,0.6
adamic_adar,786,1,0.1
adamic_adar,787,2,0.2
adamic_adar,788,6,0.6
adamic_adar,789,5,0.5
adamic_adar,791,7,0.7
adamic_adar,792,1,0.1
adamic_adar,794,5,0.5
adamic_adar,795,4,0.4
adamic_adar,796,1,0.1
adamic_adar,797,1,0.1
adamic_adar,798,2,0.2
adamic_adar,801,2,0.2
adamic_adar,802,2,0.2
adamic_adar,803,1,0.1
adamic_adar,805,6,0.6
adamic_adar,810,7,0.7
adamic_adar,812,1,0.1
adamic_adar,813,9,0.9
adamic_adar,814,1,0.1
adamic_adar,815,1,0.1
adamic_adar,816,4,0.4
adamic_adar,820,3,0.3
adamic_adar,822,2,0.2
adamic_adar,823,2,0.2
adamic_adar,825,9,0.9
adamic_adar,826,6,0.6
adamic_adar,830,1,0.1
adamic_adar,836,7,0.7
adamic_adar,838,5,0.5
adamic_adar,841,4,0.4
adamic_adar,842,4,0.4
adamic_adar,844,5,0.5
adamic_adar,848,2,0.2
adamic_adar,852,5,0.5
adamic_adar,853,1,0.1
adamic_adar,854,4,0.4
adamic_adar,856,8,0.8
adamic_adar,859,3,0.3
adamic_adar,861,4,0.4
adamic_adar,862,1,0.1
adamic_adar,863,1,0.1
adamic_adar,865,7,0.7
adamic_adar,869,3,0.3
adamic_adar,870,6,0.6
adamic_adar,871,7,0.7
adamic_adar,872,2,0.2
adamic_adar,879,6,0.6
adamic_adar,882,1,0.1
adamic_adar,883,1,0.1
adamic_adar,885,3,0.3
adamic_adar,886,1,0.1
adamic_adar,895,2,0.2
adamic_adar,896,2,0.2
adamic_adar,898,1,0.1
adamic_adar,899,3,0.3
adamic_adar,900,2,0.2
adamic_adar,904,9,0.9
adamic_adar,908,2,0.2
adamic_adar,909,1,0.1
adamic_adar,911,5,0.5
adamic_adar,912,2,0.2
adamic_adar,913,2,0.2
adamic_adar,914,1,0.1
adamic_adar,918,5,0.5
adamic_adar,920,4,0.4
adamic_adar,921,1,0.1
adamic_adar,922,8,0.8
adamic_adar,926,2,0.2
adamic_adar,928,4,0.4
adamic_adar,933,2,0.2
adamic_adar,935,3,0.3
adamic_adar,937,7,0.7
adamic_adar,941,7,0.7
adamic_adar,943,5,0.5
adamic_adar,944,2,0.2
adamic_adar,946,5,0.5
adamic_adar,947,3,0.3
adamic_adar,948,3,0.3
adamic_adar,949,2,0.2
adamic_adar,950,1,0.1
adamic_adar,954,4,0.4
adamic_adar,956,5,0.5
adamic_adar,959,2,0.2
adamic_adar,960,4,0.4
adamic_adar,961,1,0.1
adamic_adar,962,1,0.1
adamic_adar,964,1,0.1
adamic_adar,967,2,0.2
adamic_adar,968,0,0.0
adamic_adar,969,1,0.1
adamic_adar,970,2,0.2
adamic_adar,971,9,0.9
adamic_adar,974,5,0.5
adamic_adar,975,2,0.2
adamic_adar,978,5,0.5
adamic_adar,981,3,0.3
adamic_adar,982,4,0.4
adamic_adar,984,1,0.1
adamic_adar,986,6,0.6
adamic_adar,987,1,0.1
adamic_adar,988,9,0.9
adamic_adar,993,9,0.9
adamic_adar,994,7,0.7
adamic_adar,996,4,0.4
adamic_adar,998,4,0.4
adamic_adar,999,1,0.1
adamic_adar,1000,2,0.2
adamic_adar,1003,2,0.2
adamic_adar,1004,3,0.3
adamic_adar,1005,2,0.2
adamic_adar,1006,3,0.3
adamic_adar,1008,1,0.1
adamic_adar,1009,3,0.3
adamic_adar,1010,1,0.1
adamic_adar,1011,1,0.1
adamic_adar,1012,2,0.2
adamic_adar,1013,3,0.3
adamic_adar,1022,1,0.1
adamic_adar,1023,2,0.2
adamic_adar,1024,3,0.3
adamic_adar,1027,3,0.3
adamic_adar,1028,1,0.1
adamic_adar,1029,7,0.7
adamic_adar,1031,5,0.5
adamic_adar,1032,5,0.5
adamic_adar,1034,7,0.7
adamic_adar,1035,3,0.3
adamic_adar,1037,4,0.4
adamic_adar,1038,2,0.2
adamic_adar,1041,7,0.7
adamic_adar,1042,3,0.3
adamic_adar,1043,3,0.3
adamic_adar,1044,2,0.2
adamic_adar,1046,6,0.6
adamic_adar,1050,3,0.3
adamic_adar,1051,5,0.5
adamic_adar,1052,1,0.1
adamic_adar,1055,4,0.4
adamic_adar,1060,1,0.1
adamic_adar,1062,6,0.6
adamic_adar,1063,3,0.3
adamic_adar,1064,1,0.1
adamic_adar,1065,1,0.1
adamic_adar,1066,2,0.2
adamic_adar,1074,7,0.7
adamic_adar,1075,7,0.7
adamic_adar,1078,2,0.2
adamic_adar,1080,2,0.2
adamic_adar,1082,1,0.1
adamic_adar,1083,1,0.1
adamic_adar,1084,1,0.1
adamic_adar,1085,1,0.1
adamic_adar,1086,1,0.1
adamic_adar,1089,2,0.2
adamic_adar,1095,1,0.1
adamic_adar,1097,6,0.6
adamic_adar,1098,6,0.6
adamic_adar,1103,1,0.1
adamic_adar,1111,8,0.8
adamic_adar,1113,3,0.3
adamic_adar,1114,6,0.6
adamic_adar,1124,5,0.5
adamic_adar,1125,7,0.7
adamic_adar,1126,1,0.1
adamic_adar,1127,6,0.6
adamic_adar,1128,3,0.3
adamic_adar,1129,6,0.6
adamic_adar,1132,4,0.4
adamic_adar,1133,4,0.4
adamic_adar,1134,1,0.1
adamic_adar,1135,6,0.6
adamic_adar,1137,6,0.6
adamic_adar,1138,2,0.2
adamic_adar,1139,1,0.1
adamic_adar,1142,6,0.6
adamic_adar,1143,2,0.2
adamic_adar,1144,3,0.3
adamic_adar,1145,1,0.1
adamic_adar,1151,5,0.5
adamic_adar,1156,2,0.2
adamic_adar,1159,1,0.1
adamic_adar,1160,5,0.5
adamic_adar,1164,3,0.3
adamic_adar,1165,3,0.3
adamic_adar,1166,7,0.7
adamic_adar,1167,6,0.6
adamic_adar,1168,1,0.1
adamic_adar,1169,2,0.2
adamic_adar,1179,1,0.1
adamic_adar,1182,2,0.2
adamic_adar,1183,1,0.1
adamic_adar,1184,4,0.4
adamic_adar,1185,4,0.4
adamic_adar,1187,1,0.1
adamic_adar,1188,1,0.1
adamic_adar,1190,1,0.1
adamic_adar,1193,4,0.4
adamic_adar,1196,2,0.2
adamic_adar,1199,1,0.1
adamic_adar,1200,6,0.6
adamic_adar,1201,6,0.6
adamic_adar,1202,7,0.7
adamic_adar,1203,3,0.3
adamic_adar,1204,4,0.4
adamic_adar,1207,2,0.2
adamic_adar,1210,8,0.8
adamic_adar,1211,6,0.6
adamic_adar,1214,1,0.1
adamic_adar,1215,5,0.5
adamic_adar,1221,6,0.6
adamic_adar,1228,2,0.2
adamic_adar,1230,4,0.4
adamic_adar,1233,1,0.1
adamic_adar,1234,4,0.4
adamic_adar,1235,2,0.2
adamic_adar,1236,9,0.9
adamic_adar,1237,2,0.2
adamic_adar,1239,1,0.1
adamic_adar,1241,6,0.6
adamic_adar,1242,3,0.3
adamic_adar,1243,1,0.1
adamic_adar,1244,1,0.1
adamic_adar,1245,3,0.3
adamic_adar,1246,3,0.3
adamic_adar,1247,7,0.7
adamic_adar,1248,5,0.5
adamic_adar,1252,1,0.1
adamic_adar,1253,5,0.5
adamic_adar,1259,4,0.4
adamic_adar,1267,7,0.7
adamic_adar,1278,7,0.7
adamic_adar,1279,7,0.7
adamic_adar,1281,2,0.2
adamic_adar,1282,1,0.1
adamic_adar,1285,5,0.5
adamic_adar,1286,7,0.7
adamic_adar,1290,4,0.4
adamic_adar,1291,4,0.4
adamic_adar,1292,1,0.1
adamic_adar,1293,3,0.3
adamic_adar,1296,1,0.1
adamic_adar,1297,6,0.6
adamic_adar,1299,2,0.2
adamic_adar,1305,5,0.5
adamic_adar,1306,2,0.2
adamic_adar,1308,1,0.1
adamic_adar,1310,1,0.1
adamic_adar,1315,2,0.2
adamic_adar,1316,1,0.1
adamic_adar,1318,1,0.1
adamic_adar,1319,6,0.6
adamic_adar,1320,2,0.2
adamic_adar,1322,2,0.2
adamic_adar,1326,1,0.1
adamic_adar,1328,1,0.1
adamic_adar,1331,1,0.1
adamic_adar,1333,1,0.1
adamic_adar,1335,5,0.5
adamic_adar,1336,2,0.2
adamic_adar,1340,1,0.1
adamic_adar,1343,1,0.1
adamic_adar,1349,1,0.1
adamic_adar,1350,8,0.8
adamic_adar,1352,6,0.6
adamic_adar,1353,6,0.6
adamic_adar,1354,2,0.2
adamic_adar,1355,1,0.1
adamic_adar,1356,2,0.2
adamic_adar,1357,7,0.7
adamic_adar,1358,4,0.4
adamic_adar,1359,1,0.1
adamic_adar,1360,4,0.4
adamic_adar,1362,1,0.1
adamic_adar,1365,1,0.1
adamic_adar,1367,5,0.5
adamic_adar,1368,3,0.3
adamic_adar,1374,4,0.4
adamic_adar,1375,2,0.2
adamic_adar,1377,9,0.9
adamic_adar,1378,2,0.2
adamic_adar,1380,5,0.5
adamic_adar,1381,4,0.4
adamic_adar,1382,4,0.4
adamic_adar,1383,1,0.1
adamic_adar,1384,3,0.3
adamic_adar,1385,3,0.3
adamic_adar,1386,8,0.8
adamic_adar,1390,5,0.5
adamic_adar,1393,1,0.1
adamic_adar,1394,2,0.2
adamic_adar,1395,8,0.8
adamic_adar,1400,1,0.1
adamic_adar,1406,1,0.1
adamic_adar,1407,1,0.1
adamic_adar,1416,4,0.4
adamic_adar,1419,6,0.6
adamic_adar,1420,2,0.2
adamic_adar,1423,2,0.2
adamic_adar,1424,7,0.7
adamic_adar,1428,7,0.7
adamic_adar,1429,1,0.1
adamic_adar,1430,1,0.1
adamic_adar,1432,1,0.1
adamic_adar,1434,1,0.1
adamic_adar,1439,3,0.3
adamic_adar,1441,5,0.5
adamic_adar,1442,2,0.2
adamic_adar,1446,1,0.1
adamic_adar,1447,2,0.2
adamic_adar,1451,1,0.1
adamic_adar,1457,2,0.2
adamic_adar,1462,0,0.0
adamic_adar,1463,3,0.3
adamic_adar,1465,1,0.1
adamic_adar,1466,3,0.3
adamic_adar,1467,1,0.1
adamic_adar,1468,2,0.2
adamic_adar,1470,4,0.4
adamic_adar,1471,7,0.7
adamic_adar,1473,6,0.6
adamic_adar,1474,1,0.1
adamic_adar,1480,6,0.6
adamic_adar,1482,2,0.2
adamic_adar,1483,8,0.8
adamic_adar,1487,5,0.5
adamic_adar,1489,8,0.8
adamic_adar,1492,9,0.9
adamic_adar,1495,1,0.1
adamic_adar,1496,6,0.6
adamic_adar,1497,7,0.7
adamic_adar,1498,1,0.1
adamic_adar,1499,4,0.4
adamic_adar,1500,5,0.5
adamic_adar,1501,4,0.4
adamic_adar,1503,1,0.1
adamic_adar,1504,2,0.2
adamic_adar,1506,5,0.5
adamic_adar,1507,1,0.1
adamic_adar,1510,2,0.2
adamic_adar,1521,8,0.8
adamic_adar,1522,5,0.5
adamic_adar,1524,1,0.1
adamic_adar,1525,4,0.4
adamic_adar,1526,1,0.1
adamic_adar,1530,1,0.1
adamic_adar,1537,9,0.9
adamic_adar,1538,4,0.4
adamic_adar,1539,0,0.0
adamic_adar,1542,9,0.9
adamic_adar,1547,6,0.6
adamic_adar,1548,1,0.1
adamic_adar,1549,7,0.7
adamic_adar,1550,6,0.6
adamic_adar,1552,6,0.6
adamic_adar,1553,3,0.3
adamic_adar,1555,8,0.8
adamic_adar,1560,1,0.1
adamic_adar,1564,4,0.4
adamic_adar,1565,1,0.1
adamic_adar,1566,7,0.7
adamic_adar,1571,4,0.4
adamic_adar,1582,3,0.3
adamic_adar,1583,6,0.6
adamic_adar,1585,8,0.8
adamic_adar,1589,3,0.3
adamic_adar,1592,6,0.6
adamic_adar,1594,6,0.6
adamic_adar,1596,5,0.5
adamic_adar,1601,1,0.1
adamic_adar,1603,1,0.1
adamic_adar,1604,2,0.2
adamic_adar,1607,1,0.1
adamic_adar,1608,6,0.6
adamic_adar,1610,1,0.1
adamic_adar,1612,8,0.8
adamic_adar,1613,4,0.4
adamic_adar,1614,8,0.8
adamic_adar,1615,6,0.6
adamic_adar,1621,8,0.8
adamic_adar,1622,5,0.5
adamic_adar,1623,2,0.2
adamic_adar,1628,1,0.1
adamic_adar,1631,1,0.1
adamic_adar,1639,6,0.6
adamic_adar,1644,3,0.3
adamic_adar,1646,1,0.1
adamic_adar,1647,5,0.5
adamic_adar,1658,1,0.1
adamic_adar,1661,3,0.3
adamic_adar,1662,1,0.1
adamic_adar,1664,1,0.1
adamic_adar,1667,4,0.4
adamic_adar,1668,2,0.2
adamic_adar,1670,2,0.2
adamic_adar,1674,1,0.1
adamic_adar,1680,2,0.2
adamic_adar,1683,1,0.1
adamic_adar,1684,1,0.1
adamic_adar,1687,3,0.3
adamic_adar,1688,6,0.6
adamic_adar,1691,4,0.4
adamic_adar,1692,2,0.2
adamic_adar,1693,1,0.1
adamic_adar,1697,7,0.7
adamic_adar,1700,7,0.7
adamic_adar,1701,7,0.7
adamic_adar,1705,5,0.5
adamic_adar,1706,1,0.1
adamic_adar,1707,4,0.4
adamic_adar,1711,1,0.1
adamic_adar,1714,2,0.2
adamic_adar,1716,1,0.1
adamic_adar,1717,7,0.7
adamic_adar,1719,2,0.2
adamic_adar,1720,3,0.3
adamic_adar,1722,3,0.3
adamic_adar,1729,4,0.4
adamic_adar,1730,4,0.4
adamic_adar,1732,4,0.4
adamic_adar,1733,4,0.4
adamic_adar,1734,6,0.6
adamic_adar,1737,2,0.2
adamic_adar,1741,3,0.3
adamic_adar,1742,1,0.1
adamic_adar,1748,5,0.5
adamic_adar,1749,7,0.7
adamic_adar,1751,6,0.6
adamic_adar,1754,3,0.3
adamic_adar,1756,5,0.5
adamic_adar,1757,3,0.3
adamic_adar,1759,1,0.1
adamic_adar,1762,6,0.6
adamic_adar,1764,1,0.1
adamic_adar,1766,4,0.4
adamic_adar,1767,2,0.2
adamic_adar,1769,4,0.4
adamic_adar,1772,8,0.8
adamic_adar,1777,1,0.1
adamic_adar,1778,2,0.2
adamic_adar,1781,1,0.1
adamic_adar,1782,1,0.1
adamic_adar,1783,7,0.7
adamic_adar,1789,0,0.0
adamic_adar,1792,5,0.5
adamic_adar,1794,4,0.4
adamic_adar,1795,4,0.4
adamic_adar,1796,5,0.5
adamic_adar,1799,5,0.5
adamic_adar,1800,3,0.3
adamic_adar,1803,4,0.4
adamic_adar,1807,1,0.1
adamic_adar,1808,7,0.7
adamic_adar,1809,1,0.1
adamic_adar,1811,2,0.2
adamic_adar,1812,1,0.1
adamic_adar,1813,7,0.7
adamic_adar,1814,6,0.6
adamic_adar,1816,5,0.5
adamic_adar,1820,8,0.8
adamic_adar,1821,1,0.1
adamic_adar,1822,3,0.3
adamic_adar,1823,1,0.1
adamic_adar,1828,1,0.1
adamic_adar,1830,1,0.1
adamic_adar,1831,1,0.1
adamic_adar,1832,1,0.1
adamic_adar,1833,2,0.2
adamic_adar,1835,8,0.8
adamic_adar,1836,4,0.4
adamic_adar,1837,5,0.5
adamic_adar,1838,5,0.5
adamic_adar,1840,1,0.1
adamic_adar,1847,4,0.4
adamic_adar,1848,5,0.5
adamic_adar,1855,3,0.3
adamic_adar,1857,1,0.1
adamic_adar,1865,1,0.1
adamic_adar,1868,5,0.5
adamic_adar,1874,2,0.2
adamic_adar,1875,4,0.4
adamic_adar,1879,1,0.1
adamic_adar,1885,7,0.7
adamic_adar,1886,1,0.1
adamic_adar,1888,5,0.5
adamic_adar,1891,4,0.4
adamic_adar,1892,1,0.1
adamic_adar,1896,3,0.3
adamic_adar,1899,1,0.1
adamic_adar,1901,1,0.1
adamic_adar,1908,1,0.1
adamic_adar,1912,1,0.1
adamic_adar,1915,2,0.2
adamic_adar,1918,3,0.3
adamic_adar,1919,8,0.8
adamic_adar,1922,6,0.6
adamic_adar,1924,1,0.1
adamic_adar,1925,3,0.3
adamic_adar,1927,1,0.1
adamic_adar,1928,1,0.1
adamic_adar,1931,3,0.3
adamic_adar,1935,2,0.2
adamic_adar,1937,2,0.2
adamic_adar,1940,1,0.1
adamic_adar,1943,1,0.1
adamic_adar,1944,1,0.1
adamic_adar,1945,1,0.1
adamic_adar,1947,3,0.3
adamic_adar,1948,4,0.4
adamic_adar,1951,4,0.4
adamic_adar,1961,1,0.1
adamic_adar,1962,5,0.5
adamic_adar,1964,1,0.1
adamic_adar,1966,4,0.4
adamic_adar,1967,6,0.6
adamic_adar,1972,7,0.7
adamic_adar,1976,3,0.3
adamic_adar,1977,8,0.8
adamic_adar,1979,1,0.1
adamic_adar,1980,5,0.5
adamic_adar,1982,3,0.3
adamic_adar,1984,3,0.3
adamic_adar,1985,7,0.7
adamic_adar,1986,4,0.4
adamic_adar,1990,5,0.5
adamic_adar,1991,5,0.5
adamic_adar,1992,4,0.4
adamic_adar,1993,1,0.1
adamic_adar,1995,2,0.2
adamic_adar,1997,7,0.7
adamic_adar,2001,4,0.4
adamic_adar,2003,4,0.4
adamic_adar,2009,5,0.5
adamic_adar,2010,3,0.3
adamic_adar,2014,4,0.4
adamic_adar,2016,2,0.2
adamic_adar,2033,5,0.5
adamic_adar,2037,1,0.1
adamic_adar,2038,2,0.2
adamic_adar,2041,1,0.1
adamic_adar,2050,1,0.1
adamic_adar,2052,1,0.1
adamic_adar,2054,2,0.2
adamic_adar,2059,1,0.1
adamic_adar,2062,7,0.7
adamic_adar,2063,5,0.5
adamic_adar,2064,1,0.1
adamic_adar,2065,6,0.6
adamic_adar,2067,0,0.0
adamic_adar,2068,2,0.2
adamic_adar,2069,2,0.2
adamic_adar,2071,1,0.1
adamic_adar,2072,5,0.5
adamic_adar,2083,1,0.1
adamic_adar,2084,2,0.2
adamic_adar,2085,2,0.2
adamic_adar,2091,1,0.1
adamic_adar,2092,3,0.3
adamic_adar,2093,3,0.3
adamic_adar,2095,1,0.1
adamic_adar,2097,2,0.2
adamic_adar,2099,3,0.3
adamic_adar,2102,5,0.5
adamic_adar,2103,1,0.1
adamic_adar,2105,1,0.1
adamic_adar,2108,3,0.3
adamic_adar,2109,4,0.4
adamic_adar,2110,0,0.0
adamic_adar,2113,1,0.1
adamic_adar,2114,6,0.6
adamic_adar,2116,2,0.2
adamic_adar,2117,5,0.5
adamic_adar,2118,5,0.5
adamic_adar,2119,1,0.1
adamic_adar,2120,4,0.4
adamic_adar,2125,1,0.1
adamic_adar,2127,1,0.1
adamic_adar,2128,2,0.2
adamic_adar,2129,6,0.6
adamic_adar,2130,2,0.2
adamic_adar,2133,8,0.8
adamic_adar,2134,3,0.3
adamic_adar,2135,7,0.7
adamic_adar,2139,1,0.1
adamic_adar,2141,1,0.1
adamic_adar,2142,1,0.1
adamic_adar,2144,6,0.6
adamic_adar,2145,6,0.6
adamic_adar,2149,1,0.1
adamic_adar,2152,1,0.1
adamic_adar,2156,4,0.4
adamic_adar,2159,3,0.3
adamic_adar,2160,4,0.4
adamic_adar,2161,0,0.0
adamic_adar,2163,1,0.1
adamic_adar,2168,1,0.1
adamic_adar,2169,6,0.6
adamic_adar,2170,1,0.1
adamic_adar,2171,4,0.4
adamic_adar,2172,3,0.3
adamic_adar,2174,7,0.7
adamic_adar,2176,2,0.2
adamic_adar,2177,1,0.1
adamic_adar,2178,1,0.1
adamic_adar,2181,1,0.1
adamic_adar,2186,3,0.3
adamic_adar,2192,1,0.1
adamic_adar,2193,3,0.3
adamic_adar,2196,1,0.1
adamic_adar,2197,1,0.1
adamic_adar,2198,1,0.1
adamic_adar,2206,3,0.3
adamic_adar,2209,3,0.3
adamic_adar,2210,5,0.5
adamic_adar,2215,1,0.1
adamic_adar,2217,2,0.2
adamic_adar,2223,3,0.3
adamic_adar,2225,5,0.5
adamic_adar,2226,2,0.2
adamic_adar,2229,5,0.5
adamic_adar,2230,6,0.6
adamic_adar,2231,2,0.2
adamic_adar,2232,1,0.1
adamic_adar,2233,4,0.4
adamic_adar,2234,5,0.5
adamic_adar,2236,8,0.8
adamic_adar,2237,7,0.7
adamic_adar,2240,7,0.7
adamic_adar,2241,1,0.1
adamic_adar,2246,1,0.1
adamic_adar,2249,3,0.3
adamic_adar,2251,2,0.2
adamic_adar,2252,2,0.2
adamic_adar,2254,1,0.1
adamic_adar,2255,5,0.5
adamic_adar,2256,9,0.9
adamic_adar,2257,4,0.4
adamic_adar,2258,4,0.4
adamic_adar,2264,6,0.6
adamic_adar,2272,4,0.4
adamic_adar,2274,5,0.5
adamic_adar,2276,3,0.3
adamic_adar,2277,3,0.3
adamic_adar,2281,1,0.1
adamic_adar,2282,1,0.1
adamic_adar,2285,5,0.5
adamic_adar,2286,1,0.1
adamic_adar,2289,2,0.2
adamic_adar,2290,6,0.6
adamic_adar,2293,1,0.1
adamic_adar,2294,1,0.1
adamic_adar,2295,1,0.1
adamic_adar,2297,7,0.7
adamic_adar,2298,6,0.6
adamic_adar,2299,4,0.4
adamic_adar,2309,1,0.1
adamic_adar,2314,1,0.1
adamic_adar,2318,1,0.1
adamic_adar,2319,0,0.0
adamic_adar,2321,1,0.1
adamic_adar,2322,1,0.1
adamic_adar,2323,7,0.7
adamic_adar,2326,9,0.9
adamic_adar,2328,5,0.5
adamic_adar,2330,1,0.1
adamic_adar,2332,3,0.3
adamic_adar,2338,1,0.1
adamic_adar,2340,1,0.1
adamic_adar,2342,2,0.2
adamic_adar,2343,1,0.1
adamic_adar,2346,1,0.1
adamic_adar,2349,1,0.1
adamic_adar,2354,1,0.1
adamic_adar,2356,5,0.5
adamic_adar,2357,3,0.3
adamic_adar,2363,1,0.1
adamic_adar,2364,3,0.3
adamic_adar,2365,7,0.7
adamic_adar,2366,1,0.1
adamic_adar,2367,2,0.2
adamic_adar,2368,4,0.4
adamic_adar,2369,6,0.6
adamic_adar,2371,9,0.9
adamic_adar,2375,5,0.5
adamic_adar,2376,5,0.5
adamic_adar,2379,6,0.6
adamic_adar,2381,6,0.6
adamic_adar,2384,6,0.6
adamic_adar,2387,6,0.6
adamic_adar,2393,1,0.1
adamic_adar,2398,6,0.6
adamic_adar,2399,1,0.1
adamic_adar,2402,1,0.1
adamic_adar,2407,1,0.1
adamic_adar,2410,4,0.4
adamic_adar,2411,7,0.7
adamic_adar,2412,1,0.1
adamic_adar,2413,1,0.1
adamic_adar,2414,2,0.2
adamic_adar,2415,1,0.1
adamic_adar,2416,7,0.7
adamic_adar,2417,0,0.0
adamic_adar,2427,2,0.2
adamic_adar,2434,1,0.1
adamic_adar,2435,5,0.5
adamic_adar,2437,1,0.1
adamic_adar,2440,6,0.6
adamic_adar,2444,1,0.1
adamic_adar,2452,6,0.6
adamic_adar,2456,3,0.3
adamic_adar,2467,1,0.1
adamic_adar,2472,6,0.6
adamic_adar,2473,6,0.6
adamic_adar,2474,6,0.6
adamic_adar,2475,1,0.1
adamic_adar,2476,6,0.6
adamic_adar,2478,3,0.3
adamic_adar,2480,1,0.1
adamic_adar,2481,3,0.3
adamic_adar,2482,1,0.1
adamic_adar,2485,7,0.7
adamic_adar,2488,4,0.4
adamic_adar,2493,1,0.1
adamic_adar,2497,5,0.5
adamic_adar,2502,3,0.3
adamic_adar,2504,10,1.0
adamic_adar,2506,6,0.6
adamic_adar,2507,7,0.7
adamic_adar,2508,3,0.3
adamic_adar,2509,2,0.2
adamic_adar,2510,7,0.7
adamic_adar,2511,2,0.2
adamic_adar,2516,5,0.5
adamic_adar,2517,2,0.2
adamic_adar,2518,1,0.1
adamic_adar,2523,1,0.1
adamic_adar,2524,2,0.2
adamic_adar,2531,1,0.1
adamic_adar,2535,4,0.4
adamic_adar,2541,2,0.2
adamic_adar,2542,9,0.9
adamic_adar,2544,2,0.2
adamic_adar,2545,1,0.1
adamic_adar,2546,4,0.4
adamic_adar,2547,9,0.9
adamic_adar,2548,2,0.2
adamic_adar,2549,5,0.5
adamic_adar,2550,4,0.4
adamic_adar,2552,1,0.1
adamic_adar,2555,3,0.3
adamic_adar,2557,4,0.4
adamic_adar,2559,9,0.9
adamic_adar,2560,4,0.4
adamic_adar,2564,4,0.4
adamic_adar,2565,5,0.5
adamic_adar,2566,3,0.3
adamic_adar,2568,2,0.2
adamic_adar,2569,1,0.1
adamic_adar,2572,2,0.2
adamic_adar,2574,1,0.1
adamic_adar,2576,6,0.6
adamic_adar,2577,1,0.1
adamic_adar,2578,2,0.2
adamic_adar,2583,1,0.1
adamic_adar,2585,6,0.6
adamic_adar,2587,3,0.3
adamic_adar,2592,1,0.1
adamic_adar,2593,5,0.5
adamic_adar,2594,8,0.8
adamic_adar,2595,7,0.7
adamic_adar,2596,3,0.3
adamic_adar,2598,1,0.1
adamic_adar,2605,8,0.8
adamic_adar,2607,1,0.1
adamic_adar,2608,3,0.3
adamic_adar,2611,1,0.1
adamic_adar,2612,3,0.3
adamic_adar,2613,4,0.4
adamic_adar,2617,5,0.5
adamic_adar,2618,5,0.5
adamic_adar,2619,4,0.4
adamic_adar,2620,5,0.5
adamic_adar,2621,1,0.1
adamic_adar,2623,4,0.4
adamic_adar,2626,2,0.2
adamic_adar,2645,1,0.1
adamic_adar,2646,2,0.2
adamic_adar,2647,4,0.4
adamic_adar,2651,9,0.9
adamic_adar,2653,7,0.7
adamic_adar,2654,6,0.6
adamic_adar,2655,4,0.4
adamic_adar,2657,6,0.6
adamic_adar,2658,3,0.3
adamic_adar,2659,1,0.1
adamic_adar,2660,5,0.5
adamic_adar,2665,1,0.1
adamic_adar,2667,6,0.6
adamic_adar,2672,5,0.5
adamic_adar,2674,9,0.9
adamic_adar,2677,2,0.2
adamic_adar,2680,2,0.2
adamic_adar,2686,6,0.6
adamic_adar,2687,2,0.2
adamic_adar,2688,6,0.6
adamic_adar,2689,4,0.4
adamic_adar,2690,6,0.6
adamic_adar,2691,6,0.6
adamic_adar,2692,3,0.3
adamic_adar,2693,7,0.7
adamic_adar,2694,4,0.4
adamic_adar,2696,10,1.0
adamic_adar,2697,9,0.9
adamic_adar,2698,1,0.1
adamic_adar,2699,4,0.4
adamic_adar,2700,9,0.9
adamic_adar,2701,4,0.4
adamic_adar,2702,4,0.4
adamic_adar,2703,4,0.4
adamic_adar,2704,5,0.5
adamic_adar,2706,3,0.3
adamic_adar,2707,4,0.4
adamic_adar,2708,2,0.2
adamic_adar,2711,2,0.2
adamic_adar,2713,9,0.9
adamic_adar,2719,4,0.4
adamic_adar,2724,1,0.1
adamic_adar,2727,7,0.7
adamic_adar,2728,1,0.1
adamic_adar,2730,1,0.1
adamic_adar,2736,1,0.1
adamic_adar,2737,3,0.3
adamic_adar,2740,4,0.4
adamic_adar,2744,3,0.3
adamic_adar,2746,2,0.2
adamic_adar,2747,9,0.9
adamic_adar,2752,1,0.1
adamic_adar,2757,1,0.1
adamic_adar,2760,3,0.3
adamic_adar,2765,4,0.4
adamic_adar,2768,7,0.7
adamic_adar,2774,2,0.2
adamic_adar,2775,5,0.5
adamic_adar,2778,2,0.2
adamic_adar,2780,1,0.1
adamic_adar,2789,1,0.1
adamic_adar,2790,8,0.8
adamic_adar,2791,2,0.2
adamic_adar,2792,2,0.2
adamic_adar,2793,1,0.1
adamic_adar,2796,2,0.2
adamic_adar,2799,2,0.2
adamic_adar,2802,1,0.1
adamic_adar,2804,4,0.4
adamic_adar,2807,1,0.1
adamic_adar,2811,2,0.2
adamic_adar,2815,4,0.4
adamic_adar,2819,3,0.3
adamic_adar,2822,3,0.3
adamic_adar,2830,1,0.1
adamic_adar,2831,5,0.5
adamic_adar,2832,3,0.3
adamic_adar,2833,1,0.1
adamic_adar,2834,2,0.2
adamic_adar,2838,2,0.2
adamic_adar,2840,5,0.5
adamic_adar,2842,9,0.9
adamic_adar,2845,1,0.1
adamic_adar,2851,4,0.4
adamic_adar,2852,1,0.1
adamic_adar,2855,2,0.2
adamic_adar,2859,6,0.6
adamic_adar,2860,2,0.2
adamic_adar,2862,1,0.1
adamic_adar,2863,1,0.1
adamic_adar,2866,2,0.2
adamic_adar,2867,1,0.1
adamic_adar,2871,5,0.5
adamic_adar,2872,4,0.4
adamic_adar,2875,1,0.1
adamic_adar,2883,2,0.2
adamic_adar,2885,1,0.1
adamic_adar,2886,1,0.1
adamic_adar,2889,2,0.2
adamic_adar,2898,1,0.1
adamic_adar,2900,7,0.7
adamic_adar,2901,1,0.1
adamic_adar,2903,1,0.1
adamic_adar,2904,6,0.6
adamic_adar,2906,2,0.2
adamic_adar,2907,1,0.1
adamic_adar,2908,2,0.2
adamic_adar,2909,6,0.6
adamic_adar,2912,7,0.7
adamic_adar,2913,1,0.1
adamic_adar,2919,1,0.1
adamic_adar,2923,6,0.6
adamic_adar,2925,2,0.2
adamic_adar,2932,10,1.0
adamic_adar,2933,2,0.2
adamic_adar,2935,4,0.4
adamic_adar,2936,1,0.1
adamic_adar,2939,2,0.2
adamic_adar,2940,2,0.2
adamic_adar,2941,1,0.1
adamic_adar,2947,2,0.2
adamic_adar,2948,3,0.3
adamic_adar,2950,2,0.2
adamic_adar,2951,3,0.3
adamic_adar,2953,2,0.2
adamic_adar,2958,4,0.4
adamic_adar,2964,5,0.5
adamic_adar,2965,1,0.1
adamic_adar,2967,6,0.6
adamic_adar,2968,6,0.6
adamic_adar,2969,1,0.1
adamic_adar,2972,5,0.5
adamic_adar,2974,4,0.4
adamic_adar,2981,7,0.7
adamic_adar,2983,5,0.5
adamic_adar,2985,1,0.1
adamic_adar,2986,2,0.2
adamic_adar,2987,2,0.2
adamic_adar,2988,6,0.6
adamic_adar,2989,2,0.2
adamic_adar,2994,1,0.1
adamic_adar,2995,1,0.1
adamic_adar,2998,2,0.2
adamic_adar,2999,2,0.2
adamic_adar,3000,2,0.2
adamic_adar,3001,1,0.1
adamic_adar,3005,7,0.7
adamic_adar,3006,4,0.4
adamic_adar,3007,5,0.5
adamic_adar,3009,5,0.5
adamic_adar,3010,7,0.7
adamic_adar,3015,2,0.2
adamic_adar,3017,1,0.1
adamic_adar,3018,3,0.3
adamic_adar,3020,7,0.7
adamic_adar,3024,7,0.7
adamic_adar,3025,1,0.1
adamic_adar,3026,8,0.8
adamic_adar,3027,2,0.2
adamic_adar,3028,8,0.8
adamic_adar,3031,6,0.6
adamic_adar,3032,5,0.5
adamic_adar,3033,7,0.7
adamic_adar,3034,7,0.7
adamic_adar,3035,3,0.3
adamic_adar,3036,1,0.1
adamic_adar,3037,1,0.1
adamic_adar,3039,4,0.4
adamic_adar,3040,1,0.1
adamic_adar,3041,1,0.1
adamic_adar,3046,2,0.2
adamic_adar,3047,2,0.2
adamic_adar,3049,1,0.1
adamic_adar,3053,2,0.2
adamic_adar,3055,7,0.7
adamic_adar,3056,7,0.7
adamic_adar,3057,5,0.5
adamic_adar,3059,9,0.9
adamic_adar,3060,1,0.1
adamic_adar,3061,1,0.1
adamic_adar,3062,7,0.7
adamic_adar,3072,0,0.0
adamic_adar,3073,7,0.7
adamic_adar,3075,1,0.1
adamic_adar,3077,2,0.2
adamic_adar,3081,4,0.4
adamic_adar,3083,1,0.1
adamic_adar,3084,3,0.3
adamic_adar,3086,2,0.2
adamic_adar,3087,1,0.1
adamic_adar,3088,2,0.2
adamic_adar,3089,1,0.1
adamic_adar,3092,6,0.6
adamic_adar,3094,1,0.1
adamic_adar,3095,5,0.5
adamic_adar,3098,3,0.3
adamic_adar,3103,1,0.1
adamic_adar,3106,2,0.2
adamic_adar,3107,2,0.2
adamic_adar,3108,2,0.2
adamic_adar,3110,5,0.5
adamic_adar,3120,1,0.1
adamic_adar,3124,1,0.1
adamic_adar,3125,3,0.3
adamic_adar,3127,1,0.1
adamic_adar,3137,1,0.1
adamic_adar,3142,5,0.5
adamic_adar,3144,7,0.7
adamic_adar,3145,2,0.2
adamic_adar,3147,2,0.2
adamic_adar,3148,5,0.5
adamic_adar,3150,1,0.1
adamic_adar,3159,1,0.1
adamic_adar,3168,5,0.5
adamic_adar,3172,1,0.1
adamic_adar,3175,4,0.4
adamic_adar,3176,1,0.1
adamic_adar,3180,6,0.6
adamic_adar,3181,1,0.1
adamic_adar,3185,1,0.1
adamic_adar,3188,4,0.4
adamic_adar,3189,1,0.1
adamic_adar,3190,1,0.1
adamic_adar,3191,8,0.8
adamic_adar,3192,7,0.7
adamic_adar,3196,5,0.5
adamic_adar,3200,2,0.2
adamic_adar,3202,2,0.2
adamic_adar,3208,2,0.2
adamic_adar,3209,3,0.3
adamic_adar,3225,3,0.3
adamic_adar,3227,4,0.4
adamic_adar,3238,5,0.5
adamic_adar,3239,2,0.2
adamic_adar,3247,1,0.1
adamic_adar,3252,8,0.8
adamic_adar,3256,3,0.3
adamic_adar,3258,6,0.6
adamic_adar,3260,1,0.1
adamic_adar,3268,1,0.1
adamic_adar,3272,1,0.1
adamic_adar,3274,7,0.7
adamic_adar,3275,0,0.0
adamic_adar,3276,7,0.7
adamic_adar,3278,1,0.1
adamic_adar,3282,1,0.1
adamic_adar,3284,2,0.2
adamic_adar,3290,4,0.4
adamic_adar,3291,5,0.5
adamic_adar,3292,1,0.1
adamic_adar,3293,1,0.1
adamic_adar,3297,7,0.7
adamic_adar,3301,3,0.3
adamic_adar,3304,5,0.5
adamic_adar,3305,1,0.1
adamic_adar,3306,0,0.0
adamic_adar,3310,7,0.7
adamic_adar,3315,1,0.1
adamic_adar,3317,1,0.1
adamic_adar,3321,3,0.3
adamic_adar,3326,2,0.2
adamic_adar,3333,1,0.1
adamic_adar,3334,2,0.2
adamic_adar,3340,1,0.1
adamic_adar,3343,2,0.2
adamic_adar,3345,6,0.6
adamic_adar,3346,1,0.1
adamic_adar,3348,3,0.3
adamic_adar,3349,1,0.1
adamic_adar,3350,5,0.5
adamic_adar,3352,5,0.5
adamic_adar,3361,1,0.1
adamic_adar,3366,4,0.4
adamic_adar,3373,2,0.2
adamic_adar,3375,4,0.4
adamic_adar,3377,3,0.3
adamic_adar,3378,5,0.5
adamic_adar,3379,4,0.4
adamic_adar,3380,4,0.4
adamic_adar,3381,5,0.5
adamic_adar,3386,2,0.2
adamic_adar,3388,3,0.3
adamic_adar,3390,4,0.4
adamic_adar,3391,1,0.1
adamic_adar,3392,4,0.4
adamic_adar,3393,3,0.3
adamic_adar,3394,9,0.9
adamic_adar,3396,1,0.1
adamic_adar,3402,7,0.7
adamic_adar,3404,7,0.7
adamic_adar,3406,1,0.1
adamic_adar,3417,5,0.5
adamic_adar,3425,0,0.0
adamic_adar,3433,2,0.2
adamic_adar,3435,1,0.1
adamic_adar,3439,7,0.7
adamic_adar,3441,1,0.1
adamic_adar,3443,4,0.4
adamic_adar,3445,3,0.3
adamic_adar,3447,5,0.5
adamic_adar,3449,8,0.8
adamic_adar,3450,4,0.4
adamic_adar,3451,4,0.4
adamic_adar,3452,9,0.9
adamic_adar,3453,10,1.0
adamic_adar,3454,9,0.9
adamic_adar,3455,9,0.9
adamic_adar,3456,7,0.7
adamic_adar,3457,5,0.5
adamic_adar,3458,6,0.6
adamic_adar,3459,6,0.6
adamic_adar,3460,1,0.1
adamic_adar,3461,8,0.8
adamic_adar,3462,5,0.5
adamic_adar,3463,5,0.5
adamic_adar,3466,3,0.3
adamic_adar,3468,1,0.1
adamic_adar,3469,2,0.2
adamic_adar,3470,5,0.5
adamic_adar,3472,2,0.2
adamic_adar,3477,6,0.6
adamic_adar,3478,5,0.5
adamic_adar,3479,6,0.6
adamic_adar,3480,3,0.3
adamic_adar,3481,5,0.5
adamic_adar,3482,4,0.4
adamic_adar,3483,7,0.7
adamic_adar,3488,2,0.2
adamic_adar,3490,1,0.1
adamic_adar,3496,2,0.2
adamic_adar,3498,5,0.5
adamic_adar,3508,4,0.4
adamic_adar,3512,2,0.2
adamic_adar,3515,1,0.1
adamic_adar,3518,1,0.1
adamic_adar,3519,7,0.7
adamic_adar,3520,1,0.1
adamic_adar,3521,5,0.5
adamic_adar,3522,5,0.5
adamic_adar,3523,7,0.7
adamic_adar,3525,3,0.3
adamic_adar,3526,1,0.1
adamic_adar,3527,6,0.6
adamic_adar,3528,1,0.1
adamic_adar,3532,2,0.2
adamic_adar,3535,1,0.1
adamic_adar,3536,1,0.1
adamic_adar,3538,1,0.1
adamic_adar,3539,1,0.1
adamic_adar,3540,1,0.1
adamic_adar,3541,8,0.8
adamic_adar,3542,2,0.2
adamic_adar,3544,1,0.1
adamic_adar,3555,2,0.2
adamic_adar,3556,1,0.1
adamic_adar,3557,1,0.1
adamic_adar,3562,7,0.7
adamic_adar,3567,5,0.5
adamic_adar,3568,8,0.8
adamic_adar,3569,4,0.4
adamic_adar,3571,6,0.6
adamic_adar,3578,1,0.1
adamic_adar,3579,1,0.1
adamic_adar,3586,7,0.7
adamic_adar,3587,2,0.2
adamic_adar,3591,2,0.2
adamic_adar,3593,2,0.2
adamic_adar,3597,4,0.4
adamic_adar,3598,1,0.1
adamic_adar,3600,2,0.2
adamic_adar,3601,5,0.5
adamic_adar,3603,1,0.1
adamic_adar,3607,5,0.5
adamic_adar,3611,2,0.2
adamic_adar,3614,7,0.7
adamic_adar,3615,7,0.7
adamic_adar,3622,2,0.2
adamic_adar,3624,4,0.4
adamic_adar,3630,5,0.5
adamic_adar,3631,8,0.8
adamic_adar,3633,7,0.7
adamic_adar,3634,6,0.6
adamic_adar,3635,7,0.7
adamic_adar,3636,1,0.1
adamic_adar,3637,1,0.1
adamic_adar,3639,1,0.1
adamic_adar,3641,6,0.6
adamic_adar,3642,5,0.5
adamic_adar,3643,6,0.6
adamic_adar,3645,6,0.6
adamic_adar,3647,2,0.2
adamic_adar,3648,1,0.1
adamic_adar,3653,1,0.1
adamic_adar,3655,1,0.1
adamic_adar,3656,1,0.1
adamic_adar,3658,6,0.6
adamic_adar,3659,5,0.5
adamic_adar,3660,5,0.5
adamic_adar,3661,5,0.5
adamic_adar,3662,2,0.2
adamic_adar,3665,2,0.2
adamic_adar,3666,6,0.6
adamic_adar,3678,5,0.5
adamic_adar,3682,6,0.6
adamic_adar,3683,1,0.1
adamic_adar,3689,1,0.1
adamic_adar,3691,5,0.5
adamic_adar,3705,1,0.1
adamic_adar,3709,1,0.1
adamic_adar,3714,3,0.3
adamic_adar,3717,1,0.1
adamic_adar,3719,3,0.3
adamic_adar,3720,2,0.2
adamic_adar,3723,1,0.1
adamic_adar,3724,9,0.9
adamic_adar,3725,1,0.1
adamic_adar,3728,6,0.6
adamic_adar,3729,1,0.1
adamic_adar,3731,1,0.1
adamic_adar,3742,1,0.1
adamic_adar,3743,2,0.2
adamic_adar,3747,0,0.0
adamic_adar,3748,7,0.7
adamic_adar,3749,1,0.1
adamic_adar,3750,1,0.1
adamic_adar,3751,2,0.2
adamic_adar,3752,1,0.1
adamic_adar,3762,1,0.1
adamic_adar,3764,1,0.1
adamic_adar,3766,3,0.3
adamic_adar,3767,2,0.2
adamic_adar,3770,4,0.4
adamic_adar,3775,1,0.1
adamic_adar,3777,2,0.2
adamic_adar,3782,1,0.1
adamic_adar,3785,1,0.1
adamic_adar,3786,6,0.6
adamic_adar,3787,5,0.5
adamic_adar,3792,6,0.6
adamic_adar,3794,5,0.5
adamic_adar,3796,10,1.0
adamic_adar,3798,4,0.4
adamic_adar,3800,1,0.1
adamic_adar,3802,1,0.1
adamic_adar,3803,1,0.1
adamic_adar,3806,7,0.7
adamic_adar,3812,7,0.7
adamic_adar,3813,4,0.4
adamic_adar,3814,7,0.7
adamic_adar,3815,4,0.4
adamic_adar,3819,2,0.2
adamic_adar,3830,4,0.4
adamic_adar,3832,1,0.1
adamic_adar,3833,1,0.1
adamic_adar,3835,3,0.3
adamic_adar,3839,1,0.1
adamic_adar,3842,1,0.1
adamic_adar,3843,5,0.5
adamic_adar,3845,1,0.1
adamic_adar,3851,1,0.1
adamic_adar,3854,8,0.8
adamic_adar,3863,1,0.1
adamic_adar,3869,1,0.1
adamic_adar,3871,1,0.1
adamic_adar,3872,2,0.2
adamic_adar,3873,1,0.1
adamic_adar,3876,1,0.1
adamic_adar,3885,1,0.1
adamic_adar,3889,1,0.1
adamic_adar,3897,2,0.2
adamic_adar,3898,2,0.2
adamic_adar,3902,6,0.6
adamic_adar,3910,5,0.5
adamic_adar,3912,4,0.4
adamic_adar,3916,4,0.4
adamic_adar,3917,5,0.5
adamic_adar,3918,0,0.0
adamic_adar,3919,5,0.5
adamic_adar,3920,2,0.2
adamic_adar,3925,1,0.1
adamic_adar,3930,1,0.1
adamic_adar,3945,1,0.1
adamic_adar,3947,1,0.1
adamic_adar,3948,5,0.5
adamic_adar,3949,5,0.5
adamic_adar,3956,6,0.6
adamic_adar,3958,2,0.2
adamic_adar,3959,1,0.1
adamic_adar,3960,2,0.2
adamic_adar,3961,2,0.2
adamic_adar,3965,4,0.4
adamic_adar,3969,5,0.5
adamic_adar,3971,1,0.1
adamic_adar,3973,3,0.3
adamic_adar,3976,8,0.8
adamic_adar,3977,2,0.2
adamic_adar,3978,1,0.1
adamic_adar,3980,1,0.1
adamic_adar,3982,3,0.3
adamic_adar,3983,1,0.1
adamic_adar,3985,4,0.4
adamic_adar,3989,1,0.1
adamic_adar,3991,0,0.0
adamic_adar,3992,1,0.1
adamic_adar,3995,7,0.7
adamic_adar,4000,0,0.0
adamic_adar,4001,5,0.5
adamic_adar,4006,1,0.1
adamic_adar,4007,2,0.2
adamic_adar,4008,1,0.1
adamic_adar,4013,4,0.4
adamic_adar,4020,1,0.1
adamic_adar,4024,1,0.1
adamic_adar,4027,1,0.1
adamic_adar,4034,0,0.0
adamic_adar,4036,4,0.4
adamic_adar,4039,2,0.2
adamic_adar,4040,8,0.8
adamic_adar,4041,9,0.9
adamic_adar,4042,5,0.5
adamic_adar,4044,6,0.6
adamic_adar,4045,5,0.5
adamic_adar,4046,5,0.5
adamic_adar,4053,1,0.1
adamic_adar,4056,2,0.2
adamic_adar,4059,1,0.1
adamic_adar,4062,0,0.0
adamic_adar,4063,3,0.3
adamic_adar,4065,6,0.6
adamic_adar,4066,1,0.1
adamic_adar,4068,1,0.1
adamic_adar,4070,3,0.3
adamic_adar,4071,3,0.3
adamic_adar,4072,6,0.6
adamic_adar,4073,7,0.7
adamic_adar,4074,6,0.6
adamic_adar,4076,6,0.6
adamic_adar,4077,8,0.8
adamic_adar,4079,1,0.1
adamic_adar,4082,1,0.1
adamic_adar,4099,9,0.9
adamic_adar,4111,2,0.2
adamic_adar,4116,2,0.2
adamic_adar,4119,3,0.3
adamic_adar,4120,1,0.1
adamic_adar,4123,3,0.3
adamic_adar,4124,4,0.4
adamic_adar,4127,8,0.8
adamic_adar,4128,2,0.2
adamic_adar,4133,1,0.1
adamic_adar,4136,2,0.2
adamic_adar,4137,1,0.1
adamic_adar,4138,6,0.6
adamic_adar,4140,0,0.0
adamic_adar,4142,3,0.3
adamic_adar,4144,6,0.6
adamic_adar,4145,1,0.1
adamic_adar,4147,1,0.1
adamic_adar,4148,1,0.1
adamic_adar,4149,1,0.1
adamic_adar,4150,3,0.3
adamic_adar,4151,7,0.7
adamic_adar,4152,7,0.7
adamic_adar,4155,2,0.2
adamic_adar,4159,1,0.1
adamic_adar,4162,3,0.3
adamic_adar,4175,1,0.1
adamic_adar,4186,1,0.1
adamic_adar,4189,1,0.1
adamic_adar,4191,3,0.3
adamic_adar,4192,1,0.1
adamic_adar,4194,1,0.1
adamic_adar,4197,2,0.2
adamic_adar,4199,2,0.2
adamic_adar,4200,1,0.1
adamic_adar,4205,1,0.1
adamic_adar,4211,7,0.7
adamic_adar,4212,7,0.7
adamic_adar,4213,1,0.1
adamic_adar,4214,1,0.1
adamic_adar,4215,1,0.1
adamic_adar,4219,5,0.5
adamic_adar,4221,7,0.7
adamic_adar,4222,3,0.3
adamic_adar,4223,1,0.1
adamic_adar,4224,1,0.1
adamic_adar,4229,1,0.1
adamic_adar,4232,1,0.1
adamic_adar,4233,1,0.1
adamic_adar,4245,1,0.1
adamic_adar,4252,1,0.1
adamic_adar,4255,1,0.1
adamic_adar,4261,5,0.5
adamic_adar,4263,1,0.1
adamic_adar,4273,4,0.4
adamic_adar,4276,5,0.5
adamic_adar,4282,1,0.1
adamic_adar,4290,1,0.1
adamic_adar,4292,1,0.1
adamic_adar,4295,4,0.4
adamic_adar,4297,6,0.6
adamic_adar,4298,2,0.2
adamic_adar,4307,1,0.1
adamic_adar,4308,1,0.1
adamic_adar,4310,6,0.6
adamic_adar,4312,1,0.1
adamic_adar,4313,1,0.1
adamic_adar,4314,1,0.1
adamic_adar,4315,4,0.4
adamic_adar,4316,3,0.3
adamic_adar,4319,1,0.1
adamic_adar,4324,1,0.1
adamic_adar,4326,1,0.1
adamic_adar,4327,1,0.1
adamic_adar,4329,3,0.3
adamic_adar,4335,4,0.4
adamic_adar,4338,5,0.5
adamic_adar,4342,1,0.1
adamic_adar,4343,1,0.1
adamic_adar,4344,1,0.1
adamic_adar,4347,3,0.3
adamic_adar,4351,1,0.1
adamic_adar,4353,8,0.8
adamic_adar,4354,1,0.1
adamic_adar,4355,7,0.7
adamic_adar,4361,2,0.2
adamic_adar,4363,4,0.4
adamic_adar,4364,3,0.3
adamic_adar,4369,1,0.1
adamic_adar,4371,1,0.1
adamic_adar,4375,1,0.1
adamic_adar,4377,2,0.2
adamic_adar,4379,1,0.1
adamic_adar,4383,1,0.1
adamic_adar,4398,1,0.1
adamic_adar,4409,0,0.0
adamic_adar,4415,2,0.2
adamic_adar,4416,1,0.1
adamic_adar,4422,2,0.2
adamic_adar,4428,4,0.4
adamic_adar,4429,1,0.1
adamic_adar,4431,1,0.1
adamic_adar,4432,3,0.3
adamic_adar,4433,4,0.4
adamic_adar,4437,6,0.6
adamic_adar,4438,1,0.1
adamic_adar,4441,4,0.4
adamic_adar,4442,4,0.4
adamic_adar,4443,1,0.1
adamic_adar,4447,1,0.1
adamic_adar,4448,8,0.8
adamic_adar,4451,1,0.1
adamic_adar,4455,4,0.4
adamic_adar,4456,1,0.1
adamic_adar,4460,1,0.1
adamic_adar,4461,1,0.1
adamic_adar,4465,2,0.2
adamic_adar,4468,3,0.3
adamic_adar,4476,0,0.0
adamic_adar,4477,1,0.1
adamic_adar,4482,3,0.3
adamic_adar,4483,5,0.5
adamic_adar,4485,2,0.2
adamic_adar,4486,4,0.4
adamic_adar,4487,3,0.3
adamic_adar,4488,7,0.7
adamic_adar,4489,4,0.4
adamic_adar,4492,1,0.1
adamic_adar,4502,1,0.1
adamic_adar,4509,1,0.1
adamic_adar,4511,2,0.2
adamic_adar,4524,0,0.0
adamic_adar,4526,1,0.1
adamic_adar,4527,1,0.1
adamic_adar,4530,2,0.2
adamic_adar,4531,3,0.3
adamic_adar,4532,0,0.0
adamic_adar,4533,1,0.1
adamic_adar,4534,4,0.4
adamic_adar,4536,7,0.7
adamic_adar,4542,0,0.0
adamic_adar,4547,5,0.5
adamic_adar,4550,5,0.5
adamic_adar,4557,2,0.2
adamic_adar,4560,1,0.1
adamic_adar,4563,1,0.1
adamic_adar,4564,6,0.6
adamic_adar,4566,1,0.1
adamic_adar,4574,6,0.6
adamic_adar,4575,1,0.1
adamic_adar,4576,1,0.1
adamic_adar,4577,1,0.1
adamic_adar,4581,1,0.1
adamic_adar,4582,1,0.1
adamic_adar,4586,1,0.1
adamic_adar,4587,5,0.5
adamic_adar,4588,1,0.1
adamic_adar,4591,1,0.1
adamic_adar,4592,0,0.0
adamic_adar,4595,1,0.1
adamic_adar,4598,5,0.5
adamic_adar,4600,5,0.5
adamic_adar,4602,1,0.1
adamic_adar,4604,1,0.1
adamic_adar,4616,1,0.1
adamic_adar,4626,1,0.1
adamic_adar,4630,1,0.1
adamic_adar,4632,7,0.7
adamic_adar,4633,2,0.2
adamic_adar,4640,1,0.1
adamic_adar,4647,2,0.2
adamic_adar,4651,1,0.1
adamic_adar,4652,1,0.1
adamic_adar,4653,7,0.7
adamic_adar,4655,1,0.1
adamic_adar,4659,1,0.1
adamic_adar,4661,5,0.5
adamic_adar,4662,5,0.5
adamic_adar,4663,1,0.1
adamic_adar,4664,1,0.1
adamic_adar,4665,1,0.1
adamic_adar,4666,3,0.3
adamic_adar,4669,2,0.2
adamic_adar,4671,1,0.1
adamic_adar,4673,5,0.5
adamic_adar,4681,1,0.1
adamic_adar,4682,1,0.1
adamic_adar,4686,6,0.6
adamic_adar,4687,4,0.4
adamic_adar,4688,7,0.7
adamic_adar,4709,5,0.5
adamic_adar,4710,1,0.1
adamic_adar,4712,5,0.5
adamic_adar,4714,1,0.1
adamic_adar,4715,1,0.1
adamic_adar,4717,8,0.8
adamic_adar,4718,3,0.3
adamic_adar,4725,3,0.3
adamic_adar,4726,3,0.3
adamic_adar,4733,1,0.1
adamic_adar,4739,1,0.1
adamic_adar,4741,1,0.1
adamic_adar,4746,3,0.3
adamic_adar,4748,2,0.2
adamic_adar,4749,1,0.1
adamic_adar,4756,5,0.5
adamic_adar,4764,7,0.7
adamic_adar,4767,3,0.3
adamic_adar,4774,1,0.1
adamic_adar,4778,1,0.1
adamic_adar,4781,5,0.5
adamic_adar,4782,1,0.1
adamic_adar,4786,1,0.1
adamic_adar,4788,2,0.2
adamic_adar,4789,1,0.1
adamic_adar,4792,4,0.4
adamic_adar,4795,4,0.4
adamic_adar,4813,5,0.5
adamic_adar,4814,4,0.4
adamic_adar,4818,4,0.4
adamic_adar,4824,3,0.3
adamic_adar,4825,0,0.0
adamic_adar,4828,6,0.6
adamic_adar,4829,6,0.6
adamic_adar,4832,1,0.1
adamic_adar,4833,1,0.1
adamic_adar,4837,1,0.1
adamic_adar,4840,1,0.1
adamic_adar,4842,1,0.1
adamic_adar,4843,3,0.3
adamic_adar,4846,4,0.4
adamic_adar,4853,2,0.2
adamic_adar,4854,1,0.1
adamic_adar,4856,1,0.1
adamic_adar,4859,6,0.6
adamic_adar,4860,1,0.1
adamic_adar,4862,1,0.1
adamic_adar,4874,1,0.1
adamic_adar,4879,4,0.4
adamic_adar,4883,1,0.1
adamic_adar,4884,1,0.1
adamic_adar,4885,3,0.3
adamic_adar,4891,1,0.1
adamic_adar,4893,1,0.1
adamic_adar,4894,4,0.4
adamic_adar,4898,0,0.0
adamic_adar,4899,5,0.5
adamic_adar,4904,1,0.1
adamic_adar,4909,1,0.1
adamic_adar,4912,1,0.1
adamic_adar,4914,1,0.1
adamic_adar,4915,1,0.1
adamic_adar,4922,1,0.1
adamic_adar,4924,3,0.3
adamic_adar,4925,1,0.1
adamic_adar,4926,0,0.0
adamic_adar,4933,1,0.1
adamic_adar,4934,2,0.2
adamic_adar,4937,3,0.3
adamic_adar,4938,6,0.6
adamic_adar,4943,5,0.5
adamic_adar,4944,1,0.1
adamic_adar,4947,1,0.1
adamic_adar,4948,5,0.5
adamic_adar,4960,2,0.2
adamic_adar,4964,7,0.7
adamic_adar,4966,4,0.4
adamic_adar,4967,6,0.6
adamic_adar,4970,1,0.1
adamic_adar,4973,1,0.1
adamic_adar,4974,4,0.4
adamic_adar,4976,4,0.4
adamic_adar,4980,1,0.1
adamic_adar,4981,8,0.8
adamic_adar,4982,5,0.5
adamic_adar,4983,1,0.1
adamic_adar,4988,3,0.3
adamic_adar,4989,1,0.1
adamic_adar,4993,1,0.1
adamic_adar,4994,1,0.1
adamic_adar,5002,9,0.9
adamic_adar,5003,1,0.1
adamic_adar,5006,2,0.2
adamic_adar,5008,3,0.3
adamic_adar,5009,2,0.2
adamic_adar,5010,1,0.1
adamic_adar,5011,3,0.3
adamic_adar,5012,4,0.4
adamic_adar,5013,1,0.1
adamic_adar,5015,1,0.1
adamic_adar,5016,1,0.1
adamic_adar,5017,2,0.2
adamic_adar,5020,6,0.6
adamic_adar,5022,6,0.6
adamic_adar,5028,4,0.4
adamic_adar,5029,5,0.5
adamic_adar,5032,1,0.1
adamic_adar,5037,5,0.5
adamic_adar,5039,2,0.2
adamic_adar,5040,1,0.1
adamic_adar,5048,1,0.1
adamic_adar,5050,1,0.1
adamic_adar,5051,1,0.1
adamic_adar,5053,4,0.4
adamic_adar,5054,1,0.1
adamic_adar,5059,2,0.2
adamic_adar,5061,2,0.2
adamic_adar,5064,1,0.1
adamic_adar,5070,1,0.1
adamic_adar,5072,2,0.2
adamic_adar,5079,7,0.7
adamic_adar,5090,1,0.1
adamic_adar,5096,3,0.3
adamic_adar,5099,1,0.1
adamic_adar,5102,3,0.3
adamic_adar,5103,6,0.6
adamic_adar,5106,4,0.4
adamic_adar,5110,3,0.3
adamic_adar,5111,2,0.2
adamic_adar,5114,1,0.1
adamic_adar,5117,1,0.1
adamic_adar,5118,4,0.4
adamic_adar,5119,1,0.1
adamic_adar,5121,2,0.2
adamic_adar,5123,5,0.5
adamic_adar,5125,5,0.5
adamic_adar,5126,1,0.1
adamic_adar,5139,2,0.2
adamic_adar,5140,7,0.7
adamic_adar,5142,1,0.1
adamic_adar,5143,1,0.1
adamic_adar,5150,2,0.2
adamic_adar,5152,1,0.1
adamic_adar,5154,1,0.1
adamic_adar,5155,3,0.3
adamic_adar,5160,1,0.1
adamic_adar,5164,1,0.1
adamic_adar,5166,6,0.6
adamic_adar,5171,6,0.6
adamic_adar,5172,3,0.3
adamic_adar,5173,7,0.7
adamic_adar,5175,6,0.6
adamic_adar,5176,8,0.8
adamic_adar,5177,5,0.5
adamic_adar,5178,2,0.2
adamic_adar,5179,9,0.9
adamic_adar,5180,8,0.8
adamic_adar,5181,4,0.4
adamic_adar,5182,6,0.6
adamic_adar,5184,8,0.8
adamic_adar,5185,5,0.5
adamic_adar,5187,2,0.2
adamic_adar,5188,10,1.0
adamic_adar,5189,5,0.5
adamic_adar,5190,7,0.7
adamic_adar,5191,1,0.1
adamic_adar,5193,2,0.2
adamic_adar,5194,1,0.1
adamic_adar,5195,1,0.1
adamic_adar,5196,3,0.3
adamic_adar,5198,1,0.1
adamic_adar,5199,4,0.4
adamic_adar,5200,2,0.2
adamic_adar,5201,1,0.1
adamic_adar,5202,1,0.1
adamic_adar,5203,2,0.2
adamic_adar,5207,4,0.4
adamic_adar,5215,2,0.2
adamic_adar,5217,3,0.3
adamic_adar,5226,4,0.4
adamic_adar,5232,1,0.1
adamic_adar,5233,4,0.4
adamic_adar,5238,1,0.1
adamic_adar,5239,1,0.1
adamic_adar,5243,1,0.1
adamic_adar,5246,4,0.4
adamic_adar,5247,1,0.1
adamic_adar,5250,1,0.1
adamic_adar,5254,5,0.5
adamic_adar,5255,2,0.2
adamic_adar,5262,5,0.5
adamic_adar,5263,7,0.7
adamic_adar,5264,1,0.1
adamic_adar,5267,1,0.1
adamic_adar,5273,2,0.2
adamic_adar,5276,0,0.0
adamic_adar,5285,5,0.5
adamic_adar,5286,2,0.2
adamic_adar,5289,3,0.3
adamic_adar,5295,4,0.4
adamic_adar,5296,2,0.2
adamic_adar,5301,6,0.6
adamic_adar,5312,2,0.2
adamic_adar,5313,3,0.3
adamic_adar,5316,3,0.3
adamic_adar,5317,3,0.3
adamic_adar,5320,1,0.1
adamic_adar,5321,5,0.5
adamic_adar,5323,1,0.1
adamic_adar,5324,2,0.2
adamic_adar,5329,1,0.1
adamic_adar,5334,0,0.0
adamic_adar,5336,0,0.0
adamic_adar,5342,6,0.6
adamic_adar,5344,1,0.1
adamic_adar,5360,3,0.3
adamic_adar,5361,0,0.0
adamic_adar,5378,6,0.6
adamic_adar,5381,1,0.1
adamic_adar,5382,6,0.6
adamic_adar,5391,3,0.3
adamic_adar,5396,1,0.1
adamic_adar,5399,2,0.2
adamic_adar,5401,1,0.1
adamic_adar,5404,3,0.3
adamic_adar,5405,1,0.1
adamic_adar,5419,0,0.0
adamic_adar,5423,5,0.5
adamic_adar,5427,2,0.2
adamic_adar,5428,1,0.1
adamic_adar,5437,4,0.4
adamic_adar,5439,5,0.5
adamic_adar,5440,1,0.1
adamic_adar,5445,7,0.7
adamic_adar,5446,3,0.3
adamic_adar,5452,2,0.2
adamic_adar,5455,1,0.1
adamic_adar,5457,3,0.3
adamic_adar,5462,1,0.1
adamic_adar,5468,0,0.0
adamic_adar,5472,2,0.2
adamic_adar,5474,1,0.1
adamic_adar,5478,1,0.1
adamic_adar,5479,5,0.5
adamic_adar,5482,2,0.2
adamic_adar,5484,5,0.5
adamic_adar,5485,3,0.3
adamic_adar,5487,4,0.4
adamic_adar,5489,1,0.1
adamic_adar,5495,1,0.1
adamic_adar,5499,2,0.2
adamic_adar,5500,1,0.1
adamic_adar,5501,0,0.0
adamic_adar,5512,1,0.1
adamic_adar,5515,1,0.1
adamic_adar,5516,1,0.1
adamic_adar,5524,7,0.7
adamic_adar,5526,2,0.2
adamic_adar,5528,2,0.2
adamic_adar,5529,5,0.5
adamic_adar,5531,6,0.6
adamic_adar,5532,6,0.6
adamic_adar,5534,2,0.2
adamic_adar,5536,1,0.1
adamic_adar,5543,6,0.6
adamic_adar,5549,2,0.2
adamic_adar,5550,1,0.1
adamic_adar,5551,1,0.1
adamic_adar,5552,2,0.2
adamic_adar,5553,4,0.4
adamic_adar,5562,3,0.3
adamic_adar,5563,1,0.1
adamic_adar,5565,1,0.1
adamic_adar,5577,1,0.1
adamic_adar,5582,7,0.7
adamic_adar,5584,5,0.5
adamic_adar,5589,1,0.1
adamic_adar,5590,1,0.1
adamic_adar,5591,2,0.2
adamic_adar,5596,3,0.3
adamic_adar,5601,1,0.1
adamic_adar,5603,0,0.0
adamic_adar,5604,0,0.0
adamic_adar,5605,2,0.2
adamic_adar,5606,2,0.2
adamic_adar,5608,3,0.3
adamic_adar,5612,6,0.6
adamic_adar,5614,1,0.1
adamic_adar,5616,1,0.1
adamic_adar,5617,4,0.4
adamic_adar,5620,1,0.1
adamic_adar,5624,4,0.4
adamic_adar,5626,3,0.3
adamic_adar,5630,4,0.4
adamic_adar,5639,1,0.1
adamic_adar,5644,4,0.4
adamic_adar,5646,1,0.1
adamic_adar,5647,1,0.1
adamic_adar,5651,1,0.1
adamic_adar,5655,6,0.6
adamic_adar,5656,1,0.1
adamic_adar,5658,1,0.1
adamic_adar,5660,1,0.1
adamic_adar,5662,1,0.1
adamic_adar,5666,1,0.1
adamic_adar,5667,0,0.0
adamic_adar,5668,1,0.1
adamic_adar,5675,0,0.0
adamic_adar,5684,4,0.4
adamic_adar,5686,1,0.1
adamic_adar,5691,6,0.6
adamic_adar,5692,2,0.2
adamic_adar,5696,4,0.4
adamic_adar,5697,8,0.8
adamic_adar,5702,0,0.0
adamic_adar,5704,0,0.0
adamic_adar,5705,2,0.2
adamic_adar,5707,1,0.1
adamic_adar,5708,1,0.1
adamic_adar,5709,2,0.2
adamic_adar,5714,4,0.4
adamic_adar,5721,3,0.3
adamic_adar,5738,3,0.3
adamic_adar,5739,6,0.6
adamic_adar,5741,2,0.2
adamic_adar,5750,1,0.1
adamic_adar,5753,1,0.1
adamic_adar,5760,2,0.2
adamic_adar,5761,1,0.1
adamic_adar,5768,1,0.1
adamic_adar,5770,1,0.1
adamic_adar,5771,4,0.4
adamic_adar,5772,4,0.4
adamic_adar,5773,10,1.0
adamic_adar,5775,4,0.4
adamic_adar,5776,3,0.3
adamic_adar,5783,6,0.6
adamic_adar,5787,4,0.4
adamic_adar,5796,5,0.5
adamic_adar,5798,2,0.2
adamic_adar,5799,5,0.5
adamic_adar,5800,7,0.7
adamic_adar,5802,6,0.6
adamic_adar,5803,1,0.1
adamic_adar,5804,3,0.3
adamic_adar,5805,3,0.3
adamic_adar,5806,3,0.3
adamic_adar,5807,3,0.3
adamic_adar,5808,1,0.1
adamic_adar,5809,4,0.4
adamic_adar,5810,4,0.4
adamic_adar,5811,6,0.6
adamic_adar,5812,8,0.8
adamic_adar,5814,4,0.4
adamic_adar,5815,0,0.0
adamic_adar,5816,5,0.5
adamic_adar,5817,7,0.7
adamic_adar,5818,7,0.7
adamic_adar,5819,5,0.5
adamic_adar,5820,5,0.5
adamic_adar,5821,5,0.5
adamic_adar,5822,4,0.4
adamic_adar,5823,0,0.0
adamic_adar,5824,5,0.5
adamic_adar,5827,4,0.4
adamic_adar,5829,3,0.3
adamic_adar,5834,1,0.1
adamic_adar,5839,6,0.6
adamic_adar,5855,2,0.2
adamic_adar,5857,6,0.6
adamic_adar,5859,0,0.0
adamic_adar,5862,4,0.4
adamic_adar,5871,9,0.9
adamic_adar,5872,4,0.4
adamic_adar,5873,1,0.1
adamic_adar,5877,1,0.1
adamic_adar,5890,1,0.1
adamic_adar,5896,1,0.1
adamic_adar,5902,1,0.1
adamic_adar,5908,2,0.2
adamic_adar,5915,5,0.5
adamic_adar,5916,3,0.3
adamic_adar,5920,1,0.1
adamic_adar,5922,2,0.2
adamic_adar,5923,0,0.0
adamic_adar,5927,0,0.0
adamic_adar,5928,2,0.2
adamic_adar,5930,1,0.1
adamic_adar,5932,4,0.4
adamic_adar,5934,5,0.5
adamic_adar,5935,1,0.1
adamic_adar,5939,1,0.1
adamic_adar,5940,1,0.1
adamic_adar,5945,1,0.1
adamic_adar,5950,2,0.2
adamic_adar,5952,1,0.1
adamic_adar,5960,1,0.1
adamic_adar,5961,2,0.2
adamic_adar,5981,1,0.1
adamic_adar,5982,0,0.0
adamic_adar,5984,1,0.1
adamic_adar,5988,0,0.0
adamic_adar,5998,6,0.6
adamic_adar,5999,4,0.4
adamic_adar,6000,1,0.1
adamic_adar,6001,1,0.1
adamic_adar,6004,2,0.2
adamic_adar,6006,6,0.6
adamic_adar,6007,1,0.1
adamic_adar,6016,3,0.3
adamic_adar,6017,1,0.1
adamic_adar,6020,4,0.4
adamic_adar,6023,7,0.7
adamic_adar,6024,4,0.4
adamic_adar,6031,1,0.1
adamic_adar,6032,7,0.7
adamic_adar,6038,1,0.1
adamic_adar,6043,8,0.8
adamic_adar,6045,1,0.1
adamic_adar,6046,1,0.1
adamic_adar,6047,1,0.1
adamic_adar,6049,1,0.1
adamic_adar,6068,5,0.5
adamic_adar,6072,4,0.4
adamic_adar,6075,4,0.4
adamic_adar,6082,1,0.1
adamic_adar,6093,1,0.1
adamic_adar,6094,3,0.3
adamic_adar,6097,6,0.6
adamic_adar,6108,1,0.1
adamic_adar,6121,1,0.1
adamic_adar,6123,2,0.2
adamic_adar,6126,1,0.1
adamic_adar,6132,1,0.1
adamic_adar,6134,2,0.2
adamic_adar,6135,1,0.1
adamic_adar,6146,1,0.1
adamic_adar,6151,2,0.2
adamic_adar,6156,4,0.4
adamic_adar,6160,1,0.1
adamic_adar,6165,1,0.1
adamic_adar,6169,1,0.1
adamic_adar,6170,3,0.3
adamic_adar,6176,1,0.1
adamic_adar,6179,1,0.1
adamic_adar,6182,1,0.1
adamic_adar,6184,1,0.1
adamic_adar,6190,1,0.1
adamic_adar,6196,1,0.1
adamic_adar,6198,4,0.4
adamic_adar,6202,0,0.0
adamic_adar,6204,2,0.2
adamic_adar,6208,1,0.1
adamic_adar,6213,1,0.1
adamic_adar,6216,1,0.1
adamic_adar,6217,3,0.3
adamic_adar,6218,7,0.7
adamic_adar,6220,3,0.3
adamic_adar,6221,5,0.5
adamic_adar,6223,1,0.1
adamic_adar,6227,1,0.1
adamic_adar,6229,3,0.3
adamic_adar,6230,1,0.1
adamic_adar,6239,1,0.1
adamic_adar,6241,5,0.5
adamic_adar,6242,1,0.1
adamic_adar,6243,6,0.6
adamic_adar,6245,1,0.1
adamic_adar,6252,1,0.1
adamic_adar,6263,1,0.1
adamic_adar,6270,9,0.9
adamic_adar,6271,1,0.1
adamic_adar,6272,9,0.9
adamic_adar,6274,1,0.1
adamic_adar,6280,7,0.7
adamic_adar,6298,1,0.1
adamic_adar,6299,9,0.9
adamic_adar,6305,7,0.7
adamic_adar,6312,1,0.1
adamic_adar,6314,0,0.0
adamic_adar,6316,5,0.5
adamic_adar,6317,1,0.1
adamic_adar,6320,6,0.6
adamic_adar,6323,6,0.6
adamic_adar,6324,1,0.1
adamic_adar,6325,1,0.1
adamic_adar,6326,1,0.1
adamic_adar,6327,7,0.7
adamic_adar,6330,1,0.1
adamic_adar,6331,0,0.0
adamic_adar,6333,1,0.1
adamic_adar,6334,2,0.2
adamic_adar,6339,1,0.1
adamic_adar,6344,1,0.1
adamic_adar,6346,1,0.1
adamic_adar,6347,3,0.3
adamic_adar,6356,1,0.1
adamic_adar,6359,6,0.6
adamic_adar,6360,3,0.3
adamic_adar,6367,1,0.1
adamic_adar,6377,2,0.2
adamic_adar,6381,1,0.1
adamic_adar,6383,1,0.1
adamic_adar,6394,1,0.1
adamic_adar,6398,3,0.3
adamic_adar,6406,0,0.0
adamic_adar,6414,4,0.4
adamic_adar,6415,1,0.1
adamic_adar,6416,1,0.1
adamic_adar,6421,4,0.4
adamic_adar,6422,3,0.3
adamic_adar,6443,7,0.7
adamic_adar,6445,0,0.0
adamic_adar,6447,2,0.2
adamic_adar,6458,5,0.5
adamic_adar,6460,6,0.6
adamic_adar,6461,1,0.1
adamic_adar,6467,2,0.2
adamic_adar,6471,1,0.1
adamic_adar,6479,1,0.1
adamic_adar,6483,4,0.4
adamic_adar,6484,1,0.1
adamic_adar,6486,8,0.8
adamic_adar,6488,3,0.3
adamic_adar,6491,1,0.1
adamic_adar,6494,6,0.6
adamic_adar,6500,1,0.1
adamic_adar,6501,4,0.4
adamic_adar,6502,0,0.0
adamic_adar,6503,1,0.1
adamic_adar,6504,1,0.1
adamic_adar,6510,6,0.6
adamic_adar,6517,1,0.1
adamic_adar,6518,5,0.5
adamic_adar,6522,2,0.2
adamic_adar,6523,4,0.4
adamic_adar,6524,1,0.1
adamic_adar,6525,5,0.5
adamic_adar,6526,1,0.1
adamic_adar,6538,3,0.3
adamic_adar,6545,1,0.1
adamic_adar,6546,1,0.1
adamic_adar,6548,2,0.2
adamic_adar,6550,2,0.2
adamic_adar,6551,1,0.1
adamic_adar,6552,7,0.7
adamic_adar,6555,8,0.8
adamic_adar,6560,9,0.9
adamic_adar,6563,8,0.8
adamic_adar,6577,2,0.2
adamic_adar,6595,6,0.6
adamic_adar,6596,4,0.4
adamic_adar,6598,1,0.1
adamic_adar,6605,1,0.1
adamic_adar,6608,3,0.3
adamic_adar,6611,2,0.2
adamic_adar,6612,1,0.1
adamic_adar,6613,1,0.1
adamic_adar,6615,8,0.8
adamic_adar,6616,5,0.5
adamic_adar,6618,8,0.8
adamic_adar,6619,6,0.6
adamic_adar,6620,8,0.8
adamic_adar,6624,7,0.7
adamic_adar,6625,1,0.1
adamic_adar,6626,2,0.2
adamic_adar,6627,4,0.4
adamic_adar,6635,1,0.1
adamic_adar,6636,1,0.1
adamic_adar,6646,0,0.0
adamic_adar,6649,4,0.4
adamic_adar,6655,1,0.1
adamic_adar,6665,4,0.4
adamic_adar,6666,1,0.1
adamic_adar,6671,2,0.2
adamic_adar,6676,0,0.0
adamic_adar,6683,1,0.1
adamic_adar,6695,1,0.1
adamic_adar,6702,3,0.3
adamic_adar,6710,1,0.1
adamic_adar,6712,4,0.4
adamic_adar,6714,7,0.7
adamic_adar,6726,3,0.3
adamic_adar,6736,6,0.6
adamic_adar,6747,0,0.0
adamic_adar,6758,1,0.1
adamic_adar,6759,1,0.1
adamic_adar,6766,0,0.0
adamic_adar,6772,4,0.4
adamic_adar,6774,7,0.7
adamic_adar,6775,1,0.1
adamic_adar,6776,1,0.1
adamic_adar,6779,1,0.1
adamic_adar,6780,2,0.2
adamic_adar,6781,0,0.0
adamic_adar,6784,7,0.7
adamic_adar,6789,3,0.3
adamic_adar,6795,1,0.1
adamic_adar,6804,1,0.1
adamic_adar,6809,1,0.1
adamic_adar,6815,1,0.1
adamic_adar,6822,1,0.1
adamic_adar,6841,1,0.1
adamic_adar,6846,1,0.1
adamic_adar,6848,3,0.3
adamic_adar,6855,2,0.2
adamic_adar,6859,2,0.2
adamic_adar,6861,1,0.1
adamic_adar,6864,1,0.1
adamic_adar,6865,3,0.3
adamic_adar,6866,0,0.0
adamic_adar,6867,1,0.1
adamic_adar,6875,4,0.4
adamic_adar,6880,1,0.1
adamic_adar,6883,1,0.1
adamic_adar,6885,2,0.2
adamic_adar,6889,0,0.0
adamic_adar,6895,1,0.1
adamic_adar,6900,3,0.3
adamic_adar,6902,5,0.5
adamic_adar,6906,5,0.5
adamic_adar,6907,9,0.9
adamic_adar,6912,1,0.1
adamic_adar,6913,7,0.7
adamic_adar,6914,10,1.0
adamic_adar,6916,5,0.5
adamic_adar,6917,1,0.1
adamic_adar,6918,5,0.5
adamic_adar,6924,4,0.4
adamic_adar,6934,9,0.9
adamic_adar,6941,8,0.8
adamic_adar,6945,3,0.3
adamic_adar,6946,6,0.6
adamic_adar,6949,1,0.1
adamic_adar,6951,6,0.6
adamic_adar,6953,1,0.1
adamic_adar,6974,0,0.0
adamic_adar,6975,1,0.1
adamic_adar,6976,5,0.5
adamic_adar,6984,1,0.1
adamic_adar,6991,0,0.0
adamic_adar,6993,8,0.8
adamic_adar,6994,2,0.2
adamic_adar,7005,2,0.2
adamic_adar,7012,2,0.2
adamic_adar,7014,1,0.1
adamic_adar,7019,1,0.1
adamic_adar,7020,1,0.1
adamic_adar,7021,6,0.6
adamic_adar,7026,2,0.2
adamic_adar,7030,1,0.1
adamic_adar,7043,0,0.0
adamic_adar,7045,5,0.5
adamic_adar,7046,5,0.5
adamic_adar,7047,6,0.6
adamic_adar,7049,3,0.3
adamic_adar,7052,7,0.7
adamic_adar,7053,3,0.3
adamic_adar,7054,4,0.4
adamic_adar,7055,4,0.4
adamic_adar,7056,5,0.5
adamic_adar,7057,6,0.6
adamic_adar,7061,1,0.1
adamic_adar,7062,1,0.1
adamic_adar,7063,6,0.6
adamic_adar,7064,1,0.1
adamic_adar,7080,5,0.5
adamic_adar,7086,3,0.3
adamic_adar,7087,0,0.0
adamic_adar,7088,1,0.1
adamic_adar,7092,7,0.7
adamic_adar,7096,2,0.2
adamic_adar,7099,2,0.2
adamic_adar,7100,3,0.3
adamic_adar,7104,2,0.2
adamic_adar,7106,1,0.1
adamic_adar,7109,0,0.0
adamic_adar,7110,1,0.1
adamic_adar,7113,2,0.2
adamic_adar,7116,1,0.1
adamic_adar,7117,1,0.1
adamic_adar,7120,5,0.5
adamic_adar,7126,1,0.1
adamic_adar,7129,2,0.2
adamic_adar,7131,4,0.4
adamic_adar,7132,5,0.5
adamic_adar,7134,1,0.1
adamic_adar,7138,1,0.1
adamic_adar,7139,1,0.1
adamic_adar,7142,1,0.1
adamic_adar,7150,3,0.3
adamic_adar,7153,1,0.1
adamic_adar,7163,0,0.0
adamic_adar,7164,1,0.1
adamic_adar,7171,2,0.2
adamic_adar,7172,1,0.1
adamic_adar,7175,1,0.1
adamic_adar,7184,1,0.1
adamic_adar,7188,3,0.3
adamic_adar,7198,0,0.0
adamic_adar,7199,1,0.1
adamic_adar,7222,1,0.1
adamic_adar,7225,7,0.7
adamic_adar,7226,0,0.0
adamic_adar,7227,2,0.2
adamic_adar,7228,1,0.1
adamic_adar,7229,0,0.0
adamic_adar,7230,1,0.1
adamic_adar,7231,6,0.6
adamic_adar,7233,3,0.3
adamic_adar,7236,4,0.4
adamic_adar,7238,2,0.2
adamic_adar,7239,3,0.3
adamic_adar,7241,6,0.6
adamic_adar,7253,2,0.2
adamic_adar,7260,1,0.1
adamic_adar,7262,1,0.1
adamic_adar,7266,1,0.1
adamic_adar,7270,1,0.1
adamic_adar,7278,0,0.0
adamic_adar,7279,2,0.2
adamic_adar,7280,6,0.6
adamic_adar,7281,0,0.0
adamic_adar,7284,1,0.1
adamic_adar,7293,1,0.1
adamic_adar,7294,7,0.7
adamic_adar,7295,4,0.4
adamic_adar,7298,1,0.1
adamic_adar,7301,5,0.5
adamic_adar,7302,1,0.1
adamic_adar,7317,2,0.2
adamic_adar,7330,1,0.1
adamic_adar,7335,1,0.1
adamic_adar,7341,1,0.1
adamic_adar,7343,2,0.2
adamic_adar,7348,1,0.1
adamic_adar,7350,2,0.2
adamic_adar,7351,2,0.2
adamic_adar,7352,1,0.1
adamic_adar,7362,1,0.1
adamic_adar,7371,0,0.0
adamic_adar,7378,6,0.6
adamic_adar,7383,1,0.1
adamic_adar,7386,4,0.4
adamic_adar,7389,2,0.2
adamic_adar,7390,4,0.4
adamic_adar,7391,5,0.5
adamic_adar,7393,2,0.2
adamic_adar,7394,0,0.0
adamic_adar,7400,2,0.2
adamic_adar,7405,2,0.2
adamic_adar,7409,2,0.2
adamic_adar,7415,1,0.1
adamic_adar,7417,1,0.1
adamic_adar,7421,1,0.1
adamic_adar,7424,1,0.1
adamic_adar,7425,1,0.1
adamic_adar,7428,1,0.1
adamic_adar,7441,0,0.0
adamic_adar,7443,1,0.1
adamic_adar,7449,6,0.6
adamic_adar,7455,0,0.0
adamic_adar,7476,0,0.0
adamic_adar,7490,3,0.3
adamic_adar,7492,0,0.0
adamic_adar,7502,1,0.1
adamic_adar,7511,3,0.3
adamic_adar,7518,1,0.1
adamic_adar,7544,3,0.3
adamic_adar,7554,0,0.0
adamic_adar,7564,6,0.6
adamic_adar,7565,1,0.1
adamic_adar,7569,1,0.1
adamic_adar,7578,6,0.6
adamic_adar,7580,4,0.4
adamic_adar,7586,1,0.1
adamic_adar,7593,1,0.1
adamic_adar,7597,2,0.2
adamic_adar,7598,8,0.8
adamic_adar,7609,1,0.1
adamic_adar,7614,6,0.6
adamic_adar,7623,1,0.1
adamic_adar,7625,1,0.1
adamic_adar,7647,1,0.1
adamic_adar,7649,3,0.3
adamic_adar,7650,0,0.0
adamic_adar,7661,1,0.1
adamic_adar,7665,2,0.2
adamic_adar,7675,2,0.2
adamic_adar,7677,1,0.1
adamic_adar,7678,1,0.1
adamic_adar,7679,5,0.5
adamic_adar,7682,3,0.3
adamic_adar,7685,1,0.1
adamic_adar,7691,5,0.5
adamic_adar,7696,1,0.1
adamic_adar,7697,1,0.1
adamic_adar,7703,1,0.1
adamic_adar,7719,1,0.1
adamic_adar,7727,5,0.5
adamic_adar,7728,0,0.0
adamic_adar,7733,3,0.3
adamic_adar,7736,1,0.1
adamic_adar,7738,1,0.1
adamic_adar,7743,1,0.1
adamic_adar,7744,5,0.5
adamic_adar,7747,1,0.1
adamic_adar,7750,1,0.1
adamic_adar,7753,1,0.1
adamic_adar,7759,1,0.1
adamic_adar,7766,1,0.1
adamic_adar,7768,1,0.1
adamic_adar,7769,1,0.1
adamic_adar,7771,0,0.0
adamic_adar,7772,3,0.3
adamic_adar,7774,4,0.4
adamic_adar,7775,3,0.3
adamic_adar,7779,0,0.0
adamic_adar,7790,0,0.0
adamic_adar,7791,1,0.1
adamic_adar,7792,1,0.1
adamic_adar,7806,1,0.1
adamic_adar,7810,3,0.3
adamic_adar,7812,1,0.1
adamic_adar,7815,1,0.1
adamic_adar,7818,2,0.2
adamic_adar,7833,1,0.1
adamic_adar,7835,1,0.1
adamic_adar,7837,0,0.0
adamic_adar,7842,1,0.1
adamic_adar,7845,1,0.1
adamic_adar,7853,0,0.0
adamic_adar,7856,1,0.1
adamic_adar,7862,2,0.2
adamic_adar,7864,1,0.1
adamic_adar,7865,4,0.4
adamic_adar,7873,0,0.0
adamic_adar,7875,1,0.1
adamic_adar,7877,1,0.1
adamic_adar,7882,1,0.1
adamic_adar,7885,1,0.1
adamic_adar,7900,1,0.1
adamic_adar,7901,2,0.2
adamic_adar,7902,3,0.3
adamic_adar,7903,0,0.0
adamic_adar,7904,2,0.2
adamic_adar,7906,0,0.0
adamic_adar,7907,1,0.1
adamic_adar,7910,1,0.1
adamic_adar,7916,1,0.1
adamic_adar,7919,0,0.0
adamic_adar,7928,1,0.1
adamic_adar,7929,1,0.1
adamic_adar,7933,2,0.2
adamic_adar,7938,1,0.1
adamic_adar,7948,1,0.1
adamic_adar,7964,1,0.1
adamic_adar,7967,1,0.1
adamic_adar,7968,0,0.0
adamic_adar,7969,1,0.1
adamic_adar,7980,1,0.1
adamic_adar,8010,0,0.0
adamic_adar,8012,0,0.0
adamic_adar,8021,0,0.0
adamic_adar,8036,1,0.1
adamic_adar,8042,1,0.1
adamic_adar,8045,0,0.0
adamic_adar,8046,2,0.2
adamic_adar,8047,5,0.5
adamic_adar,8050,1,0.1
adamic_adar,8051,1,0.1
adamic_adar,8053,2,0.2
adamic_adar,8063,0,0.0
adamic_adar,8066,1,0.1
adamic_adar,8069,1,0.1
adamic_adar,8085,5,0.5
adamic_adar,8092,1,0.1
adamic_adar,8094,0,0.0
adamic_adar,8107,1,0.1
adamic_adar,8111,1,0.1
adamic_adar,8145,0,0.0
adamic_adar,8146,1,0.1
adamic_adar,8152,1,0.1
adamic_adar,8156,2,0.2
adamic_adar,8162,1,0.1
adamic_adar,8171,0,0.0
adamic_adar,8173,1,0.1
adamic_adar,8190,0,0.0
adamic_adar,8204,1,0.1
adamic_adar,8211,1,0.1
adamic_adar,8243,1,0.1
adamic_adar,8263,1,0.1
adamic_adar,8270,1,0.1
common_neighbors,3,3,0.3
common_neighbors,4,6,0.6
common_neighbors,5,7,0.7
common_neighbors,6,7,0.7
common_neighbors,7,6,0.6
common_neighbors,8,10,1.0
common_neighbors,9,5,0.5
common_neighbors,10,10,1.0
common_neighbors,11,6,0.6
common_neighbors,12,5,0.5
common_neighbors,13,2,0.2
common_neighbors,14,6,0.6
common_neighbors,15,3,0.3
common_neighbors,16,3,0.3
common_neighbors,17,8,0.8
common_neighbors,18,1,0.1
common_neighbors,19,4,0.4
common_neighbors,20,6,0.6
common_neighbors,21,4,0.4
common_neighbors,23,7,0.7
common_neighbors,24,6,0.6
common_neighbors,25,7,0.7
common_neighbors,26,7,0.7
common_neighbors,27,5,0.5
common_neighbors,28,9,0.9
common_neighbors,29,6,0.6
common_neighbors,31,2,0.2
common_neighbors,32,1,0.1
common_neighbors,33,8,0.8
common_neighbors,34,1,0.1
common_neighbors,35,8,0.8
common_neighbors,36,8,0.8
common_neighbors,37,3,0.3
common_neighbors,38,2,0.2
common_neighbors,39,7,0.7
common_neighbors,40,1,0.1
common_neighbors,41,7,0.7
common_neighbors,42,5,0.5
common_neighbors,43,1,0.1
common_neighbors,44,4,0.4
common_neighbors,45,2,0.2
common_neighbors,46,3,0.3
common_neighbors,47,6,0.6
common_neighbors,48,7,0.7
common_neighbors,49,2,0.2
common_neighbors,50,2,0.2
common_neighbors,51,2,0.2
common_neighbors,53,5,0.5
common_neighbors,54,2,0.2
common_neighbors,55,9,0.9
common_neighbors,56,4,0.4
common_neighbors,57,1,0.1
common_neighbors,58,4,0.4
common_neighbors,59,5,0.5
common_neighbors,60,2,0.2
common_neighbors,62,4,0.4
common_neighbors,66,5,0.5
common_neighbors,67,2,0.2
common_neighbors,68,3,0.3
common_neighbors,71,3,0.3
common_neighbors,72,6,0.6
common_neighbors,73,4,0.4
common_neighbors,74,7,0.7
common_neighbors,75,5,0.5
common_neighbors,77,3,0.3
common_neighbors,78,3,0.3
common_neighbors,79,6,0.6
common_neighbors,80,9,0.9
common_neighbors,81,4,0.4
common_neighbors,83,2,0.2
common_neighbors,86,6,0.6
common_neighbors,87,5,0.5
common_neighbors,89,6,0.6
common_neighbors,90,4,0.4
common_neighbors,92,1,0.1
common_neighbors,94,3,0.3
common_neighbors,96,1,0.1
common_neighbors,99,2,0.2
common_neighbors,101,4,0.4
common_neighbors,102,1,0.1
common_neighbors,103,5,0.5
common_neighbors,104,5,0.5
common_neighbors,105,1,0.1
common_neighbors,109,7,0.7
common_neighbors,110,6,0.6
common_neighbors,111,4,0.4
common_neighbors,113,5,0.5
common_neighbors,116,1,0.1
common_neighbors,120,2,0.2
common_neighbors,121,1,0.1
common_neighbors,122,5,0.5
common_neighbors,125,5,0.5
common_neighbors,126,6,0.6
common_neighbors,127,4,0.4
common_neighbors,128,6,0.6
common_neighbors,129,2,0.2
common_neighbors,130,5,0.5
common_neighbors,132,4,0.4
common_neighbors,133,1,0.1
common_neighbors,134,1,0.1
common_neighbors,135,3,0.3
common_neighbors,136,2,0.2
common_neighbors,138,7,0.7
common_neighbors,139,5,0.5
common_neighbors,140,6,0.6
common_neighbors,142,4,0.4
common_neighbors,143,5,0.5
common_neighbors,145,5,0.5
common_neighbors,147,5,0.5
common_neighbors,150,6,0.6
common_neighbors,151,7,0.7
common_neighbors,152,2,0.2
common_neighbors,154,5,0.5
common_neighbors,155,4,0.4
common_neighbors,156,1,0.1
common_neighbors,157,4,0.4
common_neighbors,158,1,0.1
common_neighbors,161,4,0.4
common_neighbors,163,1,0.1
common_neighbors,164,1,0.1
common_neighbors,166,3,0.3
common_neighbors,169,1,0.1
common_neighbors,171,8,0.8
common_neighbors,172,7,0.7
common_neighbors,173,5,0.5
common_neighbors,175,1,0.1
common_neighbors,176,6,0.6
common_neighbors,177,3,0.3
common_neighbors,178,7,0.7
common_neighbors,179,3,0.3
common_neighbors,180,1,0.1
common_neighbors,181,1,0.1
common_neighbors,182,9,0.9
common_neighbors,185,1,0.1
common_neighbors,187,4,0.4
common_neighbors,191,2,0.2
common_neighbors,192,4,0.4
common_neighbors,193,3,0.3
common_neighbors,194,2,0.2
common_neighbors,197,3,0.3
common_neighbors,199,2,0.2
common_neighbors,201,5,0.5
common_neighbors,202,4,0.4
common_neighbors,203,8,0.8
common_neighbors,204,2,0.2
common_neighbors,205,2,0.2
common_neighbors,208,2,0.2
common_neighbors,209,1,0.1
common_neighbors,215,5,0.5
common_neighbors,216,3,0.3
common_neighbors,218,1,0.1
common_neighbors,221,2,0.2
common_neighbors,222,1,0.1
common_neighbors,223,5,0.5
common_neighbors,224,2,0.2
common_neighbors,226,6,0.6
common_neighbors,228,1,0.1
common_neighbors,230,1,0.1
common_neighbors,231,7,0.7
common_neighbors,232,3,0.3
common_neighbors,236,7,0.7
common_neighbors,237,3,0.3
common_neighbors,238,1,0.1
common_neighbors,240,2,0.2
common_neighbors,241,1,0.1
common_neighbors,243,1,0.1
common_neighbors,244,1,0.1
common_neighbors,247,1,0.1
common_neighbors,249,1,0.1
common_neighbors,251,2,0.2
common_neighbors,254,4,0.4
common_neighbors,255,6,0.6
common_neighbors,256,2,0.2
common_neighbors,258,1,0.1
common_neighbors,259,7,0.7
common_neighbors,261,3,0.3
common_neighbors,263,3,0.3
common_neighbors,265,2,0.2
common_neighbors,266,2,0.2
common_neighbors,268,1,0.1
common_neighbors,269,3,0.3
common_neighbors,270,2,0.2
common_neighbors,275,5,0.5
common_neighbors,276,3,0.3
common_neighbors,277,1,0.1
common_neighbors,280,6,0.6
common_neighbors,282,8,0.8
common_neighbors,283,1,0.1
common_neighbors,284,1,0.1
common_neighbors,285,1,0.1
common_neighbors,290,7,0.7
common_neighbors,291,4,0.4
common_neighbors,292,1,0.1
common_neighbors,295,1,0.1
common_neighbors,296,4,0.4
common_neighbors,302,2,0.2
common_neighbors,303,1,0.1
common_neighbors,304,6,0.6
common_neighbors,305,1,0.1
common_neighbors,306,5,0.5
common_neighbors,307,3,0.3
common_neighbors,308,8,0.8
common_neighbors,310,7,0.7
common_neighbors,311,4,0.4
common_neighbors,312,8,0.8
common_neighbors,313,7,0.7
common_neighbors,315,5,0.5
common_neighbors,317,8,0.8
common_neighbors,318,1,0.1
common_neighbors,319,4,0.4
common_neighbors,321,6,0.6
common_neighbors,324,3,0.3
common_neighbors,325,3,0.3
common_neighbors,326,1,0.1
common_neighbors,327,1,0.1
common_neighbors,328,3,0.3
common_neighbors,329,1,0.1
common_neighbors,331,1,0.1
common_neighbors,333,1,0.1
common_neighbors,334,5,0.5
common_neighbors,335,2,0.2
common_neighbors,336,3,0.3
common_neighbors,339,7,0.7
common_neighbors,340,6,0.6
common_neighbors,341,6,0.6
common_neighbors,344,2,0.2
common_neighbors,345,1,0.1
common_neighbors,346,4,0.4
common_neighbors,347,2,0.2
common_neighbors,348,3,0.3
common_neighbors,351,1,0.1
common_neighbors,352,1,0.1
common_neighbors,356,3,0.3
common_neighbors,363,1,0.1
common_neighbors,364,2,0.2
common_neighbors,365,3,0.3
common_neighbors,366,7,0.7
common_neighbors,367,1,0.1
common_neighbors,371,4,0.4
common_neighbors,374,1,0.1
common_neighbors,376,4,0.4
common_neighbors,381,1,0.1
common_neighbors,383,4,0.4
common_neighbors,387,4,0.4
common_neighbors,395,3,0.3
common_neighbors,398,1,0.1
common_neighbors,399,2,0.2
common_neighbors,400,2,0.2
common_neighbors,403,2,0.2
common_neighbors,404,2,0.2
common_neighbors,405,3,0.3
common_neighbors,406,4,0.4
common_neighbors,407,7,0.7
common_neighbors,410,1,0.1
common_neighbors,412,2,0.2
common_neighbors,414,1,0.1
common_neighbors,415,1,0.1
common_neighbors,416,1,0.1
common_neighbors,417,1,0.1
common_neighbors,423,2,0.2
common_neighbors,424,1,0.1
common_neighbors,425,5,0.5
common_neighbors,426,7,0.7
common_neighbors,427,2,0.2
common_neighbors,429,1,0.1
common_neighbors,430,3,0.3
common_neighbors,432,5,0.5
common_neighbors,434,1,0.1
common_neighbors,439,1,0.1
common_neighbors,440,1,0.1
common_neighbors,447,2,0.2
common_neighbors,454,4,0.4
common_neighbors,455,1,0.1
common_neighbors,456,1,0.1
common_neighbors,457,6,0.6
common_neighbors,458,1,0.1
common_neighbors,460,2,0.2
common_neighbors,461,2,0.2
common_neighbors,465,2,0.2
common_neighbors,467,3,0.3
common_neighbors,469,1,0.1
common_neighbors,479,2,0.2
common_neighbors,489,1,0.1
common_neighbors,493,1,0.1
common_neighbors,495,2,0.2
common_neighbors,499,3,0.3
common_neighbors,501,3,0.3
common_neighbors,511,1,0.1
common_neighbors,513,1,0.1
common_neighbors,521,3,0.3
common_neighbors,525,1,0.1
common_neighbors,530,2,0.2
common_neighbors,536,2,0.2
common_neighbors,545,5,0.5
common_neighbors,546,3,0.3
common_neighbors,549,1,0.1
common_neighbors,553,3,0.3
common_neighbors,555,1,0.1
common_neighbors,556,8,0.8
common_neighbors,559,1,0.1
common_neighbors,560,3,0.3
common_neighbors,561,1,0.1
common_neighbors,564,1,0.1
common_neighbors,572,1,0.1
common_neighbors,574,1,0.1
common_neighbors,579,1,0.1
common_neighbors,580,4,0.4
common_neighbors,582,6,0.6
common_neighbors,583,3,0.3
common_neighbors,584,1,0.1
common_neighbors,586,3,0.3
common_neighbors,587,3,0.3
common_neighbors,588,6,0.6
common_neighbors,590,2,0.2
common_neighbors,592,4,0.4
common_neighbors,600,4,0.4
common_neighbors,604,2,0.2
common_neighbors,606,1,0.1
common_neighbors,613,1,0.1
common_neighbors,614,3,0.3
common_neighbors,615,4,0.4
common_neighbors,618,1,0.1
common_neighbors,620,3,0.3
common_neighbors,624,1,0.1
common_neighbors,625,2,0.2
common_neighbors,626,3,0.3
common_neighbors,633,6,0.6
common_neighbors,634,5,0.5
common_neighbors,635,5,0.5
common_neighbors,637,4,0.4
common_neighbors,639,4,0.4
common_neighbors,642,1,0.1
common_neighbors,643,7,0.7
common_neighbors,644,6,0.6
common_neighbors,645,1,0.1
common_neighbors,646,2,0.2
common_neighbors,647,5,0.5
common_neighbors,649,3,0.3
common_neighbors,650,5,0.5
common_neighbors,651,1,0.1
common_neighbors,658,1,0.1
common_neighbors,659,3,0.3
common_neighbors,661,1,0.1
common_neighbors,663,7,0.7
common_neighbors,664,3,0.3
common_neighbors,665,2,0.2
common_neighbors,667,4,0.4
common_neighbors,668,1,0.1
common_neighbors,673,2,0.2
common_neighbors,674,6,0.6
common_neighbors,677,1,0.1
common_neighbors,679,1,0.1
common_neighbors,686,6,0.6
common_neighbors,688,1,0.1
common_neighbors,689,1,0.1
common_neighbors,690,1,0.1
common_neighbors,691,5,0.5
common_neighbors,695,7,0.7
common_neighbors,696,1,0.1
common_neighbors,697,5,0.5
common_neighbors,698,3,0.3
common_neighbors,699,2,0.2
common_neighbors,701,1,0.1
common_neighbors,704,5,0.5
common_neighbors,705,5,0.5
common_neighbors,706,7,0.7
common_neighbors,707,10,1.0
common_neighbors,708,4,0.4
common_neighbors,710,8,0.8
common_neighbors,712,4,0.4
common_neighbors,715,2,0.2
common_neighbors,717,1,0.1
common_neighbors,719,1,0.1
common_neighbors,722,7,0.7
common_neighbors,724,2,0.2
common_neighbors,727,2,0.2
common_neighbors,728,2,0.2
common_neighbors,730,5,0.5
common_neighbors,733,2,0.2
common_neighbors,736,1,0.1
common_neighbors,737,4,0.4
common_neighbors,738,1,0.1
common_neighbors,742,7,0.7
common_neighbors,744,1,0.1
common_neighbors,749,5,0.5
common_neighbors,754,1,0.1
common_neighbors,759,6,0.6
common_neighbors,762,6,0.6
common_neighbors,763,3,0.3
common_neighbors,764,5,0.5
common_neighbors,766,4,0.4
common_neighbors,768,1,0.1
common_neighbors,769,6,0.6
common_neighbors,770,1,0.1
common_neighbors,771,1,0.1
common_neighbors,772,1,0.1
common_neighbors,780,1,0.1
common_neighbors,781,2,0.2
common_neighbors,782,2,0.2
common_neighbors,784,6,0.6
common_neighbors,786,1,0.1
common_neighbors,787,2,0.2
common_neighbors,788,6,0.6
common_neighbors,789,5,0.5
common_neighbors,791,7,0.7
common_neighbors,792,1,0.1
common_neighbors,794,5,0.5
common_neighbors,795,3,0.3
common_neighbors,796,1,0.1
common_neighbors,797,1,0.1
common_neighbors,798,2,0.2
common_neighbors,801,2,0.2
common_neighbors,802,2,0.2
common_neighbors,803,1,0.1
common_neighbors,805,6,0.6
common_neighbors,810,8,0.8
common_neighbors,812,1,0.1
common_neighbors,813,9,0.9
common_neighbors,814,1,0.1
common_neighbors,815,1,0.1
common_neighbors,816,4,0.4
common_neighbors,820,3,0.3
common_neighbors,822,2,0.2
common_neighbors,823,2,0.2
common_neighbors,825,8,0.8
common_neighbors,826,6,0.6
common_neighbors,830,1,0.1
common_neighbors,836,7,0.7
common_neighbors,838,5,0.5
common_neighbors,841,4,0.4
common_neighbors,842,5,0.5
common_neighbors,844,4,0.4
common_neighbors,848,2,0.2
common_neighbors,852,5,0.5
common_neighbors,853,1,0.1
common_neighbors,854,4,0.4
common_neighbors,856,9,0.9
common_neighbors,859,3,0.3
common_neighbors,861,4,0.4
common_neighbors,862,1,0.1
common_neighbors,863,1,0.1
common_neighbors,865,7,0.7
common_neighbors,869,3,0.3
common_neighbors,870,5,0.5
common_neighbors,871,7,0.7
common_neighbors,872,2,0.2
common_neighbors,879,6,0.6
common_neighbors,882,1,0.1
common_neighbors,883,1,0.1
common_neighbors,885,3,0.3
common_neighbors,886,1,0.1
common_neighbors,895,2,0.2
common_neighbors,896,2,0.2
common_neighbors,898,1,0.1
common_neighbors,899,3,0.3
common_neighbors,900,2,0.2
common_neighbors,904,9,0.9
common_neighbors,908,2,0.2
common_neighbors,909,1,0.1
common_neighbors,911,5,0.5
common_neighbors,912,2,0.2
common_neighbors,913,2,0.2
common_neighbors,914,1,0.1
common_neighbors,918,5,0.5
common_neighbors,920,4,0.4
common_neighbors,921,1,0.1
common_neighbors,922,8,0.8
common_neighbors,926,2,0.2
common_neighbors,928,4,0.4
common_neighbors,933,2,0.2
common_neighbors,935,3,0.3
common_neighbors,937,7,0.7
common_neighbors,941,8,0.8
common_neighbors,943,5,0.5
common_neighbors,944,2,0.2
common_neighbors,946,6,0.6
common_neighbors,947,3,0.3
common_neighbors,948,3,0.3
common_neighbors,949,2,0.2
common_neighbors,950,1,0.1
common_neighbors,954,4,0.4
common_neighbors,956,5,0.5
common_neighbors,959,2,0.2
common_neighbors,960,4,0.4
common_neighbors,961,1,0.1
common_neighbors,962,1,0.1
common_neighbors,964,1,0.1
common_neighbors,967,2,0.2
common_neighbors,968,0,0.0
common_neighbors,969,1,0.1
common_neighbors,970,2,0.2
common_neighbors,971,9,0.9
common_neighbors,974,5,0.5
common_neighbors,975,2,0.2
common_neighbors,978,6,0.6
common_neighbors,981,3,0.3
common_neighbors,982,4,0.4
common_neighbors,984,1,0.1
common_neighbors,986,6,0.6
common_neighbors,987,1,0.1
common_neighbors,988,9,0.9
common_neighbors,993,9,0.9
common_neighbors,994,7,0.7
common_neighbors,996,4,0.4
common_neighbors,998,4,0.4
common_neighbors,999,1,0.1
common_neighbors,1000,2,0.2
common_neighbors,1003,2,0.2
common_neighbors,1004,3,0.3
common_neighbors,1005,2,0.2
common_neighbors,1006,4,0.4
common_neighbors,1008,1,0.1
common_neighbors,1009,2,0.2
common_neighbors,1010,1,0.1
common_neighbors,1011,1,0.1
common_neighbors,1012,2,0.2
common_neighbors,1013,3,0.3
common_neighbors,1022,1,0.1
common_neighbors,1023,2,0.2
common_neighbors,1024,3,0.3
common_neighbors,1027,3,0.3
common_neighbors,1028,1,0.1
common_neighbors,1029,7,0.7
common_neighbors,1031,5,0.5
common_neighbors,1032,5,0.5
common_neighbors,1034,7,0.7
common_neighbors,1035,3,0.3
common_neighbors,1037,4,0.4
common_neighbors,1038,2,0.2
common_neighbors,1041,6,0.6
common_neighbors,1042,3,0.3
common_neighbors,1043,3,0.3
common_neighbors,1044,2,0.2
common_neighbors,1046,5,0.5
common_neighbors,1050,3,0.3
common_neighbors,1051,4,0.4
common_neighbors,1052,1,0.1
common_neighbors,1055,4,0.4
common_neighbors,1060,1,0.1
common_neighbors,1062,6,0.6
common_neighbors,1063,3,0.3
common_neighbors,1064,1,0.1
common_neighbors,1065,1,0.1
common_neighbors,1066,2,0.2
common_neighbors,1074,7,0.7
common_neighbors,1075,7,0.7
common_neighbors,1078,2,0.2
common_neighbors,1080,2,0.2
common_neighbors,1082,1,0.1
common_neighbors,1083,1,0.1
common_neighbors,1084,1,0.1
common_neighbors,1085,1,0.1
common_neighbors,1086,1,0.1
common_neighbors,1089,2,0.2
common_neighbors,1095,1,0.1
common_neighbors,1097,6,0.6
common_neighbors,1098,6,0.6
common_neighbors,1103,1,0.1
common_neighbors,1111,7,0.7
common_neighbors,1113,3,0.3
common_neighbors,1114,6,0.6
common_neighbors,1124,5,0.5
common_neighbors,1125,7,0.7
common_neighbors,1126,1,0.1
common_neighbors,1127,6,0.6
common_neighbors,1128,3,0.3
common_neighbors,1129,6,0.6
common_neighbors,1132,3,0.3
common_neighbors,1133,5,0.5
common_neighbors,1134,1,0.1
common_neighbors,1135,6,0.6
common_neighbors,1137,6,0.6
common_neighbors,1138,2,0.2
common_neighbors,1139,1,0.1
common_neighbors,1142,6,0.6
common_neighbors,1143,2,0.2
common_neighbors,1144,3,0.3
common_neighbors,1145,1,0.1
common_neighbors,1151,5,0.5
common_neighbors,1156,2,0.2
common_neighbors,1159,1,0.1
common_neighbors,1160,5,0.5
common_neighbors,1164,3,0.3
common_neighbors,1165,3,0.3
common_neighbors,1166,7,0.7
common_neighbors,1167,6,0.6
common_neighbors,1168,1,0.1
common_neighbors,1169,2,0.2
common_neighbors,1179,1,0.1
common_neighbors,1182,2,0.2
common_neighbors,1183,1,0.1
common_neighbors,1184,4,0.4
common_neighbors,1185,4,0.4
common_neighbors,1187,1,0.1
common_neighbors,1188,1,0.1
common_neighbors,1190,1,0.1
common_neighbors,1193,4,0.4
common_neighbors,1196,2,0.2
common_neighbors,1199,1,0.1
common_neighbors,1200,7,0.7
common_neighbors,1201,7,0.7
common_neighbors,1202,7,0.7
common_neighbors,1203,3,0.3
common_neighbors,1204,4,0.4
common_neighbors,1207,2,0.2
common_neighbors,1210,8,0.8
common_neighbors,1211,6,0.6
common_neighbors,1214,1,0.1
common_neighbors,1215,5,0.5
common_neighbors,1221,7,0.7
common_neighbors,1228,2,0.2
common_neighbors,1230,4,0.4
common_neighbors,1233,1,0.1
common_neighbors,1234,4,0.4
common_neighbors,1235,2,0.2
common_neighbors,1236,9,0.9
common_neighbors,1237,2,0.2
common_neighbors,1239,1,0.1
common_neighbors,1241,5,0.5
common_neighbors,1242,3,0.3
common_neighbors,1243,1,0.1
common_neighbors,1244,1,0.1
common_neighbors,1245,3,0.3
common_neighbors,1246,3,0.3
common_neighbors,1247,6,0.6
common_neighbors,1248,5,0.5
common_neighbors,1252,1,0.1
common_neighbors,1253,5,0.5
common_neighbors,1259,5,0.5
common_neighbors,1267,7,0.7
common_neighbors,1278,7,0.7
common_neighbors,1279,7,0.7
common_neighbors,1281,2,0.2
common_neighbors,1282,1,0.1
common_neighbors,1285,5,0.5
common_neighbors,1286,7,0.7
common_neighbors,1290,4,0.4
common_neighbors,1291,3,0.3
common_neighbors,1292,1,0.1
common_neighbors,1293,3,0.3
common_neighbors,1296,1,0.1
common_neighbors,1297,6,0.6
common_neighbors,1299,2,0.2
common_neighbors,1305,5,0.5
common_neighbors,1306,2,0.2
common_neighbors,1308,1,0.1
common_neighbors,1310,1,0.1
common_neighbors,1315,2,0.2
common_neighbors,1316,1,0.1
common_neighbors,1318,1,0.1
common_neighbors,1319,6,0.6
common_neighbors,1320,2,0.2
common_neighbors,1322,2,0.2
common_neighbors,1326,1,0.1
common_neighbors,1328,1,0.1
common_neighbors,1331,1,0.1
common_neighbors,1333,1,0.1
common_neighbors,1335,5,0.5
common_neighbors,1336,2,0.2
common_neighbors,1340,1,0.1
common_neighbors,1343,1,0.1
common_neighbors,1349,1,0.1
common_neighbors,1350,8,0.8
common_neighbors,1352,6,0.6
common_neighbors,1353,6,0.6
common_neighbors,1354,2,0.2
common_neighbors,1355,1,0.1
common_neighbors,1356,2,0.2
common_neighbors,1357,7,0.7
common_neighbors,1358,4,0.4
common_neighbors,1359,1,0.1
common_neighbors,1360,4,0.4
common_neighbors,1362,1,0.1
common_neighbors,1365,1,0.1
common_neighbors,1367,5,0.5
common_neighbors,1368,3,0.3
common_neighbors,1374,4,0.4
common_neighbors,1375,2,0.2
common_neighbors,1377,9,0.9
common_neighbors,1378,2,0.2
common_neighbors,1380,5,0.5
common_neighbors,1381,4,0.4
common_neighbors,1382,4,0.4
common_neighbors,1383,1,0.1
common_neighbors,1384,3,0.3
common_neighbors,1385,4,0.4
common_neighbors,1386,8,0.8
common_neighbors,1390,5,0.5
common_neighbors,1393,1,0.1
common_neighbors,1394,2,0.2
common_neighbors,1395,8,0.8
common_neighbors,1400,1,0.1
common_neighbors,1406,1,0.1
common_neighbors,1407,1,0.1
common_neighbors,1416,4,0.4
common_neighbors,1419,7,0.7
common_neighbors,1420,2,0.2
common_neighbors,1423,2,0.2
common_neighbors,1424,7,0.7
common_neighbors,1428,7,0.7
common_neighbors,1429,1,0.1
common_neighbors,1430,1,0.1
common_neighbors,1432,1,0.1
common_neighbors,1434,1,0.1
common_neighbors,1439,3,0.3
common_neighbors,1441,5,0.5
common_neighbors,1442,2,0.2
common_neighbors,1446,1,0.1
common_neighbors,1447,2,0.2
common_neighbors,1451,1,0.1
common_neighbors,1457,2,0.2
common_neighbors,1462,0,0.0
common_neighbors,1463,3,0.3
common_neighbors,1465,1,0.1
common_neighbors,1466,4,0.4
common_neighbors,1467,1,0.1
common_neighbors,1468,2,0.2
common_neighbors,1470,4,0.4
common_neighbors,1471,8,0.8
common_neighbors,1473,6,0.6
common_neighbors,1474,1,0.1
common_neighbors,1480,6,0.6
common_neighbors,1482,2,0.2
common_neighbors,1483,8,0.8
common_neighbors,1487,5,0.5
common_neighbors,1489,7,0.7
common_neighbors,1492,9,0.9
common_neighbors,1495,1,0.1
common_neighbors,1496,6,0.6
common_neighbors,1497,8,0.8
common_neighbors,1498,1,0.1
common_neighbors,1499,4,0.4
common_neighbors,1500,5,0.5
common_neighbors,1501,4,0.4
common_neighbors,1503,1,0.1
common_neighbors,1504,2,0.2
common_neighbors,1506,5,0.5
common_neighbors,1507,1,0.1
common_neighbors,1510,2,0.2
common_neighbors,1521,8,0.8
common_neighbors,1522,6,0.6
common_neighbors,1524,1,0.1
common_neighbors,1525,4,0.4
common_neighbors,1526,1,0.1
common_neighbors,1530,1,0.1
common_neighbors,1537,8,0.8
common_neighbors,1538,4,0.4
common_neighbors,1539,0,0.0
common_neighbors,1542,9,0.9
common_neighbors,1547,6,0.6
common_neighbors,1548,1,0.1
common_neighbors,1549,7,0.7
common_neighbors,1550,5,0.5
common_neighbors,1552,6,0.6
common_neighbors,1553,3,0.3
common_neighbors,1555,9,0.9
common_neighbors,1560,1,0.1
common_neighbors,1564,4,0.4
common_neighbors,1565,1,0.1
common_neighbors,1566,7,0.7
common_neighbors,1571,4,0.4
common_neighbors,1582,3,0.3
common_neighbors,1583,6,0.6
common_neighbors,1585,7,0.7
common_neighbors,1589,3,0.3
common_neighbors,1592,7,0.7
common_neighbors,1594,6,0.6
common_neighbors,1596,5,0.5
common_neighbors,1601,1,0.1
common_neighbors,1603,1,0.1
common_neighbors,1604,2,0.2
common_neighbors,1607,1,0.1
common_neighbors,1608,6,0.6
common_neighbors,1610,1,0.1
common_neighbors,1612,9,0.9
common_neighbors,1613,3,0.3
common_neighbors,1614,7,0.7
common_neighbors,1615,6,0.6
common_neighbors,1621,8,0.8
common_neighbors,1622,5,0.5
common_neighbors,1623,2,0.2
common_neighbors,1628,1,0.1
common_neighbors,1631,1,0.1
common_neighbors,1639,5,0.5
common_neighbors,1644,3,0.3
common_neighbors,1646,1,0.1
common_neighbors,1647,5,0.5
common_neighbors,1658,1,0.1
common_neighbors,1661,3,0.3
common_neighbors,1662,1,0.1
common_neighbors,1664,1,0.1
common_neighbors,1667,4,0.4
common_neighbors,1668,2,0.2
common_neighbors,1670,2,0.2
common_neighbors,1674,1,0.1
common_neighbors,1680,2,0.2
common_neighbors,1683,1,0.1
common_neighbors,1684,1,0.1
common_neighbors,1687,3,0.3
common_neighbors,1688,5,0.5
common_neighbors,1691,5,0.5
common_neighbors,1692,2,0.2
common_neighbors,1693,1,0.1
common_neighbors,1697,7,0.7
common_neighbors,1700,7,0.7
common_neighbors,1701,6,0.6
common_neighbors,1705,5,0.5
common_neighbors,1706,1,0.1
common_neighbors,1707,4,0.4
common_neighbors,1711,1,0.1
common_neighbors,1714,2,0.2
common_neighbors,1716,1,0.1
common_neighbors,1717,7,0.7
common_neighbors,1719,2,0.2
common_neighbors,1720,3,0.3
common_neighbors,1722,3,0.3
common_neighbors,1729,4,0.4
common_neighbors,1730,4,0.4
common_neighbors,1732,4,0.4
common_neighbors,1733,4,0.4
common_neighbors,1734,5,0.5
common_neighbors,1737,2,0.2
common_neighbors,1741,3,0.3
common_neighbors,1742,1,0.1
common_neighbors,1748,5,0.5
common_neighbors,1749,7,0.7
common_neighbors,1751,5,0.5
common_neighbors,1754,3,0.3
common_neighbors,1756,5,0.5
common_neighbors,1757,3,0.3
common_neighbors,1759,1,0.1
common_neighbors,1762,5,0.5
common_neighbors,1764,1,0.1
common_neighbors,1766,4,0.4
common_neighbors,1767,2,0.2
common_neighbors,1769,4,0.4
common_neighbors,1772,8,0.8
common_neighbors,1777,1,0.1
common_neighbors,1778,2,0.2
common_neighbors,1781,1,0.1
common_neighbors,1782,1,0.1
common_neighbors,1783,7,0.7
common_neighbors,1789,0,0.0
common_neighbors,1792,5,0.5
common_neighbors,1794,4,0.4
common_neighbors,1795,4,0.4
common_neighbors,1796,5,0.5
common_neighbors,1799,5,0.5
common_neighbors,1800,3,0.3
common_neighbors,1803,4,0.4
common_neighbors,1807,1,0.1
common_neighbors,1808,7,0.7
common_neighbors,1809,1,0.1
common_neighbors,1811,2,0.2
common_neighbors,1812,1,0.1
common_neighbors,1813,7,0.7
common_neighbors,1814,6,0.6
common_neighbors,1816,5,0.5
common_neighbors,1820,8,0.8
common_neighbors,1821,1,0.1
common_neighbors,1822,3,0.3
common_neighbors,1823,1,0.1
common_neighbors,1828,1,0.1
common_neighbors,1830,1,0.1
common_neighbors,1831,1,0.1
common_neighbors,1832,1,0.1
common_neighbors,1833,2,0.2
common_neighbors,1835,8,0.8
common_neighbors,1836,4,0.4
common_neighbors,1837,5,0.5
common_neighbors,1838,6,0.6
common_neighbors,1840,1,0.1
common_neighbors,1847,4,0.4
common_neighbors,1848,5,0.5
common_neighbors,1855,3,0.3
common_neighbors,1857,1,0.1
common_neighbors,1865,1,0.1
common_neighbors,1868,5,0.5
common_neighbors,1874,2,0.2
common_neighbors,1875,4,0.4
common_neighbors,1879,1,0.1
common_neighbors,1885,7,0.7
common_neighbors,1886,1,0.1
common_neighbors,1888,5,0.5
common_neighbors,1891,3,0.3
common_neighbors,1892,1,0.1
common_neighbors,1896,3,0.3
common_neighbors,1899,1,0.1
common_neighbors,1901,1,0.1
common_neighbors,1908,1,0.1
common_neighbors,1912,1,0.1
common_neighbors,1915,2,0.2
common_neighbors,1918,3,0.3
common_neighbors,1919,8,0.8
common_neighbors,1922,7,0.7
common_neighbors,1924,1,0.1
common_neighbors,1925,3,0.3
common_neighbors,1927,1,0.1
common_neighbors,1928,1,0.1
common_neighbors,1931,3,0.3
common_neighbors,1935,2,0.2
common_neighbors,1937,2,0.2
common_neighbors,1940,1,0.1
common_neighbors,1943,1,0.1
common_neighbors,1944,1,0.1
common_neighbors,1945,1,0.1
common_neighbors,1947,3,0.3
common_neighbors,1948,4,0.4
common_neighbors,1951,3,0.3
common_neighbors,1961,1,0.1
common_neighbors,1962,5,0.5
common_neighbors,1964,1,0.1
common_neighbors,1966,4,0.4
common_neighbors,1967,7,0.7
common_neighbors,1972,7,0.7
common_neighbors,1976,3,0.3
common_neighbors,1977,8,0.8
common_neighbors,1979,1,0.1
common_neighbors,1980,5,0.5
common_neighbors,1982,2,0.2
common_neighbors,1984,3,0.3
common_neighbors,1985,7,0.7
common_neighbors,1986,4,0.4
common_neighbors,1990,5,0.5
common_neighbors,1991,5,0.5
common_neighbors,1992,4,0.4
common_neighbors,1993,1,0.1
common_neighbors,1995,2,0.2
common_neighbors,1997,7,0.7
common_neighbors,2001,4,0.4
common_neighbors,2003,5,0.5
common_neighbors,2009,5,0.5
common_neighbors,2010,1,0.1
common_neighbors,2014,4,0.4
common_neighbors,2016,2,0.2
common_neighbors,2033,4,0.4
common_neighbors,2037,1,0.1
common_neighbors,2038,2,0.2
common_neighbors,2041,1,0.1
common_neighbors,2050,1,0.1
common_neighbors,2052,1,0.1
common_neighbors,2054,2,0.2
common_neighbors,2059,1,0.1
common_neighbors,2062,7,0.7
common_neighbors,2063,4,0.4
common_neighbors,2064,1,0.1
common_neighbors,2065,7,0.7
common_neighbors,2067,0,0.0
common_neighbors,2068,2,0.2
common_neighbors,2069,2,0.2
common_neighbors,2071,1,0.1
common_neighbors,2072,6,0.6
common_neighbors,2083,1,0.1
common_neighbors,2084,2,0.2
common_neighbors,2085,2,0.2
common_neighbors,2091,1,0.1
common_neighbors,2092,3,0.3
common_neighbors,2093,3,0.3
common_neighbors,2095,1,0.1
common_neighbors,2097,2,0.2
common_neighbors,2099,3,0.3
common_neighbors,2102,5,0.5
common_neighbors,2103,1,0.1
common_neighbors,2105,1,0.1
common_neighbors,2108,3,0.3
common_neighbors,2109,4,0.4
common_neighbors,2110,0,0.0
common_neighbors,2113,1,0.1
common_neighbors,2114,6,0.6
common_neighbors,2116,2,0.2
common_neighbors,2117,5,0.5
common_neighbors,2118,5,0.5
common_neighbors,2119,1,0.1
common_neighbors,2120,4,0.4
common_neighbors,2125,1,0.1
common_neighbors,2127,1,0.1
common_neighbors,2128,2,0.2
common_neighbors,2129,6,0.6
common_neighbors,2130,2,0.2
common_neighbors,2133,8,0.8
common_neighbors,2134,3,0.3
common_neighbors,2135,7,0.7
common_neighbors,2139,1,0.1
common_neighbors,2141,1,0.1
common_neighbors,2142,1,0.1
common_neighbors,2144,6,0.6
common_neighbors,2145,7,0.7
common_neighbors,2149,1,0.1
common_neighbors,2152,1,0.1
common_neighbors,2156,5,0.5
common_neighbors,2159,3,0.3
common_neighbors,2160,5,0.5
common_neighbors,2161,0,0.0
common_neighbors,2163,1,0.1
common_neighbors,2168,1,0.1
common_neighbors,2169,6,0.6
common_neighbors,2170,1,0.1
common_neighbors,2171,4,0.4
common_neighbors,2172,2,0.2
common_neighbors,2174,7,0.7
common_neighbors,2176,2,0.2
common_neighbors,2177,1,0.1
common_neighbors,2178,1,0.1
common_neighbors,2181,1,0.1
common_neighbors,2186,3,0.3
common_neighbors,2192,1,0.1
common_neighbors,2193,3,0.3
common_neighbors,2196,1,0.1
common_neighbors,2197,1,0.1
common_neighbors,2198,1,0.1
common_neighbors,2206,4,0.4
common_neighbors,2209,3,0.3
common_neighbors,2210,5,0.5
common_neighbors,2215,2,0.2
common_neighbors,2217,2,0.2
common_neighbors,2223,3,0.3
common_neighbors,2225,5,0.5
common_neighbors,2226,2,0.2
common_neighbors,2229,5,0.5
common_neighbors,2230,6,0.6
common_neighbors,2231,1,0.1
common_neighbors,2232,1,0.1
common_neighbors,2233,4,0.4
common_neighbors,2234,5,0.5
common_neighbors,2236,7,0.7
common_neighbors,2237,7,0.7
common_neighbors,2240,7,0.7
common_neighbors,2241,1,0.1
common_neighbors,2246,1,0.1
common_neighbors,2249,3,0.3
common_neighbors,2251,2,0.2
common_neighbors,2252,2,0.2
common_neighbors,2254,1,0.1
common_neighbors,2255,5,0.5
common_neighbors,2256,9,0.9
common_neighbors,2257,4,0.4
common_neighbors,2258,4,0.4
common_neighbors,2264,7,0.7
common_neighbors,2272,4,0.4
common_neighbors,2274,5,0.5
common_neighbors,2276,3,0.3
common_neighbors,2277,3,0.3
common_neighbors,2281,1,0.1
common_neighbors,2282,1,0.1
common_neighbors,2285,5,0.5
common_neighbors,2286,1,0.1
common_neighbors,2289,2,0.2
common_neighbors,2290,6,0.6
common_neighbors,2293,1,0.1
common_neighbors,2294,1,0.1
common_neighbors,2295,1,0.1
common_neighbors,2297,7,0.7
common_neighbors,2298,6,0.6
common_neighbors,2299,4,0.4
common_neighbors,2309,1,0.1
common_neighbors,2314,1,0.1
common_neighbors,2318,1,0.1
common_neighbors,2319,0,0.0
common_neighbors,2321,1,0.1
common_neighbors,2322,1,0.1
common_neighbors,2323,8,0.8
common_neighbors,2326,9,0.9
common_neighbors,2328,5,0.5
common_neighbors,2330,1,0.1
common_neighbors,2332,3,0.3
common_neighbors,2338,1,0.1
common_neighbors,2340,1,0.1
common_neighbors,2342,2,0.2
common_neighbors,2343,1,0.1
common_neighbors,2346,1,0.1
common_neighbors,2349,1,0.1
common_neighbors,2354,1,0.1
common_neighbors,2356,5,0.5
common_neighbors,2357,3,0.3
common_neighbors,2363,1,0.1
common_neighbors,2364,3,0.3
common_neighbors,2365,7,0.7
common_neighbors,2366,1,0.1
common_neighbors,2367,2,0.2
common_neighbors,2368,4,0.4
common_neighbors,2369,6,0.6
common_neighbors,2371,9,0.9
common_neighbors,2375,6,0.6
common_neighbors,2376,5,0.5
common_neighbors,2379,6,0.6
common_neighbors,2381,6,0.6
common_neighbors,2384,5,0.5
common_neighbors,2387,6,0.6
common_neighbors,2393,1,0.1
common_neighbors,2398,6,0.6
common_neighbors,2399,1,0.1
common_neighbors,2402,1,0.1
common_neighbors,2407,1,0.1
common_neighbors,2410,4,0.4
common_neighbors,2411,7,0.7
common_neighbors,2412,1,0.1
common_neighbors,2413,1,0.1
common_neighbors,2414,2,0.2
common_neighbors,2415,1,0.1
common_neighbors,2416,7,0.7
common_neighbors,2417,0,0.0
common_neighbors,2427,2,0.2
common_neighbors,2434,1,0.1
common_neighbors,2435,5,0.5
common_neighbors,2437,1,0.1
common_neighbors,2440,6,0.6
common_neighbors,2444,1,0.1
common_neighbors,2452,6,0.6
common_neighbors,2456,3,0.3
common_neighbors,2467,1,0.1
common_neighbors,2472,6,0.6
common_neighbors,2473,6,0.6
common_neighbors,2474,6,0.6
common_neighbors,2475,1,0.1
common_neighbors,2476,6,0.6
common_neighbors,2478,3,0.3
common_neighbors,2480,1,0.1
common_neighbors,2481,3,0.3
common_neighbors,2482,1,0.1
common_neighbors,2485,7,0.7
common_neighbors,2488,5,0.5
common_neighbors,2493,1,0.1
common_neighbors,2497,5,0.5
common_neighbors,2502,3,0.3
common_neighbors,2504,10,1.0
common_neighbors,2506,6,0.6
common_neighbors,2507,6,0.6
common_neighbors,2508,3,0.3
common_neighbors,2509,2,0.2
common_neighbors,2510,7,0.7
common_neighbors,2511,2,0.2
common_neighbors,2516,5,0.5
common_neighbors,2517,2,0.2
common_neighbors,2518,1,0.1
common_neighbors,2523,1,0.1
common_neighbors,2524,2,0.2
common_neighbors,2531,1,0.1
common_neighbors,2535,4,0.4
common_neighbors,2541,2,0.2
common_neighbors,2542,9,0.9
common_neighbors,2544,2,0.2
common_neighbors,2545,1,0.1
common_neighbors,2546,4,0.4
common_neighbors,2547,9,0.9
common_neighbors,2548,2,0.2
common_neighbors,2549,5,0.5
common_neighbors,2550,3,0.3
common_neighbors,2552,1,0.1
common_neighbors,2555,3,0.3
common_neighbors,2557,4,0.4
common_neighbors,2559,9,0.9
common_neighbors,2560,3,0.3
common_neighbors,2564,4,0.4
common_neighbors,2565,5,0.5
common_neighbors,2566,3,0.3
common_neighbors,2568,2,0.2
common_neighbors,2569,1,0.1
common_neighbors,2572,2,0.2
common_neighbors,2574,1,0.1
common_neighbors,2576,7,0.7
common_neighbors,2577,1,0.1
common_neighbors,2578,2,0.2
common_neighbors,2583,1,0.1
common_neighbors,2585,5,0.5
common_neighbors,2587,3,0.3
common_neighbors,2592,1,0.1
common_neighbors,2593,6,0.6
common_neighbors,2594,8,0.8
common_neighbors,2595,7,0.7
common_neighbors,2596,3,0.3
common_neighbors,2598,1,0.1
common_neighbors,2605,8,0.8
common_neighbors,2607,1,0.1
common_neighbors,2608,3,0.3
common_neighbors,2611,1,0.1
common_neighbors,2612,3,0.3
common_neighbors,2613,4,0.4
common_neighbors,2617,5,0.5
common_neighbors,2618,5,0.5
common_neighbors,2619,4,0.4
common_neighbors,2620,5,0.5
common_neighbors,2621,1,0.1
common_neighbors,2623,4,0.4
common_neighbors,2626,2,0.2
common_neighbors,2645,1,0.1
common_neighbors,2646,2,0.2
common_neighbors,2647,4,0.4
common_neighbors,2651,10,1.0
common_neighbors,2653,7,0.7
common_neighbors,2654,7,0.7
common_neighbors,2655,4,0.4
common_neighbors,2657,6,0.6
common_neighbors,2658,3,0.3
common_neighbors,2659,1,0.1
common_neighbors,2660,5,0.5
common_neighbors,2665,1,0.1
common_neighbors,2667,5,0.5
common_neighbors,2672,5,0.5
common_neighbors,2674,8,0.8
common_neighbors,2677,2,0.2
common_neighbors,2680,2,0.2
common_neighbors,2686,6,0.6
common_neighbors,2687,2,0.2
common_neighbors,2688,6,0.6
common_neighbors,2689,4,0.4
common_neighbors,2690,6,0.6
common_neighbors,2691,6,0.6
common_neighbors,2692,3,0.3
common_neighbors,2693,7,0.7
common_neighbors,2694,4,0.4
common_neighbors,2696,10,1.0
common_neighbors,2697,9,0.9
common_neighbors,2698,1,0.1
common_neighbors,2699,4,0.4
common_neighbors,2700,10,1.0
common_neighbors,2701,4,0.4
common_neighbors,2702,4,0.4
common_neighbors,2703,4,0.4
common_neighbors,2704,5,0.5
common_neighbors,2706,3,0.3
common_neighbors,2707,5,0.5
common_neighbors,2708,2,0.2
common_neighbors,2711,2,0.2
common_neighbors,2713,9,0.9
common_neighbors,2719,4,0.4
common_neighbors,2724,1,0.1
common_neighbors,2727,8,0.8
common_neighbors,2728,1,0.1
common_neighbors,2730,1,0.1
common_neighbors,2736,1,0.1
common_neighbors,2737,3,0.3
common_neighbors,2740,3,0.3
common_neighbors,2744,3,0.3
common_neighbors,2746,2,0.2
common_neighbors,2747,9,0.9
common_neighbors,2752,1,0.1
common_neighbors,2757,1,0.1
common_neighbors,2760,3,0.3
common_neighbors,2765,4,0.4
common_neighbors,2768,7,0.7
common_neighbors,2774,2,0.2
common_neighbors,2775,5,0.5
common_neighbors,2778,2,0.2
common_neighbors,2780,1,0.1
common_neighbors,2789,1,0.1
common_neighbors,2790,8,0.8
common_neighbors,2791,2,0.2
common_neighbors,2792,2,0.2
common_neighbors,2793,1,0.1
common_neighbors,2796,2,0.2
common_neighbors,2799,2,0.2
common_neighbors,2802,1,0.1
common_neighbors,2804,4,0.4
common_neighbors,2807,1,0.1
common_neighbors,2811,2,0.2
common_neighbors,2815,4,0.4
common_neighbors,2819,3,0.3
common_neighbors,2822,3,0.3
common_neighbors,2830,1,0.1
common_neighbors,2831,5,0.5
common_neighbors,2832,3,0.3
common_neighbors,2833,1,0.1
common_neighbors,2834,2,0.2
common_neighbors,2838,2,0.2
common_neighbors,2840,5,0.5
common_neighbors,2842,8,0.8
common_neighbors,2845,1,0.1
common_neighbors,2851,4,0.4
common_neighbors,2852,1,0.1
common_neighbors,2855,2,0.2
common_neighbors,2859,6,0.6
common_neighbors,2860,2,0.2
common_neighbors,2862,1,0.1
common_neighbors,2863,1,0.1
common_neighbors,2866,2,0.2
common_neighbors,2867,1,0.1
common_neighbors,2871,5,0.5
common_neighbors,2872,3,0.3
common_neighbors,2875,1,0.1
common_neighbors,2883,3,0.3
common_neighbors,2885,1,0.1
common_neighbors,2886,1,0.1
common_neighbors,2889,2,0.2
common_neighbors,2898,1,0.1
common_neighbors,2900,6,0.6
common_neighbors,2901,1,0.1
common_neighbors,2903,1,0.1
common_neighbors,2904,6,0.6
common_neighbors,2906,2,0.2
common_neighbors,2907,1,0.1
common_neighbors,2908,2,0.2
common_neighbors,2909,7,0.7
common_neighbors,2912,7,0.7
common_neighbors,2913,1,0.1
common_neighbors,2919,1,0.1
common_neighbors,2923,6,0.6
common_neighbors,2925,2,0.2
common_neighbors,2932,10,1.0
common_neighbors,2933,2,0.2
common_neighbors,2935,3,0.3
common_neighbors,2936,1,0.1
common_neighbors,2939,2,0.2
common_neighbors,2940,3,0.3
common_neighbors,2941,1,0.1
common_neighbors,2947,2,0.2
common_neighbors,2948,3,0.3
common_neighbors,2950,2,0.2
common_neighbors,2951,3,0.3
common_neighbors,2953,2,0.2
common_neighbors,2958,4,0.4
common_neighbors,2964,5,0.5
common_neighbors,2965,1,0.1
common_neighbors,2967,6,0.6
common_neighbors,2968,6,0.6
common_neighbors,2969,1,0.1
common_neighbors,2972,5,0.5
common_neighbors,2974,3,0.3
common_neighbors,2981,7,0.7
common_neighbors,2983,4,0.4
common_neighbors,2985,1,0.1
common_neighbors,2986,2,0.2
common_neighbors,2987,2,0.2
common_neighbors,2988,6,0.6
common_neighbors,2989,2,0.2
common_neighbors,2994,1,0.1
common_neighbors,2995,1,0.1
common_neighbors,2998,2,0.2
common_neighbors,2999,2,0.2
common_neighbors,3000,2,0.2
common_neighbors,3001,1,0.1
common_neighbors,3005,7,0.7
common_neighbors,3006,4,0.4
common_neighbors,3007,5,0.5
common_neighbors,3009,5,0.5
common_neighbors,3010,7,0.7
common_neighbors,3015,2,0.2
common_neighbors,3017,1,0.1
common_neighbors,3018,3,0.3
common_neighbors,3020,7,0.7
common_neighbors,3024,7,0.7
common_neighbors,3025,1,0.1
common_neighbors,3026,8,0.8
common_neighbors,3027,2,0.2
common_neighbors,3028,8,0.8
common_neighbors,3031,7,0.7
common_neighbors,3032,6,0.6
common_neighbors,3033,6,0.6
common_neighbors,3034,7,0.7
common_neighbors,3035,3,0.3
common_neighbors,3036,1,0.1
common_neighbors,3037,1,0.1
common_neighbors,3039,4,0.4
common_neighbors,3040,1,0.1
common_neighbors,3041,1,0.1
common_neighbors,3046,2,0.2
common_neighbors,3047,2,0.2
common_neighbors,3049,1,0.1
common_neighbors,3053,2,0.2
common_neighbors,3055,7,0.7
common_neighbors,3056,7,0.7
common_neighbors,3057,5,0.5
common_neighbors,3059,9,0.9
common_neighbors,3060,1,0.1
common_neighbors,3061,1,0.1
common_neighbors,3062,7,0.7
common_neighbors,3072,0,0.0
common_neighbors,3073,7,0.7
common_neighbors,3075,1,0.1
common_neighbors,3077,2,0.2
common_neighbors,3081,3,0.3
common_neighbors,3083,1,0.1
common_neighbors,3084,3,0.3
common_neighbors,3086,2,0.2
common_neighbors,3087,1,0.1
common_neighbors,3088,2,0.2
common_neighbors,3089,1,0.1
common_neighbors,3092,6,0.6
common_neighbors,3094,1,0.1
common_neighbors,3095,5,0.5
common_neighbors,3098,3,0.3
common_neighbors,3103,1,0.1
common_neighbors,3106,2,0.2
common_neighbors,3107,2,0.2
common_neighbors,3108,2,0.2
common_neighbors,3110,5,0.5
common_neighbors,3120,1,0.1
common_neighbors,3124,1,0.1
common_neighbors,3125,3,0.3
common_neighbors,3127,1,0.1
common_neighbors,3137,1,0.1
common_neighbors,3142,4,0.4
common_neighbors,3144,7,0.7
common_neighbors,3145,2,0.2
common_neighbors,3147,2,0.2
common_neighbors,3148,5,0.5
common_neighbors,3150,1,0.1
common_neighbors,3159,1,0.1
common_neighbors,3168,6,0.6
common_neighbors,3172,1,0.1
common_neighbors,3175,4,0.4
common_neighbors,3176,1,0.1
common_neighbors,3180,6,0.6
common_neighbors,3181,1,0.1
common_neighbors,3185,1,0.1
common_neighbors,3188,4,0.4
common_neighbors,3189,1,0.1
common_neighbors,3190,1,0.1
common_neighbors,3191,8,0.8
common_neighbors,3192,7,0.7
common_neighbors,3196,5,0.5
common_neighbors,3200,2,0.2
common_neighbors,3202,2,0.2
common_neighbors,3208,2,0.2
common_neighbors,3209,3,0.3
common_neighbors,3225,3,0.3
common_neighbors,3227,4,0.4
common_neighbors,3238,5,0.5
common_neighbors,3239,2,0.2
common_neighbors,3247,1,0.1
common_neighbors,3252,8,0.8
common_neighbors,3256,3,0.3
common_neighbors,3258,6,0.6
common_neighbors,3260,1,0.1
common_neighbors,3268,1,0.1
common_neighbors,3272,1,0.1
common_neighbors,3274,7,0.7
common_neighbors,3275,0,0.0
common_neighbors,3276,7,0.7
common_neighbors,3278,1,0.1
common_neighbors,3282,1,0.1
common_neighbors,3284,2,0.2
common_neighbors,3290,4,0.4
common_neighbors,3291,6,0.6
common_neighbors,3292,1,0.1
common_neighbors,3293,1,0.1
common_neighbors,3297,7,0.7
common_neighbors,3301,3,0.3
common_neighbors,3304,5,0.5
common_neighbors,3305,1,0.1
common_neighbors,3306,0,0.0
common_neighbors,3310,7,0.7
common_neighbors,3315,1,0.1
common_neighbors,3317,1,0.1
common_neighbors,3321,3,0.3
common_neighbors,3326,2,0.2
common_neighbors,3333,1,0.1
common_neighbors,3334,2,0.2
common_neighbors,3340,1,0.1
common_neighbors,3343,2,0.2
common_neighbors,3345,5,0.5
common_neighbors,3346,1,0.1
common_neighbors,3348,3,0.3
common_neighbors,3349,1,0.1
common_neighbors,3350,5,0.5
common_neighbors,3352,5,0.5
common_neighbors,3361,1,0.1
common_neighbors,3366,4,0.4
common_neighbors,3373,2,0.2
common_neighbors,3375,4,0.4
common_neighbors,3377,3,0.3
common_neighbors,3378,4,0.4
common_neighbors,3379,5,0.5
common_neighbors,3380,4,0.4
common_neighbors,3381,5,0.5
common_neighbors,3386,2,0.2
common_neighbors,3388,3,0.3
common_neighbors,3390,4,0.4
common_neighbors,3391,1,0.1
common_neighbors,3392,3,0.3
common_neighbors,3393,3,0.3
common_neighbors,3394,9,0.9
common_neighbors,3396,1,0.1
common_neighbors,3402,7,0.7
common_neighbors,3404,7,0.7
common_neighbors,3406,1,0.1
common_neighbors,3417,5,0.5
common_neighbors,3425,0,0.0
common_neighbors,3433,2,0.2
common_neighbors,3435,1,0.1
common_neighbors,3439,7,0.7
common_neighbors,3441,1,0.1
common_neighbors,3443,4,0.4
common_neighbors,3445,3,0.3
common_neighbors,3447,5,0.5
common_neighbors,3449,8,0.8
common_neighbors,3450,4,0.4
common_neighbors,3451,4,0.4
common_neighbors,3452,9,0.9
common_neighbors,3453,10,1.0
common_neighbors,3454,9,0.9
common_neighbors,3455,8,0.8
common_neighbors,3456,8,0.8
common_neighbors,3457,5,0.5
common_neighbors,3458,6,0.6
common_neighbors,3459,6,0.6
common_neighbors,3460,1,0.1
common_neighbors,3461,8,0.8
common_neighbors,3462,5,0.5
common_neighbors,3463,4,0.4
common_neighbors,3466,3,0.3
common_neighbors,3468,1,0.1
common_neighbors,3469,2,0.2
common_neighbors,3470,5,0.5
common_neighbors,3472,2,0.2
common_neighbors,3477,6,0.6
common_neighbors,3478,6,0.6
common_neighbors,3479,7,0.7
common_neighbors,3480,3,0.3
common_neighbors,3481,5,0.5
common_neighbors,3482,4,0.4
common_neighbors,3483,7,0.7
common_neighbors,3488,2,0.2
common_neighbors,3490,1,0.1
common_neighbors,3496,2,0.2
common_neighbors,3498,5,0.5
common_neighbors,3508,4,0.4
common_neighbors,3512,2,0.2
common_neighbors,3515,1,0.1
common_neighbors,3518,1,0.1
common_neighbors,3519,8,0.8
common_neighbors,3520,1,0.1
common_neighbors,3521,5,0.5
common_neighbors,3522,5,0.5
common_neighbors,3523,7,0.7
common_neighbors,3525,3,0.3
common_neighbors,3526,1,0.1
common_neighbors,3527,5,0.5
common_neighbors,3528,1,0.1
common_neighbors,3532,2,0.2
common_neighbors,3535,1,0.1
common_neighbors,3536,1,0.1
common_neighbors,3538,1,0.1
common_neighbors,3539,1,0.1
common_neighbors,3540,1,0.1
common_neighbors,3541,7,0.7
common_neighbors,3542,2,0.2
common_neighbors,3544,1,0.1
common_neighbors,3555,2,0.2
common_neighbors,3556,1,0.1
common_neighbors,3557,1,0.1
common_neighbors,3562,7,0.7
common_neighbors,3567,5,0.5
common_neighbors,3568,9,0.9
common_neighbors,3569,5,0.5
common_neighbors,3571,6,0.6
common_neighbors,3578,1,0.1
common_neighbors,3579,1,0.1
common_neighbors,3586,7,0.7
common_neighbors,3587,2,0.2
common_neighbors,3591,2,0.2
common_neighbors,3593,2,0.2
common_neighbors,3597,4,0.4
common_neighbors,3598,1,0.1
common_neighbors,3600,2,0.2
common_neighbors,3601,6,0.6
common_neighbors,3603,1,0.1
common_neighbors,3607,5,0.5
common_neighbors,3611,2,0.2
common_neighbors,3614,7,0.7
common_neighbors,3615,7,0.7
common_neighbors,3622,2,0.2
common_neighbors,3624,5,0.5
common_neighbors,3630,5,0.5
common_neighbors,3631,8,0.8
common_neighbors,3633,7,0.7
common_neighbors,3634,6,0.6
common_neighbors,3635,7,0.7
common_neighbors,3636,1,0.1
common_neighbors,3637,1,0.1
common_neighbors,3639,1,0.1
common_neighbors,3641,6,0.6
common_neighbors,3642,5,0.5
common_neighbors,3643,6,0.6
common_neighbors,3645,7,0.7
common_neighbors,3647,2,0.2
common_neighbors,3648,1,0.1
common_neighbors,3653,1,0.1
common_neighbors,3655,1,0.1
common_neighbors,3656,1,0.1
common_neighbors,3658,6,0.6
common_neighbors,3659,5,0.5
common_neighbors,3660,5,0.5
common_neighbors,3661,5,0.5
common_neighbors,3662,2,0.2
common_neighbors,3665,2,0.2
common_neighbors,3666,6,0.6
common_neighbors,3678,5,0.5
common_neighbors,3682,6,0.6
common_neighbors,3683,1,0.1
common_neighbors,3689,1,0.1
common_neighbors,3691,5,0.5
common_neighbors,3705,1,0.1
common_neighbors,3709,1,0.1
common_neighbors,3714,3,0.3
common_neighbors,3717,1,0.1
common_neighbors,3719,3,0.3
common_neighbors,3720,2,0.2
common_neighbors,3723,1,0.1
common_neighbors,3724,9,0.9
common_neighbors,3725,1,0.1
common_neighbors,3728,6,0.6
common_neighbors,3729,1,0.1
common_neighbors,3731,1,0.1
common_neighbors,3742,1,0.1
common_neighbors,3743,2,0.2
common_neighbors,3747,0,0.0
common_neighbors,3748,7,0.7
common_neighbors,3749,1,0.1
common_neighbors,3750,1,0.1
common_neighbors,3751,2,0.2
common_neighbors,3752,1,0.1
common_neighbors,3762,1,0.1
common_neighbors,3764,1,0.1
common_neighbors,3766,3,0.3
common_neighbors,3767,2,0.2
common_neighbors,3770,4,0.4
common_neighbors,3775,1,0.1
common_neighbors,3777,2,0.2
common_neighbors,3782,1,0.1
common_neighbors,3785,1,0.1
common_neighbors,3786,6,0.6
common_neighbors,3787,5,0.5
common_neighbors,3792,6,0.6
common_neighbors,3794,6,0.6
common_neighbors,3796,10,1.0
common_neighbors,3798,4,0.4
common_neighbors,3800,1,0.1
common_neighbors,3802,1,0.1
common_neighbors,3803,1,0.1
common_neighbors,3806,5,0.5
common_neighbors,3812,7,0.7
common_neighbors,3813,5,0.5
common_neighbors,3814,7,0.7
common_neighbors,3815,4,0.4
common_neighbors,3819,2,0.2
common_neighbors,3830,4,0.4
common_neighbors,3832,1,0.1
common_neighbors,3833,1,0.1
common_neighbors,3835,3,0.3
common_neighbors,3839,1,0.1
common_neighbors,3842,2,0.2
common_neighbors,3843,5,0.5
common_neighbors,3845,1,0.1
common_neighbors,3851,1,0.1
common_neighbors,3854,8,0.8
common_neighbors,3863,1,0.1
common_neighbors,3869,1,0.1
common_neighbors,3871,1,0.1
common_neighbors,3872,2,0.2
common_neighbors,3873,1,0.1
common_neighbors,3876,1,0.1
common_neighbors,3885,1,0.1
common_neighbors,3889,1,0.1
common_neighbors,3897,3,0.3
common_neighbors,3898,2,0.2
common_neighbors,3902,6,0.6
common_neighbors,3910,5,0.5
common_neighbors,3912,4,0.4
common_neighbors,3916,4,0.4
common_neighbors,3917,5,0.5
common_neighbors,3918,0,0.0
common_neighbors,3919,5,0.5
common_neighbors,3920,2,0.2
common_neighbors,3925,1,0.1
common_neighbors,3930,1,0.1
common_neighbors,3945,1,0.1
common_neighbors,3947,1,0.1
common_neighbors,3948,5,0.5
common_neighbors,3949,5,0.5
common_neighbors,3956,6,0.6
common_neighbors,3958,2,0.2
common_neighbors,3959,1,0.1
common_neighbors,3960,2,0.2
common_neighbors,3961,2,0.2
common_neighbors,3965,5,0.5
common_neighbors,3969,6,0.6
common_neighbors,3971,1,0.1
common_neighbors,3973,3,0.3
common_neighbors,3976,8,0.8
common_neighbors,3977,2,0.2
common_neighbors,3978,1,0.1
common_neighbors,3980,1,0.1
common_neighbors,3982,3,0.3
common_neighbors,3983,1,0.1
common_neighbors,3985,4,0.4
common_neighbors,3989,1,0.1
common_neighbors,3991,0,0.0
common_neighbors,3992,1,0.1
common_neighbors,3995,7,0.7
common_neighbors,4000,0,0.0
common_neighbors,4001,5,0.5
common_neighbors,4006,1,0.1
common_neighbors,4007,2,0.2
common_neighbors,4008,1,0.1
common_neighbors,4013,3,0.3
common_neighbors,4020,1,0.1
common_neighbors,4024,1,0.1
common_neighbors,4027,1,0.1
common_neighbors,4034,0,0.0
common_neighbors,4036,4,0.4
common_neighbors,4039,2,0.2
common_neighbors,4040,8,0.8
common_neighbors,4041,9,0.9
common_neighbors,4042,5,0.5
common_neighbors,4044,5,0.5
common_neighbors,4045,6,0.6
common_neighbors,4046,5,0.5
common_neighbors,4053,1,0.1
common_neighbors,4056,2,0.2
common_neighbors,4059,1,0.1
common_neighbors,4062,0,0.0
common_neighbors,4063,3,0.3
common_neighbors,4065,6,0.6
common_neighbors,4066,1,0.1
common_neighbors,4068,1,0.1
common_neighbors,4070,3,0.3
common_neighbors,4071,3,0.3
common_neighbors,4072,5,0.5
common_neighbors,4073,7,0.7
common_neighbors,4074,6,0.6
common_neighbors,4076,6,0.6
common_neighbors,4077,8,0.8
common_neighbors,4079,1,0.1
common_neighbors,4082,1,0.1
common_neighbors,4099,9,0.9
common_neighbors,4111,1,0.1
common_neighbors,4116,2,0.2
common_neighbors,4119,3,0.3
common_neighbors,4120,1,0.1
common_neighbors,4123,4,0.4
common_neighbors,4124,4,0.4
common_neighbors,4127,8,0.8
common_neighbors,4128,2,0.2
common_neighbors,4133,1,0.1
common_neighbors,4136,2,0.2
common_neighbors,4137,1,0.1
common_neighbors,4138,5,0.5
common_neighbors,4140,0,0.0
common_neighbors,4142,3,0.3
common_neighbors,4144,6,0.6
common_neighbors,4145,1,0.1
common_neighbors,4147,1,0.1
common_neighbors,4148,1,0.1
common_neighbors,4149,1,0.1
common_neighbors,4150,3,0.3
common_neighbors,4151,7,0.7
common_neighbors,4152,7,0.7
common_neighbors,4155,2,0.2
common_neighbors,4159,1,0.1
common_neighbors,4162,3,0.3
common_neighbors,4175,1,0.1
common_neighbors,4186,1,0.1
common_neighbors,4189,1,0.1
common_neighbors,4191,3,0.3
common_neighbors,4192,1,0.1
common_neighbors,4194,1,0.1
common_neighbors,4197,2,0.2
common_neighbors,4199,2,0.2
common_neighbors,4200,1,0.1
common_neighbors,4205,1,0.1
common_neighbors,4211,6,0.6
common_neighbors,4212,6,0.6
common_neighbors,4213,1,0.1
common_neighbors,4214,1,0.1
common_neighbors,4215,1,0.1
common_neighbors,4219,5,0.5
common_neighbors,4221,6,0.6
common_neighbors,4222,3,0.3
common_neighbors,4223,1,0.1
common_neighbors,4224,1,0.1
common_neighbors,4229,1,0.1
common_neighbors,4232,1,0.1
common_neighbors,4233,1,0.1
common_neighbors,4245,1,0.1
common_neighbors,4252,1,0.1
common_neighbors,4255,1,0.1
common_neighbors,4261,5,0.5
common_neighbors,4263,1,0.1
common_neighbors,4273,4,0.4
common_neighbors,4276,6,0.6
common_neighbors,4282,1,0.1
common_neighbors,4290,1,0.1
common_neighbors,4292,1,0.1
common_neighbors,4295,4,0.4
common_neighbors,4297,6,0.6
common_neighbors,4298,2,0.2
common_neighbors,4307,1,0.1
common_neighbors,4308,1,0.1
common_neighbors,4310,6,0.6
common_neighbors,4312,1,0.1
common_neighbors,4313,1,0.1
common_neighbors,4314,1,0.1
common_neighbors,4315,4,0.4
common_neighbors,4316,3,0.3
common_neighbors,4319,1,0.1
common_neighbors,4324,1,0.1
common_neighbors,4326,1,0.1
common_neighbors,4327,1,0.1
common_neighbors,4329,3,0.3
common_neighbors,4335,4,0.4
common_neighbors,4338,5,0.5
common_neighbors,4342,1,0.1
common_neighbors,4343,1,0.1
common_neighbors,4344,1,0.1
common_neighbors,4347,3,0.3
common_neighbors,4351,1,0.1
common_neighbors,4353,8,0.8
common_neighbors,4354,1,0.1
common_neighbors,4355,7,0.7
common_neighbors,4361,2,0.2
common_neighbors,4363,4,0.4
common_neighbors,4364,3,0.3
common_neighbors,4369,1,0.1
common_neighbors,4371,1,0.1
common_neighbors,4375,1,0.1
common_neighbors,4377,2,0.2
common_neighbors,4379,1,0.1
common_neighbors,4383,1,0.1
common_neighbors,4398,1,0.1
common_neighbors,4409,0,0.0
common_neighbors,4415,2,0.2
common_neighbors,4416,1,0.1
common_neighbors,4422,2,0.2
common_neighbors,4428,4,0.4
common_neighbors,4429,1,0.1
common_neighbors,4431,1,0.1
common_neighbors,4432,3,0.3
common_neighbors,4433,5,0.5
common_neighbors,4437,6,0.6
common_neighbors,4438,1,0.1
common_neighbors,4441,5,0.5
common_neighbors,4442,4,0.4
common_neighbors,4443,1,0.1
common_neighbors,4447,1,0.1
common_neighbors,4448,8,0.8
common_neighbors,4451,1,0.1
common_neighbors,4455,4,0.4
common_neighbors,4456,1,0.1
common_neighbors,4460,1,0.1
common_neighbors,4461,1,0.1
common_neighbors,4465,2,0.2
common_neighbors,4468,3,0.3
common_neighbors,4476,0,0.0
common_neighbors,4477,1,0.1
common_neighbors,4482,3,0.3
common_neighbors,4483,5,0.5
common_neighbors,4485,2,0.2
common_neighbors,4486,4,0.4
common_neighbors,4487,3,0.3
common_neighbors,4488,7,0.7
common_neighbors,4489,4,0.4
common_neighbors,4492,1,0.1
common_neighbors,4502,1,0.1
common_neighbors,4509,1,0.1
common_neighbors,4511,2,0.2
common_neighbors,4524,0,0.0
common_neighbors,4526,1,0.1
common_neighbors,4527,1,0.1
common_neighbors,4530,2,0.2
common_neighbors,4531,3,0.3
common_neighbors,4532,0,0.0
common_neighbors,4533,1,0.1
common_neighbors,4534,4,0.4
common_neighbors,4536,7,0.7
common_neighbors,4542,0,0.0
common_neighbors,4547,5,0.5
common_neighbors,4550,5,0.5
common_neighbors,4557,2,0.2
common_neighbors,4560,1,0.1
common_neighbors,4563,1,0.1
common_neighbors,4564,6,0.6
common_neighbors,4566,1,0.1
common_neighbors,4574,6,0.6
common_neighbors,4575,1,0.1
common_neighbors,4576,1,0.1
common_neighbors,4577,1,0.1
common_neighbors,4581,1,0.1
common_neighbors,4582,1,0.1
common_neighbors,4586,1,0.1
common_neighbors,4587,5,0.5
common_neighbors,4588,1,0.1
common_neighbors,4591,1,0.1
common_neighbors,4592,0,0.0
common_neighbors,4595,1,0.1
common_neighbors,4598,4,0.4
common_neighbors,4600,5,0.5
common_neighbors,4602,1,0.1
common_neighbors,4604,1,0.1
common_neighbors,4616,1,0.1
common_neighbors,4626,1,0.1
common_neighbors,4630,1,0.1
common_neighbors,4632,7,0.7
common_neighbors,4633,2,0.2
common_neighbors,4640,1,0.1
common_neighbors,4647,3,0.3
common_neighbors,4651,1,0.1
common_neighbors,4652,1,0.1
common_neighbors,4653,7,0.7
common_neighbors,4655,1,0.1
common_neighbors,4659,1,0.1
common_neighbors,4661,5,0.5
common_neighbors,4662,5,0.5
common_neighbors,4663,1,0.1
common_neighbors,4664,1,0.1
common_neighbors,4665,1,0.1
common_neighbors,4666,3,0.3
common_neighbors,4669,2,0.2
common_neighbors,4671,1,0.1
common_neighbors,4673,6,0.6
common_neighbors,4681,1,0.1
common_neighbors,4682,1,0.1
common_neighbors,4686,6,0.6
common_neighbors,4687,5,0.5
common_neighbors,4688,8,0.8
common_neighbors,4709,4,0.4
common_neighbors,4710,1,0.1
common_neighbors,4712,4,0.4
common_neighbors,4714,1,0.1
common_neighbors,4715,1,0.1
common_neighbors,4717,8,0.8
common_neighbors,4718,3,0.3
common_neighbors,4725,3,0.3
common_neighbors,4726,3,0.3
common_neighbors,4733,1,0.1
common_neighbors,4739,1,0.1
common_neighbors,4741,1,0.1
common_neighbors,4746,3,0.3
common_neighbors,4748,3,0.3
common_neighbors,4749,1,0.1
common_neighbors,4756,5,0.5
common_neighbors,4764,7,0.7
common_neighbors,4767,3,0.3
common_neighbors,4774,1,0.1
common_neighbors,4778,1,0.1
common_neighbors,4781,5,0.5
common_neighbors,4782,1,0.1
common_neighbors,4786,1,0.1
common_neighbors,4788,2,0.2
common_neighbors,4789,1,0.1
common_neighbors,4792,4,0.4
common_neighbors,4795,4,0.4
common_neighbors,4813,6,0.6
common_neighbors,4814,4,0.4
common_neighbors,4818,4,0.4
common_neighbors,4824,3,0.3
common_neighbors,4825,0,0.0
common_neighbors,4828,5,0.5
common_neighbors,4829,6,0.6
common_neighbors,4832,1,0.1
common_neighbors,4833,1,0.1
common_neighbors,4837,1,0.1
common_neighbors,4840,1,0.1
common_neighbors,4842,1,0.1
common_neighbors,4843,2,0.2
common_neighbors,4846,4,0.4
common_neighbors,4853,2,0.2
common_neighbors,4854,1,0.1
common_neighbors,4856,1,0.1
common_neighbors,4859,6,0.6
common_neighbors,4860,1,0.1
common_neighbors,4862,1,0.1
common_neighbors,4874,1,0.1
common_neighbors,4879,4,0.4
common_neighbors,4883,1,0.1
common_neighbors,4884,1,0.1
common_neighbors,4885,3,0.3
common_neighbors,4891,1,0.1
common_neighbors,4893,1,0.1
common_neighbors,4894,4,0.4
common_neighbors,4898,0,0.0
common_neighbors,4899,5,0.5
common_neighbors,4904,1,0.1
common_neighbors,4909,1,0.1
common_neighbors,4912,1,0.1
common_neighbors,4914,1,0.1
common_neighbors,4915,1,0.1
common_neighbors,4922,1,0.1
common_neighbors,4924,3,0.3
common_neighbors,4925,1,0.1
common_neighbors,4926,0,0.0
common_neighbors,4933,1,0.1
common_neighbors,4934,2,0.2
common_neighbors,4937,3,0.3
common_neighbors,4938,6,0.6
common_neighbors,4943,5,0.5
common_neighbors,4944,1,0.1
common_neighbors,4947,1,0.1
common_neighbors,4948,6,0.6
common_neighbors,4960,2,0.2
common_neighbors,4964,8,0.8
common_neighbors,4966,4,0.4
common_neighbors,4967,5,0.5
common_neighbors,4970,1,0.1
common_neighbors,4973,1,0.1
common_neighbors,4974,4,0.4
common_neighbors,4976,3,0.3
common_neighbors,4980,1,0.1
common_neighbors,4981,8,0.8
common_neighbors,4982,5,0.5
common_neighbors,4983,1,0.1
common_neighbors,4988,2,0.2
common_neighbors,4989,1,0.1
common_neighbors,4993,1,0.1
common_neighbors,4994,1,0.1
common_neighbors,5002,9,0.9
common_neighbors,5003,1,0.1
common_neighbors,5006,2,0.2
common_neighbors,5008,3,0.3
common_neighbors,5009,2,0.2
common_neighbors,5010,1,0.1
common_neighbors,5011,3,0.3
common_neighbors,5012,4,0.4
common_neighbors,5013,1,0.1
common_neighbors,5015,1,0.1
common_neighbors,5016,1,0.1
common_neighbors,5017,2,0.2
common_neighbors,5020,6,0.6
common_neighbors,5022,6,0.6
common_neighbors,5028,4,0.4
common_neighbors,5029,5,0.5
common_neighbors,5032,1,0.1
common_neighbors,5037,5,0.5
common_neighbors,5039,2,0.2
common_neighbors,5040,1,0.1
common_neighbors,5048,1,0.1
common_neighbors,5050,1,0.1
common_neighbors,5051,1,0.1
common_neighbors,5053,4,0.4
common_neighbors,5054,1,0.1
common_neighbors,5059,2,0.2
common_neighbors,5061,2,0.2
common_neighbors,5064,1,0.1
common_neighbors,5070,1,0.1
common_neighbors,5072,2,0.2
common_neighbors,5079,8,0.8
common_neighbors,5090,1,0.1
common_neighbors,5096,3,0.3
common_neighbors,5099,1,0.1
common_neighbors,5102,3,0.3
common_neighbors,5103,6,0.6
common_neighbors,5106,4,0.4
common_neighbors,5110,3,0.3
common_neighbors,5111,2,0.2
common_neighbors,5114,1,0.1
common_neighbors,5117,1,0.1
common_neighbors,5118,3,0.3
common_neighbors,5119,1,0.1
common_neighbors,5121,2,0.2
common_neighbors,5123,5,0.5
common_neighbors,5125,7,0.7
common_neighbors,5126,1,0.1
common_neighbors,5139,2,0.2
common_neighbors,5140,7,0.7
common_neighbors,5142,1,0.1
common_neighbors,5143,1,0.1
common_neighbors,5150,2,0.2
common_neighbors,5152,1,0.1
common_neighbors,5154,1,0.1
common_neighbors,5155,3,0.3
common_neighbors,5160,1,0.1
common_neighbors,5164,1,0.1
common_neighbors,5166,6,0.6
common_neighbors,5171,6,0.6
common_neighbors,5172,3,0.3
common_neighbors,5173,8,0.8
common_neighbors,5175,6,0.6
common_neighbors,5176,9,0.9
common_neighbors,5177,5,0.5
common_neighbors,5178,2,0.2
common_neighbors,5179,9,0.9
common_neighbors,5180,8,0.8
common_neighbors,5181,4,0.4
common_neighbors,5182,6,0.6
common_neighbors,5184,8,0.8
common_neighbors,5185,6,0.6
common_neighbors,5187,2,0.2
common_neighbors,5188,10,1.0
common_neighbors,5189,6,0.6
common_neighbors,5190,8,0.8
common_neighbors,5191,1,0.1
common_neighbors,5193,2,0.2
common_neighbors,5194,1,0.1
common_neighbors,5195,1,0.1
common_neighbors,5196,3,0.3
common_neighbors,5198,1,0.1
common_neighbors,5199,4,0.4
common_neighbors,5200,2,0.2
common_neighbors,5201,1,0.1
common_neighbors,5202,1,0.1
common_neighbors,5203,2,0.2
common_neighbors,5207,4,0.4
common_neighbors,5215,2,0.2
common_neighbors,5217,3,0.3
common_neighbors,5226,4,0.4
common_neighbors,5232,1,0.1
common_neighbors,5233,4,0.4
common_neighbors,5238,1,0.1
common_neighbors,5239,1,0.1
common_neighbors,5243,1,0.1
common_neighbors,5246,4,0.4
common_neighbors,5247,1,0.1
common_neighbors,5250,1,0.1
common_neighbors,5254,5,0.5
common_neighbors,5255,2,0.2
common_neighbors,5262,4,0.4
common_neighbors,5263,7,0.7
common_neighbors,5264,1,0.1
common_neighbors,5267,1,0.1
common_neighbors,5273,2,0.2
common_neighbors,5276,0,0.0
common_neighbors,5285,5,0.5
common_neighbors,5286,2,0.2
common_neighbors,5289,3,0.3
common_neighbors,5295,4,0.4
common_neighbors,5296,2,0.2
common_neighbors,5301,7,0.7
common_neighbors,5312,2,0.2
common_neighbors,5313,3,0.3
common_neighbors,5316,3,0.3
common_neighbors,5317,3,0.3
common_neighbors,5320,1,0.1
common_neighbors,5321,4,0.4
common_neighbors,5323,1,0.1
common_neighbors,5324,2,0.2
common_neighbors,5329,1,0.1
common_neighbors,5334,0,0.0
common_neighbors,5336,0,0.0
common_neighbors,5342,7,0.7
common_neighbors,5344,1,0.1
common_neighbors,5360,3,0.3
common_neighbors,5361,0,0.0
common_neighbors,5378,6,0.6
common_neighbors,5381,1,0.1
common_neighbors,5382,6,0.6
common_neighbors,5391,3,0.3
common_neighbors,5396,1,0.1
common_neighbors,5399,2,0.2
common_neighbors,5401,1,0.1
common_neighbors,5404,3,0.3
common_neighbors,5405,1,0.1
common_neighbors,5419,0,0.0
common_neighbors,5423,5,0.5
common_neighbors,5427,2,0.2
common_neighbors,5428,1,0.1
common_neighbors,5437,4,0.4
common_neighbors,5439,5,0.5
common_neighbors,5440,1,0.1
common_neighbors,5445,7,0.7
common_neighbors,5446,3,0.3
common_neighbors,5452,2,0.2
common_neighbors,5455,1,0.1
common_neighbors,5457,4,0.4
common_neighbors,5462,1,0.1
common_neighbors,5468,0,0.0
common_neighbors,5472,2,0.2
common_neighbors,5474,1,0.1
common_neighbors,5478,1,0.1
common_neighbors,5479,5,0.5
common_neighbors,5482,2,0.2
common_neighbors,5484,5,0.5
common_neighbors,5485,3,0.3
common_neighbors,5487,4,0.4
common_neighbors,5489,1,0.1
common_neighbors,5495,1,0.1
common_neighbors,5499,2,0.2
common_neighbors,5500,1,0.1
common_neighbors,5501,0,0.0
common_neighbors,5512,1,0.1
common_neighbors,5515,1,0.1
common_neighbors,5516,1,0.1
common_neighbors,5524,8,0.8
common_neighbors,5526,2,0.2
common_neighbors,5528,2,0.2
common_neighbors,5529,5,0.5
common_neighbors,5531,6,0.6
common_neighbors,5532,6,0.6
common_neighbors,5534,2,0.2
common_neighbors,5536,1,0.1
common_neighbors,5543,6,0.6
common_neighbors,5549,2,0.2
common_neighbors,5550,1,0.1
common_neighbors,5551,1,0.1
common_neighbors,5552,2,0.2
common_neighbors,5553,4,0.4
common_neighbors,5562,3,0.3
common_neighbors,5563,1,0.1
common_neighbors,5565,1,0.1
common_neighbors,5577,1,0.1
common_neighbors,5582,6,0.6
common_neighbors,5584,5,0.5
common_neighbors,5589,1,0.1
common_neighbors,5590,1,0.1
common_neighbors,5591,1,0.1
common_neighbors,5596,3,0.3
common_neighbors,5601,1,0.1
common_neighbors,5603,0,0.0
common_neighbors,5604,0,0.0
common_neighbors,5605,2,0.2
common_neighbors,5606,2,0.2
common_neighbors,5608,3,0.3
common_neighbors,5612,6,0.6
common_neighbors,5614,1,0.1
common_neighbors,5616,1,0.1
common_neighbors,5617,4,0.4
common_neighbors,5620,1,0.1
common_neighbors,5624,4,0.4
common_neighbors,5626,3,0.3
common_neighbors,5630,4,0.4
common_neighbors,5639,1,0.1
common_neighbors,5644,4,0.4
common_neighbors,5646,1,0.1
common_neighbors,5647,1,0.1
common_neighbors,5651,1,0.1
common_neighbors,5655,7,0.7
common_neighbors,5656,1,0.1
common_neighbors,5658,1,0.1
common_neighbors,5660,1,0.1
common_neighbors,5662,1,0.1
common_neighbors,5666,1,0.1
common_neighbors,5667,0,0.0
common_neighbors,5668,1,0.1
common_neighbors,5675,0,0.0
common_neighbors,5684,4,0.4
common_neighbors,5686,1,0.1
common_neighbors,5691,5,0.5
common_neighbors,5692,2,0.2
common_neighbors,5696,4,0.4
common_neighbors,5697,7,0.7
common_neighbors,5702,0,0.0
common_neighbors,5704,0,0.0
common_neighbors,5705,2,0.2
common_neighbors,5707,1,0.1
common_neighbors,5708,1,0.1
common_neighbors,5709,2,0.2
common_neighbors,5714,4,0.4
common_neighbors,5721,3,0.3
common_neighbors,5738,3,0.3
common_neighbors,5739,6,0.6
common_neighbors,5741,2,0.2
common_neighbors,5750,1,0.1
common_neighbors,5753,1,0.1
common_neighbors,5760,2,0.2
common_neighbors,5761,1,0.1
common_neighbors,5768,1,0.1
common_neighbors,5770,1,0.1
common_neighbors,5771,4,0.4
common_neighbors,5772,4,0.4
common_neighbors,5773,10,1.0
common_neighbors,5775,2,0.2
common_neighbors,5776,3,0.3
common_neighbors,5783,6,0.6
common_neighbors,5787,4,0.4
common_neighbors,5796,5,0.5
common_neighbors,5798,2,0.2
common_neighbors,5799,5,0.5
common_neighbors,5800,8,0.8
common_neighbors,5802,7,0.7
common_neighbors,5803,1,0.1
common_neighbors,5804,3,0.3
common_neighbors,5805,3,0.3
common_neighbors,5806,3,0.3
common_neighbors,5807,3,0.3
common_neighbors,5808,1,0.1
common_neighbors,5809,4,0.4
common_neighbors,5810,4,0.4
common_neighbors,5811,6,0.6
common_neighbors,5812,8,0.8
common_neighbors,5814,4,0.4
common_neighbors,5815,0,0.0
common_neighbors,5816,5,0.5
common_neighbors,5817,6,0.6
common_neighbors,5818,7,0.7
common_neighbors,5819,5,0.5
common_neighbors,5820,5,0.5
common_neighbors,5821,5,0.5
common_neighbors,5822,5,0.5
common_neighbors,5823,0,0.0
common_neighbors,5824,5,0.5
common_neighbors,5827,4,0.4
common_neighbors,5829,3,0.3
common_neighbors,5834,1,0.1
common_neighbors,5839,6,0.6
common_neighbors,5855,2,0.2
common_neighbors,5857,6,0.6
common_neighbors,5859,0,0.0
common_neighbors,5862,4,0.4
common_neighbors,5871,10,1.0
common_neighbors,5872,4,0.4
common_neighbors,5873,1,0.1
common_neighbors,5877,1,0.1
common_neighbors,5890,1,0.1
common_neighbors,5896,1,0.1
common_neighbors,5902,1,0.1
common_neighbors,5908,2,0.2
common_neighbors,5915,5,0.5
common_neighbors,5916,3,0.3
common_neighbors,5920,1,0.1
common_neighbors,5922,2,0.2
common_neighbors,5923,0,0.0
common_neighbors,5927,0,0.0
common_neighbors,5928,2,0.2
common_neighbors,5930,1,0.1
common_neighbors,5932,4,0.4
common_neighbors,5934,5,0.5
common_neighbors,5935,1,0.1
common_neighbors,5939,1,0.1
common_neighbors,5940,1,0.1
common_neighbors,5945,1,0.1
common_neighbors,5950,2,0.2
common_neighbors,5952,1,0.1
common_neighbors,5960,1,0.1
common_neighbors,5961,2,0.2
common_neighbors,5981,1,0.1
common_neighbors,5982,0,0.0
common_neighbors,5984,1,0.1
common_neighbors,5988,0,0.0
common_neighbors,5998,6,0.6
common_neighbors,5999,4,0.4
common_neighbors,6000,1,0.1
common_neighbors,6001,1,0.1
common_neighbors,6004,2,0.2
common_neighbors,6006,6,0.6
common_neighbors,6007,1,0.1
common_neighbors,6016,3,0.3
common_neighbors,6017,1,0.1
common_neighbors,6020,4,0.4
common_neighbors,6023,7,0.7
common_neighbors,6024,4,0.4
common_neighbors,6031,1,0.1
common_neighbors,6032,7,0.7
common_neighbors,6038,1,0.1
common_neighbors,6043,8,0.8
common_neighbors,6045,1,0.1
common_neighbors,6046,1,0.1
common_neighbors,6047,1,0.1
common_neighbors,6049,1,0.1
common_neighbors,6068,5,0.5
common_neighbors,6072,4,0.4
common_neighbors,6075,4,0.4
common_neighbors,6082,1,0.1
common_neighbors,6093,1,0.1
common_neighbors,6094,3,0.3
common_neighbors,6097,6,0.6
common_neighbors,6108,1,0.1
common_neighbors,6121,1,0.1
common_neighbors,6123,2,0.2
common_neighbors,6126,1,0.1
common_neighbors,6132,1,0.1
common_neighbors,6134,2,0.2
common_neighbors,6135,1,0.1
common_neighbors,6146,1,0.1
common_neighbors,6151,2,0.2
common_neighbors,6156,4,0.4
common_neighbors,6160,1,0.1
common_neighbors,6165,1,0.1
common_neighbors,6169,1,0.1
common_neighbors,6170,3,0.3
common_neighbors,6176,1,0.1
common_neighbors,6179,1,0.1
common_neighbors,6182,1,0.1
common_neighbors,6184,1,0.1
common_neighbors,6190,1,0.1
common_neighbors,6196,1,0.1
common_neighbors,6198,4,0.4
common_neighbors,6202,0,0.0
common_neighbors,6204,2,0.2
common_neighbors,6208,1,0.1
common_neighbors,6213,1,0.1
common_neighbors,6216,1,0.1
common_neighbors,6217,3,0.3
common_neighbors,6218,6,0.6
common_neighbors,6220,3,0.3
common_neighbors,6221,5,0.5
common_neighbors,6223,1,0.1
common_neighbors,6227,1,0.1
common_neighbors,6229,3,0.3
common_neighbors,6230,1,0.1
common_neighbors,6239,1,0.1
common_neighbors,6241,5,0.5
common_neighbors,6242,1,0.1
common_neighbors,6243,6,0.6
common_neighbors,6245,1,0.1
common_neighbors,6252,1,0.1
common_neighbors,6263,1,0.1
common_neighbors,6270,8,0.8
common_neighbors,6271,1,0.1
common_neighbors,6272,9,0.9
common_neighbors,6274,1,0.1
common_neighbors,6280,6,0.6
common_neighbors,6298,1,0.1
common_neighbors,6299,10,1.0
common_neighbors,6305,7,0.7
common_neighbors,6312,1,0.1
common_neighbors,6314,0,0.0
common_neighbors,6316,5,0.5
common_neighbors,6317,1,0.1
common_neighbors,6320,6,0.6
common_neighbors,6323,5,0.5
common_neighbors,6324,1,0.1
common_neighbors,6325,1,0.1
common_neighbors,6326,1,0.1
common_neighbors,6327,7,0.7
common_neighbors,6330,1,0.1
common_neighbors,6331,0,0.0
common_neighbors,6333,1,0.1
common_neighbors,6334,2,0.2
common_neighbors,6339,1,0.1
common_neighbors,6344,1,0.1
common_neighbors,6346,1,0.1
common_neighbors,6347,3,0.3
common_neighbors,6356,1,0.1
common_neighbors,6359,6,0.6
common_neighbors,6360,3,0.3
common_neighbors,6367,1,0.1
common_neighbors,6377,2,0.2
common_neighbors,6381,1,0.1
common_neighbors,6383,1,0.1
common_neighbors,6394,1,0.1
common_neighbors,6398,3,0.3
common_neighbors,6406,0,0.0
common_neighbors,6414,4,0.4
common_neighbors,6415,1,0.1
common_neighbors,6416,1,0.1
common_neighbors,6421,4,0.4
common_neighbors,6422,3,0.3
common_neighbors,6443,7,0.7
common_neighbors,6445,0,0.0
common_neighbors,6447,2,0.2
common_neighbors,6458,5,0.5
common_neighbors,6460,6,0.6
common_neighbors,6461,1,0.1
common_neighbors,6467,2,0.2
common_neighbors,6471,1,0.1
common_neighbors,6479,1,0.1
common_neighbors,6483,3,0.3
common_neighbors,6484,1,0.1
common_neighbors,6486,8,0.8
common_neighbors,6488,3,0.3
common_neighbors,6491,1,0.1
common_neighbors,6494,6,0.6
common_neighbors,6500,1,0.1
common_neighbors,6501,4,0.4
common_neighbors,6502,0,0.0
common_neighbors,6503,1,0.1
common_neighbors,6504,1,0.1
common_neighbors,6510,6,0.6
common_neighbors,6517,1,0.1
common_neighbors,6518,5,0.5
common_neighbors,6522,2,0.2
common_neighbors,6523,4,0.4
common_neighbors,6524,1,0.1
common_neighbors,6525,5,0.5
common_neighbors,6526,1,0.1
common_neighbors,6538,3,0.3
common_neighbors,6545,1,0.1
common_neighbors,6546,1,0.1
common_neighbors,6548,2,0.2
common_neighbors,6550,2,0.2
common_neighbors,6551,1,0.1
common_neighbors,6552,6,0.6
common_neighbors,6555,7,0.7
common_neighbors,6560,9,0.9
common_neighbors,6563,7,0.7
common_neighbors,6577,2,0.2
common_neighbors,6595,6,0.6
common_neighbors,6596,4,0.4
common_neighbors,6598,1,0.1
common_neighbors,6605,1,0.1
common_neighbors,6608,3,0.3
common_neighbors,6611,2,0.2
common_neighbors,6612,1,0.1
common_neighbors,6613,1,0.1
common_neighbors,6615,7,0.7
common_neighbors,6616,5,0.5
common_neighbors,6618,8,0.8
common_neighbors,6619,6,0.6
common_neighbors,6620,8,0.8
common_neighbors,6624,6,0.6
common_neighbors,6625,1,0.1
common_neighbors,6626,2,0.2
common_neighbors,6627,4,0.4
common_neighbors,6635,1,0.1
common_neighbors,6636,1,0.1
common_neighbors,6646,0,0.0
common_neighbors,6649,4,0.4
common_neighbors,6655,1,0.1
common_neighbors,6665,4,0.4
common_neighbors,6666,1,0.1
common_neighbors,6671,2,0.2
common_neighbors,6676,0,0.0
common_neighbors,6683,1,0.1
common_neighbors,6695,1,0.1
common_neighbors,6702,3,0.3
common_neighbors,6710,1,0.1
common_neighbors,6712,4,0.4
common_neighbors,6714,7,0.7
common_neighbors,6726,3,0.3
common_neighbors,6736,6,0.6
common_neighbors,6747,0,0.0
common_neighbors,6758,1,0.1
common_neighbors,6759,1,0.1
common_neighbors,6766,0,0.0
common_neighbors,6772,4,0.4
common_neighbors,6774,7,0.7
common_neighbors,6775,1,0.1
common_neighbors,6776,1,0.1
common_neighbors,6779,1,0.1
common_neighbors,6780,2,0.2
common_neighbors,6781,0,0.0
common_neighbors,6784,7,0.7
common_neighbors,6789,3,0.3
common_neighbors,6795,1,0.1
common_neighbors,6804,1,0.1
common_neighbors,6809,1,0.1
common_neighbors,6815,1,0.1
common_neighbors,6822,1,0.1
common_neighbors,6841,1,0.1
common_neighbors,6846,1,0.1
common_neighbors,6848,3,0.3
common_neighbors,6855,2,0.2
common_neighbors,6859,2,0.2
common_neighbors,6861,1,0.1
common_neighbors,6864,1,0.1
common_neighbors,6865,3,0.3
common_neighbors,6866,0,0.0
common_neighbors,6867,1,0.1
common_neighbors,6875,4,0.4
common_neighbors,6880,1,0.1
common_neighbors,6883,1,0.1
common_neighbors,6885,2,0.2
common_neighbors,6889,0,0.0
common_neighbors,6895,1,0.1
common_neighbors,6900,4,0.4
common_neighbors,6902,5,0.5
common_neighbors,6906,5,0.5
common_neighbors,6907,9,0.9
common_neighbors,6912,1,0.1
common_neighbors,6913,7,0.7
common_neighbors,6914,9,0.9
common_neighbors,6916,5,0.5
common_neighbors,6917,1,0.1
common_neighbors,6918,4,0.4
common_neighbors,6924,4,0.4
common_neighbors,6934,9,0.9
common_neighbors,6941,8,0.8
common_neighbors,6945,3,0.3
common_neighbors,6946,6,0.6
common_neighbors,6949,1,0.1
common_neighbors,6951,6,0.6
common_neighbors,6953,1,0.1
common_neighbors,6974,0,0.0
common_neighbors,6975,1,0.1
common_neighbors,6976,5,0.5
common_neighbors,6984,1,0.1
common_neighbors,6991,0,0.0
common_neighbors,6993,8,0.8
common_neighbors,6994,2,0.2
common_neighbors,7005,2,0.2
common_neighbors,7012,2,0.2
common_neighbors,7014,1,0.1
common_neighbors,7019,1,0.1
common_neighbors,7020,1,0.1
common_neighbors,7021,6,0.6
common_neighbors,7026,2,0.2
common_neighbors,7030,1,0.1
common_neighbors,7043,0,0.0
common_neighbors,7045,6,0.6
common_neighbors,7046,5,0.5
common_neighbors,7047,6,0.6
common_neighbors,7049,3,0.3
common_neighbors,7052,7,0.7
common_neighbors,7053,3,0.3
common_neighbors,7054,4,0.4
common_neighbors,7055,3,0.3
common_neighbors,7056,5,0.5
common_neighbors,7057,6,0.6
common_neighbors,7061,1,0.1
common_neighbors,7062,1,0.1
common_neighbors,7063,6,0.6
common_neighbors,7064,1,0.1
common_neighbors,7080,5,0.5
common_neighbors,7086,3,0.3
common_neighbors,7087,0,0.0
common_neighbors,7088,1,0.1
common_neighbors,7092,7,0.7
common_neighbors,7096,2,0.2
common_neighbors,7099,2,0.2
common_neighbors,7100,3,0.3
common_neighbors,7104,2,0.2
common_neighbors,7106,1,0.1
common_neighbors,7109,0,0.0
common_neighbors,7110,1,0.1
common_neighbors,7113,2,0.2
common_neighbors,7116,1,0.1
common_neighbors,7117,1,0.1
common_neighbors,7120,5,0.5
common_neighbors,7126,1,0.1
common_neighbors,7129,2,0.2
common_neighbors,7131,4,0.4
common_neighbors,7132,5,0.5
common_neighbors,7134,1,0.1
common_neighbors,7138,1,0.1
common_neighbors,7139,1,0.1
common_neighbors,7142,1,0.1
common_neighbors,7150,3,0.3
common_neighbors,7153,1,0.1
common_neighbors,7163,0,0.0
common_neighbors,7164,1,0.1
common_neighbors,7171,2,0.2
common_neighbors,7172,1,0.1
common_neighbors,7175,1,0.1
common_neighbors,7184,1,0.1
common_neighbors,7188,3,0.3
common_neighbors,7198,0,0.0
common_neighbors,7199,1,0.1
common_neighbors,7222,1,0.1
common_neighbors,7225,7,0.7
common_neighbors,7226,0,0.0
common_neighbors,7227,2,0.2
common_neighbors,7228,1,0.1
common_neighbors,7229,0,0.0
common_neighbors,7230,1,0.1
common_neighbors,7231,6,0.6
common_neighbors,7233,3,0.3
common_neighbors,7236,6,0.6
common_neighbors,7238,2,0.2
common_neighbors,7239,3,0.3
common_neighbors,7241,6,0.6
common_neighbors,7253,2,0.2
common_neighbors,7260,1,0.1
common_neighbors,7262,1,0.1
common_neighbors,7266,1,0.1
common_neighbors,7270,1,0.1
common_neighbors,7278,0,0.0
common_neighbors,7279,2,0.2
common_neighbors,7280,6,0.6
common_neighbors,7281,0,0.0
common_neighbors,7284,1,0.1
common_neighbors,7293,1,0.1
common_neighbors,7294,7,0.7
common_neighbors,7295,4,0.4
common_neighbors,7298,1,0.1
common_neighbors,7301,5,0.5
common_neighbors,7302,1,0.1
common_neighbors,7317,2,0.2
common_neighbors,7330,1,0.1
common_neighbors,7335,1,0.1
common_neighbors,7341,1,0.1
common_neighbors,7343,2,0.2
common_neighbors,7348,1,0.1
common_neighbors,7350,2,0.2
common_neighbors,7351,2,0.2
common_neighbors,7352,1,0.1
common_neighbors,7362,1,0.1
common_neighbors,7371,0,0.0
common_neighbors,7378,6,0.6
common_neighbors,7383,1,0.1
common_neighbors,7386,4,0.4
common_neighbors,7389,2,0.2
common_neighbors,7390,4,0.4
common_neighbors,7391,4,0.4
common_neighbors,7393,2,0.2
common_neighbors,7394,0,0.0
common_neighbors,7400,2,0.2
common_neighbors,7405,2,0.2
common_neighbors,7409,2,0.2
common_neighbors,7415,1,0.1
common_neighbors,7417,1,0.1
common_neighbors,7421,1,0.1
common_neighbors,7424,1,0.1
common_neighbors,7425,1,0.1
common_neighbors,7428,1,0.1
common_neighbors,7441,0,0.0
common_neighbors,7443,1,0.1
common_neighbors,7449,6,0.6
common_neighbors,7455,0,0.0
common_neighbors,7476,0,0.0
common_neighbors,7490,4,0.4
common_neighbors,7492,0,0.0
common_neighbors,7502,1,0.1
common_neighbors,7511,3,0.3
common_neighbors,7518,1,0.1
common_neighbors,7544,3,0.3
common_neighbors,7554,0,0.0
common_neighbors,7564,6,0.6
common_neighbors,7565,1,0.1
common_neighbors,7569,1,0.1
common_neighbors,7578,6,0.6
common_neighbors,7580,4,0.4
common_neighbors,7586,1,0.1
common_neighbors,7593,1,0.1
common_neighbors,7597,2,0.2
common_neighbors,7598,7,0.7
common_neighbors,7609,1,0.1
common_neighbors,7614,6,0.6
common_neighbors,7623,1,0.1
common_neighbors,7625,1,0.1
common_neighbors,7647,1,0.1
common_neighbors,7649,3,0.3
common_neighbors,7650,0,0.0
common_neighbors,7661,1,0.1
common_neighbors,7665,2,0.2
common_neighbors,7675,2,0.2
common_neighbors,7677,1,0.1
common_neighbors,7678,1,0.1
common_neighbors,7679,5,0.5
common_neighbors,7682,2,0.2
common_neighbors,7685,1,0.1
common_neighbors,7691,5,0.5
common_neighbors,7696,1,0.1
common_neighbors,7697,1,0.1
common_neighbors,7703,1,0.1
common_neighbors,7719,1,0.1
common_neighbors,7727,4,0.4
common_neighbors,7728,0,0.0
common_neighbors,7733,3,0.3
common_neighbors,7736,1,0.1
common_neighbors,7738,1,0.1
common_neighbors,7743,1,0.1
common_neighbors,7744,6,0.6
common_neighbors,7747,1,0.1
common_neighbors,7750,1,0.1
common_neighbors,7753,1,0.1
common_neighbors,7759,1,0.1
common_neighbors,7766,1,0.1
common_neighbors,7768,1,0.1
common_neighbors,7769,1,0.1
common_neighbors,7771,0,0.0
common_neighbors,7772,3,0.3
common_neighbors,7774,4,0.4
common_neighbors,7775,3,0.3
common_neighbors,7779,0,0.0
common_neighbors,7790,0,0.0
common_neighbors,7791,1,0.1
common_neighbors,7792,1,0.1
common_neighbors,7806,1,0.1
common_neighbors,7810,3,0.3
common_neighbors,7812,1,0.1
common_neighbors,7815,1,0.1
common_neighbors,7818,2,0.2
common_neighbors,7833,1,0.1
common_neighbors,7835,1,0.1
common_neighbors,7837,0,0.0
common_neighbors,7842,1,0.1
common_neighbors,7845,1,0.1
common_neighbors,7853,0,0.0
common_neighbors,7856,1,0.1
common_neighbors,7862,2,0.2
common_neighbors,7864,1,0.1
common_neighbors,7865,4,0.4
common_neighbors,7873,0,0.0
common_neighbors,7875,1,0.1
common_neighbors,7877,1,0.1
common_neighbors,7882,1,0.1
common_neighbors,7885,1,0.1
common_neighbors,7900,1,0.1
common_neighbors,7901,2,0.2
common_neighbors,7902,3,0.3
common_neighbors,7903,0,0.0
common_neighbors,7904,2,0.2
common_neighbors,7906,0,0.0
common_neighbors,7907,1,0.1
common_neighbors,7910,1,0.1
common_neighbors,7916,1,0.1
common_neighbors,7919,0,0.0
common_neighbors,7928,1,0.1
common_neighbors,7929,1,0.1
common_neighbors,7933,2,0.2
common_neighbors,7938,1,0.1
common_neighbors,7948,1,0.1
common_neighbors,7964,1,0.1
common_neighbors,7967,1,0.1
common_neighbors,7968,0,0.0
common_neighbors,7969,1,0.1
common_neighbors,7980,1,0.1
common_neighbors,8010,0,0.0
common_neighbors,8012,0,0.0
common_neighbors,8021,0,0.0
common_neighbors,8036,1,0.1
common_neighbors,8042,1,0.1
common_neighbors,8045,0,0.0
common_neighbors,8046,2,0.2
common_neighbors,8047,6,0.6
common_neighbors,8050,1,0.1
common_neighbors,8051,1,0.1
common_neighbors,8053,2,0.2
common_neighbors,8063,0,0.0
common_neighbors,8066,1,0.1
common_neighbors,8069,1,0.1
common_neighbors,8085,5,0.5
common_neighbors,8092,1,0.1
common_neighbors,8094,0,0.0
common_neighbors,8107,1,0.1
common_neighbors,8111,1,0.1
common_neighbors,8145,0,0.0
common_neighbors,8146,1,0.1
common_neighbors,8152,1,0.1
common_neighbors,8156,2,0.2
common_neighbors,8162,1,0.1
common_neighbors,8171,0,0.0
common_neighbors,8173,1,0.1
common_neighbors,8190,0,0.0
common_neighbors,8204,1,0.1
common_neighbors,8211,1,0.1
common_neighbors,8243,1,0.1
common_neighbors,8263,1,0.1
common_neighbors,8270,1,0.1
jaccard,3,3,0.3
jaccard,4,6,0.6
jaccard,5,7,0.7
jaccard,6,6,0.6
jaccard,7,3,0.3
jaccard,8,10,1.0
jaccard,9,5,0.5
jaccard,10,9,0.9
jaccard,11,6,0.6
jaccard,12,5,0.5
jaccard,13,2,0.2
jaccard,14,7,0.7
jaccard,15,3,0.3
jaccard,16,3,0.3
jaccard,17,8,0.8
jaccard,18,1,0.1
jaccard,19,4,0.4
jaccard,20,5,0.5
jaccard,21,3,0.3
jaccard,23,6,0.6
jaccard,24,4,0.4
jaccard,25,7,0.7
jaccard,26,7,0.7
jaccard,27,4,0.4
jaccard,28,10,1.0
jaccard,29,7,0.7
jaccard,31,2,0.2
jaccard,32,1,0.1
jaccard,33,8,0.8
jaccard,34,1,0.1
jaccard,35,9,0.9
jaccard,36,8,0.8
jaccard,37,1,0.1
jaccard,38,2,0.2
jaccard,39,6,0.6
jaccard,40,1,0.1
jaccard,41,5,0.5
jaccard,42,4,0.4
jaccard,43,1,0.1
jaccard,44,2,0.2
jaccard,45,2,0.2
jaccard,46,3,0.3
jaccard,47,6,0.6
jaccard,48,6,0.6
jaccard,49,2,0.2
jaccard,50,2,0.2
jaccard,51,2,0.2
jaccard,53,2,0.2
jaccard,54,2,0.2
jaccard,55,9,0.9
jaccard,56,5,0.5
jaccard,57,1,0.1
jaccard,58,4,0.4
jaccard,59,4,0.4
jaccard,60,2,0.2
jaccard,62,4,0.4
jaccard,66,2,0.2
jaccard,67,2,0.2
jaccard,68,2,0.2
jaccard,71,3,0.3
jaccard,72,6,0.6
jaccard,73,4,0.4
jaccard,74,6,0.6
jaccard,75,5,0.5
jaccard,77,3,0.3
jaccard,78,1,0.1
jaccard,79,6,0.6
jaccard,80,8,0.8
jaccard,81,4,0.4
jaccard,83,2,0.2
jaccard,86,7,0.7
jaccard,87,3,0.3
jaccard,89,4,0.4
jaccard,90,5,0.5
jaccard,92,1,0.1
jaccard,94,5,0.5
jaccard,96,1,0.1
jaccard,99,0,0.0
jaccard,101,4,0.4
jaccard,102,1,0.1
jaccard,103,6,0.6
jaccard,104,5,0.5
jaccard,105,1,0.1
jaccard,109,6,0.6
jaccard,110,5,0.5
jaccard,111,5,0.5
jaccard,113,4,0.4
jaccard,116,1,0.1
jaccard,120,2,0.2
jaccard,121,1,0.1
jaccard,122,6,0.6
jaccard,125,5,0.5
jaccard,126,5,0.5
jaccard,127,5,0.5
jaccard,128,5,0.5
jaccard,129,2,0.2
jaccard,130,5,0.5
jaccard,132,4,0.4
jaccard,133,1,0.1
jaccard,134,1,0.1
jaccard,135,3,0.3
jaccard,136,0,0.0
jaccard,138,6,0.6
jaccard,139,5,0.5
jaccard,140,6,0.6
jaccard,142,4,0.4
jaccard,143,6,0.6
jaccard,145,3,0.3
jaccard,147,7,0.7
jaccard,150,4,0.4
jaccard,151,8,0.8
jaccard,152,2,0.2
jaccard,154,6,0.6
jaccard,155,5,0.5
jaccard,156,1,0.1
jaccard,157,5,0.5
jaccard,158,1,0.1
jaccard,161,3,0.3
jaccard,163,1,0.1
jaccard,164,1,0.1
jaccard,166,3,0.3
jaccard,169,1,0.1
jaccard,171,8,0.8
jaccard,172,7,0.7
jaccard,173,5,0.5
jaccard,175,1,0.1
jaccard,176,8,0.8
jaccard,177,3,0.3
jaccard,178,6,0.6
jaccard,179,3,0.3
jaccard,180,0,0.0
jaccard,181,1,0.1
jaccard,182,6,0.6
jaccard,185,1,0.1
jaccard,187,3,0.3
jaccard,191,2,0.2
jaccard,192,4,0.4
jaccard,193,2,0.2
jaccard,194,2,0.2
jaccard,197,3,0.3
jaccard,199,2,0.2
jaccard,201,5,0.5
jaccard,202,4,0.4
jaccard,203,7,0.7
jaccard,204,2,0.2
jaccard,205,2,0.2
jaccard,208,2,0.2
jaccard,209,1,0.1
jaccard,215,4,0.4
jaccard,216,3,0.3
jaccard,218,1,0.1
jaccard,221,2,0.2
jaccard,222,1,0.1
jaccard,223,5,0.5
jaccard,224,2,0.2
jaccard,226,4,0.4
jaccard,228,1,0.1
jaccard,230,1,0.1
jaccard,231,6,0.6
jaccard,232,3,0.3
jaccard,236,7,0.7
jaccard,237,2,0.2
jaccard,238,1,0.1
jaccard,240,2,0.2
jaccard,241,1,0.1
jaccard,243,1,0.1
jaccard,244,1,0.1
jaccard,247,1,0.1
jaccard,249,1,0.1
jaccard,251,2,0.2
jaccard,254,4,0.4
jaccard,255,8,0.8
jaccard,256,2,0.2
jaccard,258,1,0.1
jaccard,259,6,0.6
jaccard,261,3,0.3
jaccard,263,3,0.3
jaccard,265,2,0.2
jaccard,266,2,0.2
jaccard,268,1,0.1
jaccard,269,2,0.2
jaccard,270,2,0.2
jaccard,275,4,0.4
jaccard,276,3,0.3
jaccard,277,1,0.1
jaccard,280,5,0.5
jaccard,282,8,0.8
jaccard,283,1,0.1
jaccard,284,1,0.1
jaccard,285,1,0.1
jaccard,290,8,0.8
jaccard,291,3,0.3
jaccard,292,1,0.1
jaccard,295,1,0.1
jaccard,296,4,0.4
jaccard,302,2,0.2
jaccard,303,1,0.1
jaccard,304,7,0.7
jaccard,305,1,0.1
jaccard,306,4,0.4
jaccard,307,3,0.3
jaccard,308,8,0.8
jaccard,310,7,0.7
jaccard,311,5,0.5
jaccard,312,9,0.9
jaccard,313,6,0.6
jaccard,315,7,0.7
jaccard,317,10,1.0
jaccard,318,1,0.1
jaccard,319,5,0.5
jaccard,321,6,0.6
jaccard,324,3,0.3
jaccard,325,1,0.1
jaccard,326,1,0.1
jaccard,327,1,0.1
jaccard,328,3,0.3
jaccard,329,1,0.1
jaccard,331,1,0.1
jaccard,333,1,0.1
jaccard,334,5,0.5
jaccard,335,1,0.1
jaccard,336,1,0.1
jaccard,339,8,0.8
jaccard,340,6,0.6
jaccard,341,5,0.5
jaccard,344,2,0.2
jaccard,345,1,0.1
jaccard,346,3,0.3
jaccard,347,2,0.2
jaccard,348,3,0.3
jaccard,351,1,0.1
jaccard,352,1,0.1
jaccard,356,3,0.3
jaccard,363,1,0.1
jaccard,364,2,0.2
jaccard,365,3,0.3
jaccard,366,7,0.7
jaccard,367,1,0.1
jaccard,371,3,0.3
jaccard,374,1,0.1
jaccard,376,4,0.4
jaccard,381,1,0.1
jaccard,383,4,0.4
jaccard,387,4,0.4
jaccard,395,1,0.1
jaccard,398,1,0.1
jaccard,399,2,0.2
jaccard,400,2,0.2
jaccard,403,2,0.2
jaccard,404,2,0.2
jaccard,405,3,0.3
jaccard,406,3,0.3
jaccard,407,8,0.8
jaccard,410,1,0.1
jaccard,412,2,0.2
jaccard,414,1,0.1
jaccard,415,1,0.1
jaccard,416,1,0.1
jaccard,417,1,0.1
jaccard,423,2,0.2
jaccard,424,1,0.1
jaccard,425,5,0.5
jaccard,426,5,0.5
jaccard,427,2,0.2
jaccard,429,1,0.1
jaccard,430,3,0.3
jaccard,432,4,0.4
jaccard,434,1,0.1
jaccard,439,1,0.1
jaccard,440,1,0.1
jaccard,447,3,0.3
jaccard,454,4,0.4
jaccard,455,1,0.1
jaccard,456,1,0.1
jaccard,457,6,0.6
jaccard,458,1,0.1
jaccard,460,2,0.2
jaccard,461,2,0.2
jaccard,465,2,0.2
jaccard,467,3,0.3
jaccard,469,1,0.1
jaccard,479,2,0.2
jaccard,489,1,0.1
jaccard,493,1,0.1
jaccard,495,2,0.2
jaccard,499,3,0.3
jaccard,501,3,0.3
jaccard,511,1,0.1
jaccard,513,1,0.1
jaccard,521,3,0.3
jaccard,525,1,0.1
jaccard,530,2,0.2
jaccard,536,2,0.2
jaccard,545,5,0.5
jaccard,546,4,0.4
jaccard,549,1,0.1
jaccard,553,3,0.3
jaccard,555,1,0.1
jaccard,556,9,0.9
jaccard,559,1,0.1
jaccard,560,3,0.3
jaccard,561,1,0.1
jaccard,564,1,0.1
jaccard,572,1,0.1
jaccard,574,1,0.1
jaccard,579,1,0.1
jaccard,580,4,0.4
jaccard,582,5,0.5
jaccard,583,2,0.2
jaccard,584,1,0.1
jaccard,586,3,0.3
jaccard,587,4,0.4
jaccard,588,6,0.6
jaccard,590,2,0.2
jaccard,592,4,0.4
jaccard,600,5,0.5
jaccard,604,2,0.2
jaccard,606,1,0.1
jaccard,613,1,0.1
jaccard,614,3,0.3
jaccard,615,4,0.4
jaccard,618,1,0.1
jaccard,620,3,0.3
jaccard,624,1,0.1
jaccard,625,2,0.2
jaccard,626,3,0.3
jaccard,633,4,0.4
jaccard,634,5,0.5
jaccard,635,5,0.5
jaccard,637,5,0.5
jaccard,639,4,0.4
jaccard,642,1,0.1
jaccard,643,5,0.5
jaccard,644,7,0.7
jaccard,645,1,0.1
jaccard,646,2,0.2
jaccard,647,5,0.5
jaccard,649,3,0.3
jaccard,650,3,0.3
jaccard,651,1,0.1
jaccard,658,1,0.1
jaccard,659,3,0.3
jaccard,661,1,0.1
jaccard,663,6,0.6
jaccard,664,3,0.3
jaccard,665,2,0.2
jaccard,667,2,0.2
jaccard,668,1,0.1
jaccard,673,2,0.2
jaccard,674,6,0.6
jaccard,677,1,0.1
jaccard,679,1,0.1
jaccard,686,6,0.6
jaccard,688,1,0.1
jaccard,689,0,0.0
jaccard,690,1,0.1
jaccard,691,5,0.5
jaccard,695,5,0.5
jaccard,696,1,0.1
jaccard,697,6,0.6
jaccard,698,3,0.3
jaccard,699,2,0.2
jaccard,701,1,0.1
jaccard,704,6,0.6
jaccard,705,5,0.5
jaccard,706,6,0.6
jaccard,707,10,1.0
jaccard,708,4,0.4
jaccard,710,8,0.8
jaccard,712,4,0.4
jaccard,715,2,0.2
jaccard,717,1,0.1
jaccard,719,1,0.1
jaccard,722,7,0.7
jaccard,724,2,0.2
jaccard,727,1,0.1
jaccard,728,2,0.2
jaccard,730,5,0.5
jaccard,733,2,0.2
jaccard,736,1,0.1
jaccard,737,4,0.4
jaccard,738,1,0.1
jaccard,742,8,0.8
jaccard,744,1,0.1
jaccard,749,4,0.4
jaccard,754,1,0.1
jaccard,759,7,0.7
jaccard,762,6,0.6
jaccard,763,3,0.3
jaccard,764,4,0.4
jaccard,766,3,0.3
jaccard,768,1,0.1
jaccard,769,8,0.8
jaccard,770,1,0.1
jaccard,771,1,0.1
jaccard,772,1,0.1
jaccard,780,1,0.1
jaccard,781,2,0.2
jaccard,782,2,0.2
jaccard,784,6,0.6
jaccard,786,1,0.1
jaccard,787,2,0.2
jaccard,788,4,0.4
jaccard,789,7,0.7
jaccard,791,5,0.5
jaccard,792,1,0.1
jaccard,794,5,0.5
jaccard,795,4,0.4
jaccard,796,1,0.1
jaccard,797,1,0.1
jaccard,798,2,0.2
jaccard,801,2,0.2
jaccard,802,2,0.2
jaccard,803,1,0.1
jaccard,805,8,0.8
jaccard,810,8,0.8
jaccard,812,1,0.1
jaccard,813,9,0.9
jaccard,814,1,0.1
jaccard,815,1,0.1
jaccard,816,2,0.2
jaccard,820,3,0.3
jaccard,822,2,0.2
jaccard,823,2,0.2
jaccard,825,10,1.0
jaccard,826,7,0.7
jaccard,830,1,0.1
jaccard,836,6,0.6
jaccard,838,6,0.6
jaccard,841,7,0.7
jaccard,842,4,0.4
jaccard,844,4,0.4
jaccard,848,2,0.2
jaccard,852,2,0.2
jaccard,853,1,0.1
jaccard,854,3,0.3
jaccard,856,7,0.7
jaccard,859,3,0.3
jaccard,861,5,0.5
jaccard,862,1,0.1
jaccard,863,1,0.1
jaccard,865,7,0.7
jaccard,869,3,0.3
jaccard,870,5,0.5
jaccard,871,7,0.7
jaccard,872,2,0.2
jaccard,879,8,0.8
jaccard,882,1,0.1
jaccard,883,1,0.1
jaccard,885,3,0.3
jaccard,886,1,0.1
jaccard,895,2,0.2
jaccard,896,2,0.2
jaccard,898,1,0.1
jaccard,899,3,0.3
jaccard,900,2,0.2
jaccard,904,8,0.8
jaccard,908,2,0.2
jaccard,909,1,0.1
jaccard,911,5,0.5
jaccard,912,2,0.2
jaccard,913,2,0.2
jaccard,914,1,0.1
jaccard,918,5,0.5
jaccard,920,4,0.4
jaccard,921,1,0.1
jaccard,922,9,0.9
jaccard,926,2,0.2
jaccard,928,3,0.3
jaccard,933,2,0.2
jaccard,935,3,0.3
jaccard,937,7,0.7
jaccard,941,9,0.9
jaccard,943,4,0.4
jaccard,944,2,0.2
jaccard,946,5,0.5
jaccard,947,3,0.3
jaccard,948,4,0.4
jaccard,949,2,0.2
jaccard,950,1,0.1
jaccard,954,3,0.3
jaccard,956,6,0.6
jaccard,959,2,0.2
jaccard,960,4,0.4
jaccard,961,1,0.1
jaccard,962,1,0.1
jaccard,964,1,0.1
jaccard,967,2,0.2
jaccard,968,0,0.0
jaccard,969,1,0.1
jaccard,970,2,0.2
jaccard,971,9,0.9
jaccard,974,4,0.4
jaccard,975,2,0.2
jaccard,978,7,0.7
jaccard,981,3,0.3
jaccard,982,5,0.5
jaccard,984,1,0.1
jaccard,986,5,0.5
jaccard,987,1,0.1
jaccard,988,8,0.8
jaccard,993,9,0.9
jaccard,994,4,0.4
jaccard,996,5,0.5
jaccard,998,4,0.4
jaccard,999,1,0.1
jaccard,1000,3,0.3
jaccard,1003,2,0.2
jaccard,1004,3,0.3
jaccard,1005,2,0.2
jaccard,1006,4,0.4
jaccard,1008,1,0.1
jaccard,1009,2,0.2
jaccard,1010,1,0.1
jaccard,1011,1,0.1
jaccard,1012,2,0.2
jaccard,1013,3,0.3
jaccard,1022,1,0.1
jaccard,1023,2,0.2
jaccard,1024,3,0.3
jaccard,1027,3,0.3
jaccard,1028,1,0.1
jaccard,1029,9,0.9
jaccard,1031,5,0.5
jaccard,1032,4,0.4
jaccard,1034,7,0.7
jaccard,1035,3,0.3
jaccard,1037,3,0.3
jaccard,1038,2,0.2
jaccard,1041,3,0.3
jaccard,1042,3,0.3
jaccard,1043,3,0.3
jaccard,1044,2,0.2
jaccard,1046,6,0.6
jaccard,1050,2,0.2
jaccard,1051,3,0.3
jaccard,1052,1,0.1
jaccard,1055,6,0.6
jaccard,1060,1,0.1
jaccard,1062,5,0.5
jaccard,1063,2,0.2
jaccard,1064,1,0.1
jaccard,1065,1,0.1
jaccard,1066,2,0.2
jaccard,1074,7,0.7
jaccard,1075,6,0.6
jaccard,1078,2,0.2
jaccard,1080,2,0.2
jaccard,1082,1,0.1
jaccard,1083,1,0.1
jaccard,1084,1,0.1
jaccard,1085,1,0.1
jaccard,1086,1,0.1
jaccard,1089,2,0.2
jaccard,1095,1,0.1
jaccard,1097,5,0.5
jaccard,1098,8,0.8
jaccard,1103,1,0.1
jaccard,1111,6,0.6
jaccard,1113,3,0.3
jaccard,1114,8,0.8
jaccard,1124,5,0.5
jaccard,1125,5,0.5
jaccard,1126,1,0.1
jaccard,1127,6,0.6
jaccard,1128,3,0.3
jaccard,1129,5,0.5
jaccard,1132,4,0.4
jaccard,1133,5,0.5
jaccard,1134,1,0.1
jaccard,1135,6,0.6
jaccard,1137,6,0.6
jaccard,1138,2,0.2
jaccard,1139,1,0.1
jaccard,1142,4,0.4
jaccard,1143,2,0.2
jaccard,1144,3,0.3
jaccard,1145,1,0.1
jaccard,1151,5,0.5
jaccard,1156,2,0.2
jaccard,1159,1,0.1
jaccard,1160,5,0.5
jaccard,1164,3,0.3
jaccard,1165,3,0.3
jaccard,1166,7,0.7
jaccard,1167,4,0.4
jaccard,1168,1,0.1
jaccard,1169,2,0.2
jaccard,1179,1,0.1
jaccard,1182,2,0.2
jaccard,1183,1,0.1
jaccard,1184,4,0.4
jaccard,1185,3,0.3
jaccard,1187,1,0.1
jaccard,1188,1,0.1
jaccard,1190,1,0.1
jaccard,1193,4,0.4
jaccard,1196,2,0.2
jaccard,1199,1,0.1
jaccard,1200,6,0.6
jaccard,1201,7,0.7
jaccard,1202,8,0.8
jaccard,1203,3,0.3
jaccard,1204,4,0.4
jaccard,1207,2,0.2
jaccard,1210,7,0.7
jaccard,1211,6,0.6
jaccard,1214,1,0.1
jaccard,1215,3,0.3
jaccard,1221,8,0.8
jaccard,1228,2,0.2
jaccard,1230,4,0.4
jaccard,1233,1,0.1
jaccard,1234,4,0.4
jaccard,1235,2,0.2
jaccard,1236,9,0.9
jaccard,1237,2,0.2
jaccard,1239,1,0.1
jaccard,1241,4,0.4
jaccard,1242,3,0.3
jaccard,1243,1,0.1
jaccard,1244,1,0.1
jaccard,1245,3,0.3
jaccard,1246,3,0.3
jaccard,1247,8,0.8
jaccard,1248,6,0.6
jaccard,1252,1,0.1
jaccard,1253,6,0.6
jaccard,1259,5,0.5
jaccard,1267,8,0.8
jaccard,1278,6,0.6
jaccard,1279,8,0.8
jaccard,1281,2,0.2
jaccard,1282,1,0.1
jaccard,1285,4,0.4
jaccard,1286,6,0.6
jaccard,1290,4,0.4
jaccard,1291,4,0.4
jaccard,1292,1,0.1
jaccard,1293,2,0.2
jaccard,1296,1,0.1
jaccard,1297,6,0.6
jaccard,1299,2,0.2
jaccard,1305,7,0.7
jaccard,1306,2,0.2
jaccard,1308,1,0.1
jaccard,1310,1,0.1
jaccard,1315,2,0.2
jaccard,1316,1,0.1
jaccard,1318,1,0.1
jaccard,1319,6,0.6
jaccard,1320,2,0.2
jaccard,1322,2,0.2
jaccard,1326,1,0.1
jaccard,1328,1,0.1
jaccard,1331,1,0.1
jaccard,1333,1,0.1
jaccard,1335,5,0.5
jaccard,1336,2,0.2
jaccard,1340,1,0.1
jaccard,1343,1,0.1
jaccard,1349,1,0.1
jaccard,1350,9,0.9
jaccard,1352,7,0.7
jaccard,1353,7,0.7
jaccard,1354,2,0.2
jaccard,1355,1,0.1
jaccard,1356,2,0.2
jaccard,1357,7,0.7
jaccard,1358,4,0.4
jaccard,1359,1,0.1
jaccard,1360,3,0.3
jaccard,1362,1,0.1
jaccard,1365,1,0.1
jaccard,1367,3,0.3
jaccard,1368,2,0.2
jaccard,1374,3,0.3
jaccard,1375,2,0.2
jaccard,1377,9,0.9
jaccard,1378,2,0.2
jaccard,1380,6,0.6
jaccard,1381,3,0.3
jaccard,1382,5,0.5
jaccard,1383,1,0.1
jaccard,1384,3,0.3
jaccard,1385,3,0.3
jaccard,1386,7,0.7
jaccard,1390,4,0.4
jaccard,1393,1,0.1
jaccard,1394,2,0.2
jaccard,1395,9,0.9
jaccard,1400,1,0.1
jaccard,1406,1,0.1
jaccard,1407,1,0.1
jaccard,1416,4,0.4
jaccard,1419,7,0.7
jaccard,1420,3,0.3
jaccard,1423,2,0.2
jaccard,1424,6,0.6
jaccard,1428,8,0.8
jaccard,1429,1,0.1
jaccard,1430,1,0.1
jaccard,1432,1,0.1
jaccard,1434,1,0.1
jaccard,1439,3,0.3
jaccard,1441,5,0.5
jaccard,1442,2,0.2
jaccard,1446,1,0.1
jaccard,1447,2,0.2
jaccard,1451,1,0.1
jaccard,1457,2,0.2
jaccard,1462,1,0.1
jaccard,1463,1,0.1
jaccard,1465,1,0.1
jaccard,1466,4,0.4
jaccard,1467,1,0.1
jaccard,1468,2,0.2
jaccard,1470,4,0.4
jaccard,1471,9,0.9
jaccard,1473,5,0.5
jaccard,1474,1,0.1
jaccard,1480,5,0.5
jaccard,1482,2,0.2
jaccard,1483,8,0.8
jaccard,1487,5,0.5
jaccard,1489,8,0.8
jaccard,1492,10,1.0
jaccard,1495,1,0.1
jaccard,1496,8,0.8
jaccard,1497,6,0.6
jaccard,1498,1,0.1
jaccard,1499,4,0.4
jaccard,1500,3,0.3
jaccard,1501,4,0.4
jaccard,1503,1,0.1
jaccard,1504,2,0.2
jaccard,1506,5,0.5
jaccard,1507,1,0.1
jaccard,1510,2,0.2
jaccard,1521,9,0.9
jaccard,1522,3,0.3
jaccard,1524,1,0.1
jaccard,1525,7,0.7
jaccard,1526,1,0.1
jaccard,1530,1,0.1
jaccard,1537,7,0.7
jaccard,1538,5,0.5
jaccard,1539,0,0.0
jaccard,1542,8,0.8
jaccard,1547,5,0.5
jaccard,1548,1,0.1
jaccard,1549,6,0.6
jaccard,1550,5,0.5
jaccard,1552,5,0.5
jaccard,1553,3,0.3
jaccard,1555,8,0.8
jaccard,1560,1,0.1
jaccard,1564,4,0.4
jaccard,1565,1,0.1
jaccard,1566,8,0.8
jaccard,1571,3,0.3
jaccard,1582,3,0.3
jaccard,1583,7,0.7
jaccard,1585,8,0.8
jaccard,1589,3,0.3
jaccard,1592,6,0.6
jaccard,1594,7,0.7
jaccard,1596,4,0.4
jaccard,1601,1,0.1
jaccard,1603,1,0.1
jaccard,1604,2,0.2
jaccard,1607,1,0.1
jaccard,1608,5,0.5
jaccard,1610,1,0.1
jaccard,1612,8,0.8
jaccard,1613,4,0.4
jaccard,1614,7,0.7
jaccard,1615,7,0.7
jaccard,1621,9,0.9
jaccard,1622,5,0.5
jaccard,1623,1,0.1
jaccard,1628,1,0.1
jaccard,1631,1,0.1
jaccard,1639,3,0.3
jaccard,1644,0,0.0
jaccard,1646,1,0.1
jaccard,1647,5,0.5
jaccard,1658,1,0.1
jaccard,1661,1,0.1
jaccard,1662,1,0.1
jaccard,1664,1,0.1
jaccard,1667,4,0.4
jaccard,1668,2,0.2
jaccard,1670,2,0.2
jaccard,1674,1,0.1
jaccard,1680,2,0.2
jaccard,1683,1,0.1
jaccard,1684,1,0.1
jaccard,1687,3,0.3
jaccard,1688,5,0.5
jaccard,1691,1,0.1
jaccard,1692,2,0.2
jaccard,1693,1,0.1
jaccard,1697,5,0.5
jaccard,1700,6,0.6
jaccard,1701,5,0.5
jaccard,1705,7,0.7
jaccard,1706,1,0.1
jaccard,1707,3,0.3
jaccard,1711,1,0.1
jaccard,1714,2,0.2
jaccard,1716,1,0.1
jaccard,1717,4,0.4
jaccard,1719,2,0.2
jaccard,1720,3,0.3
jaccard,1722,5,0.5
jaccard,1729,4,0.4
jaccard,1730,6,0.6
jaccard,1732,4,0.4
jaccard,1733,5,0.5
jaccard,1734,7,0.7
jaccard,1737,2,0.2
jaccard,1741,3,0.3
jaccard,1742,1,0.1
jaccard,1748,2,0.2
jaccard,1749,7,0.7
jaccard,1751,3,0.3
jaccard,1754,3,0.3
jaccard,1756,5,0.5
jaccard,1757,3,0.3
jaccard,1759,1,0.1
jaccard,1762,3,0.3
jaccard,1764,1,0.1
jaccard,1766,4,0.4
jaccard,1767,2,0.2
jaccard,1769,6,0.6
jaccard,1772,9,0.9
jaccard,1777,1,0.1
jaccard,1778,2,0.2
jaccard,1781,1,0.1
jaccard,1782,1,0.1
jaccard,1783,8,0.8
jaccard,1789,0,0.0
jaccard,1792,5,0.5
jaccard,1794,3,0.3
jaccard,1795,3,0.3
jaccard,1796,4,0.4
jaccard,1799,5,0.5
jaccard,1800,3,0.3
jaccard,1803,4,0.4
jaccard,1807,1,0.1
jaccard,1808,8,0.8
jaccard,1809,1,0.1
jaccard,1811,1,0.1
jaccard,1812,1,0.1
jaccard,1813,8,0.8
jaccard,1814,7,0.7
jaccard,1816,4,0.4
jaccard,1820,7,0.7
jaccard,1821,1,0.1
jaccard,1822,3,0.3
jaccard,1823,3,0.3
jaccard,1828,1,0.1
jaccard,1830,1,0.1
jaccard,1831,1,0.1
jaccard,1832,1,0.1
jaccard,1833,2,0.2
jaccard,1835,7,0.7
jaccard,1836,4,0.4
jaccard,1837,5,0.5
jaccard,1838,5,0.5
jaccard,1840,1,0.1
jaccard,1847,5,0.5
jaccard,1848,5,0.5
jaccard,1855,3,0.3
jaccard,1857,1,0.1
jaccard,1865,1,0.1
jaccard,1868,5,0.5
jaccard,1874,2,0.2
jaccard,1875,2,0.2
jaccard,1879,1,0.1
jaccard,1885,6,0.6
jaccard,1886,1,0.1
jaccard,1888,6,0.6
jaccard,1891,2,0.2
jaccard,1892,1,0.1
jaccard,1896,2,0.2
jaccard,1899,1,0.1
jaccard,1901,1,0.1
jaccard,1908,1,0.1
jaccard,1912,1,0.1
jaccard,1915,0,0.0
jaccard,1918,3,0.3
jaccard,1919,8,0.8
jaccard,1922,7,0.7
jaccard,1924,1,0.1
jaccard,1925,3,0.3
jaccard,1927,1,0.1
jaccard,1928,1,0.1
jaccard,1931,3,0.3
jaccard,1935,2,0.2
jaccard,1937,2,0.2
jaccard,1940,1,0.1
jaccard,1943,1,0.1
jaccard,1944,1,0.1
jaccard,1945,1,0.1
jaccard,1947,3,0.3
jaccard,1948,4,0.4
jaccard,1951,4,0.4
jaccard,1961,1,0.1
jaccard,1962,5,0.5
jaccard,1964,1,0.1
jaccard,1966,4,0.4
jaccard,1967,5,0.5
jaccard,1972,7,0.7
jaccard,1976,3,0.3
jaccard,1977,10,1.0
jaccard,1979,1,0.1
jaccard,1980,5,0.5
jaccard,1982,3,0.3
jaccard,1984,3,0.3
jaccard,1985,7,0.7
jaccard,1986,2,0.2
jaccard,1990,5,0.5
jaccard,1991,5,0.5
jaccard,1992,4,0.4
jaccard,1993,1,0.1
jaccard,1995,2,0.2
jaccard,1997,7,0.7
jaccard,2001,3,0.3
jaccard,2003,2,0.2
jaccard,2009,5,0.5
jaccard,2010,1,0.1
jaccard,2014,4,0.4
jaccard,2016,2,0.2
jaccard,2033,2,0.2
jaccard,2037,1,0.1
jaccard,2038,2,0.2
jaccard,2041,1,0.1
jaccard,2050,1,0.1
jaccard,2052,1,0.1
jaccard,2054,2,0.2
jaccard,2059,1,0.1
jaccard,2062,8,0.8
jaccard,2063,4,0.4
jaccard,2064,1,0.1
jaccard,2065,3,0.3
jaccard,2067,0,0.0
jaccard,2068,2,0.2
jaccard,2069,2,0.2
jaccard,2071,1,0.1
jaccard,2072,7,0.7
jaccard,2083,1,0.1
jaccard,2084,2,0.2
jaccard,2085,2,0.2
jaccard,2091,1,0.1
jaccard,2092,3,0.3
jaccard,2093,2,0.2
jaccard,2095,1,0.1
jaccard,2097,2,0.2
jaccard,2099,3,0.3
jaccard,2102,5,0.5
jaccard,2103,1,0.1
jaccard,2105,1,0.1
jaccard,2108,3,0.3
jaccard,2109,3,0.3
jaccard,2110,0,0.0
jaccard,2113,1,0.1
jaccard,2114,6,0.6
jaccard,2116,2,0.2
jaccard,2117,4,0.4
jaccard,2118,5,0.5
jaccard,2119,1,0.1
jaccard,2120,4,0.4
jaccard,2125,1,0.1
jaccard,2127,1,0.1
jaccard,2128,2,0.2
jaccard,2129,6,0.6
jaccard,2130,2,0.2
jaccard,2133,9,0.9
jaccard,2134,3,0.3
jaccard,2135,6,0.6
jaccard,2139,1,0.1
jaccard,2141,1,0.1
jaccard,2142,1,0.1
jaccard,2144,5,0.5
jaccard,2145,6,0.6
jaccard,2149,1,0.1
jaccard,2152,1,0.1
jaccard,2156,5,0.5
jaccard,2159,3,0.3
jaccard,2160,4,0.4
jaccard,2161,0,0.0
jaccard,2163,1,0.1
jaccard,2168,1,0.1
jaccard,2169,6,0.6
jaccard,2170,1,0.1
jaccard,2171,4,0.4
jaccard,2172,2,0.2
jaccard,2174,8,0.8
jaccard,2176,2,0.2
jaccard,2177,1,0.1
jaccard,2178,1,0.1
jaccard,2181,1,0.1
jaccard,2186,3,0.3
jaccard,2192,1,0.1
jaccard,2193,3,0.3
jaccard,2196,1,0.1
jaccard,2197,1,0.1
jaccard,2198,1,0.1
jaccard,2206,3,0.3
jaccard,2209,3,0.3
jaccard,2210,5,0.5
jaccard,2215,2,0.2
jaccard,2217,2,0.2
jaccard,2223,3,0.3
jaccard,2225,5,0.5
jaccard,2226,2,0.2
jaccard,2229,4,0.4
jaccard,2230,4,0.4
jaccard,2231,3,0.3
jaccard,2232,1,0.1
jaccard,2233,4,0.4
jaccard,2234,5,0.5
jaccard,2236,6,0.6
jaccard,2237,7,0.7
jaccard,2240,6,0.6
jaccard,2241,1,0.1
jaccard,2246,1,0.1
jaccard,2249,4,0.4
jaccard,2251,2,0.2
jaccard,2252,2,0.2
jaccard,2254,1,0.1
jaccard,2255,5,0.5
jaccard,2256,9,0.9
jaccard,2257,4,0.4
jaccard,2258,6,0.6
jaccard,2264,6,0.6
jaccard,2272,3,0.3
jaccard,2274,4,0.4
jaccard,2276,3,0.3
jaccard,2277,3,0.3
jaccard,2281,1,0.1
jaccard,2282,1,0.1
jaccard,2285,5,0.5
jaccard,2286,1,0.1
jaccard,2289,2,0.2
jaccard,2290,9,0.9
jaccard,2293,1,0.1
jaccard,2294,1,0.1
jaccard,2295,1,0.1
jaccard,2297,7,0.7
jaccard,2298,5,0.5
jaccard,2299,4,0.4
jaccard,2309,1,0.1
jaccard,2314,1,0.1
jaccard,2318,1,0.1
jaccard,2319,0,0.0
jaccard,2321,1,0.1
jaccard,2322,1,0.1
jaccard,2323,8,0.8
jaccard,2326,8,0.8
jaccard,2328,5,0.5
jaccard,2330,1,0.1
jaccard,2332,3,0.3
jaccard,2338,1,0.1
jaccard,2340,1,0.1
jaccard,2342,2,0.2
jaccard,2343,1,0.1
jaccard,2346,1,0.1
jaccard,2349,1,0.1
jaccard,2354,1,0.1
jaccard,2356,6,0.6
jaccard,2357,3,0.3
jaccard,2363,1,0.1
jaccard,2364,3,0.3
jaccard,2365,6,0.6
jaccard,2366,1,0.1
jaccard,2367,2,0.2
jaccard,2368,3,0.3
jaccard,2369,7,0.7
jaccard,2371,9,0.9
jaccard,2375,6,0.6
jaccard,2376,6,0.6
jaccard,2379,4,0.4
jaccard,2381,5,0.5
jaccard,2384,5,0.5
jaccard,2387,6,0.6
jaccard,2393,1,0.1
jaccard,2398,7,0.7
jaccard,2399,1,0.1
jaccard,2402,1,0.1
jaccard,2407,1,0.1
jaccard,2410,3,0.3
jaccard,2411,8,0.8
jaccard,2412,1,0.1
jaccard,2413,1,0.1
jaccard,2414,2,0.2
jaccard,2415,1,0.1
jaccard,2416,8,0.8
jaccard,2417,0,0.0
jaccard,2427,2,0.2
jaccard,2434,1,0.1
jaccard,2435,5,0.5
jaccard,2437,1,0.1
jaccard,2440,5,0.5
jaccard,2444,1,0.1
jaccard,2452,5,0.5
jaccard,2456,3,0.3
jaccard,2467,1,0.1
jaccard,2472,5,0.5
jaccard,2473,5,0.5
jaccard,2474,7,0.7
jaccard,2475,1,0.1
jaccard,2476,6,0.6
jaccard,2478,3,0.3
jaccard,2480,1,0.1
jaccard,2481,3,0.3
jaccard,2482,1,0.1
jaccard,2485,9,0.9
jaccard,2488,3,0.3
jaccard,2493,1,0.1
jaccard,2497,6,0.6
jaccard,2502,3,0.3
jaccard,2504,10,1.0
jaccard,2506,6,0.6
jaccard,2507,6,0.6
jaccard,2508,3,0.3
jaccard,2509,2,0.2
jaccard,2510,8,0.8
jaccard,2511,2,0.2
jaccard,2516,5,0.5
jaccard,2517,2,0.2
jaccard,2518,1,0.1
jaccard,2523,1,0.1
jaccard,2524,2,0.2
jaccard,2531,1,0.1
jaccard,2535,5,0.5
jaccard,2541,2,0.2
jaccard,2542,9,0.9
jaccard,2544,2,0.2
jaccard,2545,1,0.1
jaccard,2546,4,0.4
jaccard,2547,7,0.7
jaccard,2548,2,0.2
jaccard,2549,5,0.5
jaccard,2550,4,0.4
jaccard,2552,1,0.1
jaccard,2555,3,0.3
jaccard,2557,6,0.6
jaccard,2559,6,0.6
jaccard,2560,4,0.4
jaccard,2564,4,0.4
jaccard,2565,5,0.5
jaccard,2566,3,0.3
jaccard,2568,2,0.2
jaccard,2569,1,0.1
jaccard,2572,2,0.2
jaccard,2574,1,0.1
jaccard,2576,7,0.7
jaccard,2577,1,0.1
jaccard,2578,2,0.2
jaccard,2583,1,0.1
jaccard,2585,6,0.6
jaccard,2587,3,0.3
jaccard,2592,1,0.1
jaccard,2593,6,0.6
jaccard,2594,7,0.7
jaccard,2595,6,0.6
jaccard,2596,3,0.3
jaccard,2598,1,0.1
jaccard,2605,7,0.7
jaccard,2607,1,0.1
jaccard,2608,3,0.3
jaccard,2611,1,0.1
jaccard,2612,3,0.3
jaccard,2613,3,0.3
jaccard,2617,5,0.5
jaccard,2618,5,0.5
jaccard,2619,4,0.4
jaccard,2620,5,0.5
jaccard,2621,1,0.1
jaccard,2623,5,0.5
jaccard,2626,2,0.2
jaccard,2645,1,0.1
jaccard,2646,4,0.4
jaccard,2647,4,0.4
jaccard,2651,10,1.0
jaccard,2653,8,0.8
jaccard,2654,8,0.8
jaccard,2655,4,0.4
jaccard,2657,8,0.8
jaccard,2658,3,0.3
jaccard,2659,1,0.1
jaccard,2660,5,0.5
jaccard,2665,1,0.1
jaccard,2667,6,0.6
jaccard,2672,5,0.5
jaccard,2674,9,0.9
jaccard,2677,2,0.2
jaccard,2680,2,0.2
jaccard,2686,7,0.7
jaccard,2687,2,0.2
jaccard,2688,6,0.6
jaccard,2689,4,0.4
jaccard,2690,3,0.3
jaccard,2691,6,0.6
jaccard,2692,2,0.2
jaccard,2693,7,0.7
jaccard,2694,3,0.3
jaccard,2696,10,1.0
jaccard,2697,8,0.8
jaccard,2698,1,0.1
jaccard,2699,5,0.5
jaccard,2700,9,0.9
jaccard,2701,4,0.4
jaccard,2702,2,0.2
jaccard,2703,4,0.4
jaccard,2704,4,0.4
jaccard,2706,3,0.3
jaccard,2707,5,0.5
jaccard,2708,2,0.2
jaccard,2711,2,0.2
jaccard,2713,8,0.8
jaccard,2719,4,0.4
jaccard,2724,1,0.1
jaccard,2727,6,0.6
jaccard,2728,1,0.1
jaccard,2730,1,0.1
jaccard,2736,1,0.1
jaccard,2737,3,0.3
jaccard,2740,5,0.5
jaccard,2744,3,0.3
jaccard,2746,2,0.2
jaccard,2747,9,0.9
jaccard,2752,1,0.1
jaccard,2757,1,0.1
jaccard,2760,3,0.3
jaccard,2765,4,0.4
jaccard,2768,6,0.6
jaccard,2774,3,0.3
jaccard,2775,5,0.5
jaccard,2778,2,0.2
jaccard,2780,1,0.1
jaccard,2789,1,0.1
jaccard,2790,8,0.8
jaccard,2791,2,0.2
jaccard,2792,2,0.2
jaccard,2793,1,0.1
jaccard,2796,2,0.2
jaccard,2799,2,0.2
jaccard,2802,1,0.1
jaccard,2804,4,0.4
jaccard,2807,1,0.1
jaccard,2811,2,0.2
jaccard,2815,4,0.4
jaccard,2819,3,0.3
jaccard,2822,2,0.2
jaccard,2830,1,0.1
jaccard,2831,5,0.5
jaccard,2832,2,0.2
jaccard,2833,1,0.1
jaccard,2834,2,0.2
jaccard,2838,2,0.2
jaccard,2840,5,0.5
jaccard,2842,7,0.7
jaccard,2845,1,0.1
jaccard,2851,4,0.4
jaccard,2852,1,0.1
jaccard,2855,2,0.2
jaccard,2859,8,0.8
jaccard,2860,2,0.2
jaccard,2862,1,0.1
jaccard,2863,1,0.1
jaccard,2866,2,0.2
jaccard,2867,1,0.1
jaccard,2871,7,0.7
jaccard,2872,4,0.4
jaccard,2875,1,0.1
jaccard,2883,1,0.1
jaccard,2885,1,0.1
jaccard,2886,1,0.1
jaccard,2889,2,0.2
jaccard,2898,1,0.1
jaccard,2900,7,0.7
jaccard,2901,1,0.1
jaccard,2903,1,0.1
jaccard,2904,5,0.5
jaccard,2906,2,0.2
jaccard,2907,1,0.1
jaccard,2908,2,0.2
jaccard,2909,7,0.7
jaccard,2912,7,0.7
jaccard,2913,1,0.1
jaccard,2919,1,0.1
jaccard,2923,6,0.6
jaccard,2925,1,0.1
jaccard,2932,8,0.8
jaccard,2933,2,0.2
jaccard,2935,4,0.4
jaccard,2936,1,0.1
jaccard,2939,2,0.2
jaccard,2940,3,0.3
jaccard,2941,1,0.1
jaccard,2947,2,0.2
jaccard,2948,3,0.3
jaccard,2950,2,0.2
jaccard,2951,3,0.3
jaccard,2953,2,0.2
jaccard,2958,4,0.4
jaccard,2964,5,0.5
jaccard,2965,1,0.1
jaccard,2967,6,0.6
jaccard,2968,5,0.5
jaccard,2969,1,0.1
jaccard,2972,6,0.6
jaccard,2974,4,0.4
jaccard,2981,4,0.4
jaccard,2983,4,0.4
jaccard,2985,1,0.1
jaccard,2986,2,0.2
jaccard,2987,2,0.2
jaccard,2988,5,0.5
jaccard,2989,2,0.2
jaccard,2994,1,0.1
jaccard,2995,1,0.1
jaccard,2998,2,0.2
jaccard,2999,2,0.2
jaccard,3000,2,0.2
jaccard,3001,1,0.1
jaccard,3005,6,0.6
jaccard,3006,4,0.4
jaccard,3007,5,0.5
jaccard,3009,5,0.5
jaccard,3010,8,0.8
jaccard,3015,2,0.2
jaccard,3017,1,0.1
jaccard,3018,3,0.3
jaccard,3020,7,0.7
jaccard,3024,7,0.7
jaccard,3025,1,0.1
jaccard,3026,8,0.8
jaccard,3027,2,0.2
jaccard,3028,8,0.8
jaccard,3031,5,0.5
jaccard,3032,3,0.3
jaccard,3033,7,0.7
jaccard,3034,7,0.7
jaccard,3035,3,0.3
jaccard,3036,1,0.1
jaccard,3037,1,0.1
jaccard,3039,2,0.2
jaccard,3040,1,0.1
jaccard,3041,1,0.1
jaccard,3046,2,0.2
jaccard,3047,2,0.2
jaccard,3049,1,0.1
jaccard,3053,2,0.2
jaccard,3055,5,0.5
jaccard,3056,7,0.7
jaccard,3057,5,0.5
jaccard,3059,9,0.9
jaccard,3060,1,0.1
jaccard,3061,1,0.1
jaccard,3062,6,0.6
jaccard,3072,0,0.0
jaccard,3073,5,0.5
jaccard,3075,1,0.1
jaccard,3077,2,0.2
jaccard,3081,2,0.2
jaccard,3083,1,0.1
jaccard,3084,3,0.3
jaccard,3086,2,0.2
jaccard,3087,1,0.1
jaccard,3088,1,0.1
jaccard,3089,1,0.1
jaccard,3092,7,0.7
jaccard,3094,1,0.1
jaccard,3095,4,0.4
jaccard,3098,3,0.3
jaccard,3103,1,0.1
jaccard,3106,2,0.2
jaccard,3107,2,0.2
jaccard,3108,2,0.2
jaccard,3110,5,0.5
jaccard,3120,1,0.1
jaccard,3124,1,0.1
jaccard,3125,3,0.3
jaccard,3127,1,0.1
jaccard,3137,1,0.1
jaccard,3142,3,0.3
jaccard,3144,7,0.7
jaccard,3145,2,0.2
jaccard,3147,2,0.2
jaccard,3148,4,0.4
jaccard,3150,1,0.1
jaccard,3159,1,0.1
jaccard,3168,5,0.5
jaccard,3172,1,0.1
jaccard,3175,5,0.5
jaccard,3176,1,0.1
jaccard,3180,6,0.6
jaccard,3181,1,0.1
jaccard,3185,1,0.1
jaccard,3188,3,0.3
jaccard,3189,1,0.1
jaccard,3190,1,0.1
jaccard,3191,7,0.7
jaccard,3192,7,0.7
jaccard,3196,5,0.5
jaccard,3200,2,0.2
jaccard,3202,2,0.2
jaccard,3208,2,0.2
jaccard,3209,1,0.1
jaccard,3225,3,0.3
jaccard,3227,2,0.2
jaccard,3238,5,0.5
jaccard,3239,2,0.2
jaccard,3247,1,0.1
jaccard,3252,5,0.5
jaccard,3256,3,0.3
jaccard,3258,7,0.7
jaccard,3260,1,0.1
jaccard,3268,1,0.1
jaccard,3272,1,0.1
jaccard,3274,7,0.7
jaccard,3275,0,0.0
jaccard,3276,7,0.7
jaccard,3278,1,0.1
jaccard,3282,1,0.1
jaccard,3284,2,0.2
jaccard,3290,3,0.3
jaccard,3291,7,0.7
jaccard,3292,1,0.1
jaccard,3293,1,0.1
jaccard,3297,8,0.8
jaccard,3301,3,0.3
jaccard,3304,4,0.4
jaccard,3305,1,0.1
jaccard,3306,0,0.0
jaccard,3310,7,0.7
jaccard,3315,1,0.1
jaccard,3317,1,0.1
jaccard,3321,3,0.3
jaccard,3326,2,0.2
jaccard,3333,1,0.1
jaccard,3334,2,0.2
jaccard,3340,1,0.1
jaccard,3343,2,0.2
jaccard,3345,2,0.2
jaccard,3346,1,0.1
jaccard,3348,3,0.3
jaccard,3349,1,0.1
jaccard,3350,4,0.4
jaccard,3352,7,0.7
jaccard,3361,1,0.1
jaccard,3366,3,0.3
jaccard,3373,2,0.2
jaccard,3375,4,0.4
jaccard,3377,3,0.3
jaccard,3378,4,0.4
jaccard,3379,4,0.4
jaccard,3380,3,0.3
jaccard,3381,7,0.7
jaccard,3386,2,0.2
jaccard,3388,3,0.3
jaccard,3390,3,0.3
jaccard,3391,1,0.1
jaccard,3392,3,0.3
jaccard,3393,3,0.3
jaccard,3394,8,0.8
jaccard,3396,1,0.1
jaccard,3402,4,0.4
jaccard,3404,6,0.6
jaccard,3406,1,0.1
jaccard,3417,6,0.6
jaccard,3425,0,0.0
jaccard,3433,2,0.2
jaccard,3435,1,0.1
jaccard,3439,9,0.9
jaccard,3441,1,0.1
jaccard,3443,4,0.4
jaccard,3445,3,0.3
jaccard,3447,5,0.5
jaccard,3449,6,0.6
jaccard,3450,4,0.4
jaccard,3451,3,0.3
jaccard,3452,10,1.0
jaccard,3453,9,0.9
jaccard,3454,9,0.9
jaccard,3455,8,0.8
jaccard,3456,10,1.0
jaccard,3457,3,0.3
jaccard,3458,5,0.5
jaccard,3459,7,0.7
jaccard,3460,1,0.1
jaccard,3461,8,0.8
jaccard,3462,4,0.4
jaccard,3463,6,0.6
jaccard,3466,1,0.1
jaccard,3468,1,0.1
jaccard,3469,2,0.2
jaccard,3470,6,0.6
jaccard,3472,2,0.2
jaccard,3477,6,0.6
jaccard,3478,3,0.3
jaccard,3479,6,0.6
jaccard,3480,3,0.3
jaccard,3481,5,0.5
jaccard,3482,2,0.2
jaccard,3483,7,0.7
jaccard,3488,2,0.2
jaccard,3490,1,0.1
jaccard,3496,2,0.2
jaccard,3498,5,0.5
jaccard,3508,4,0.4
jaccard,3512,2,0.2
jaccard,3515,1,0.1
jaccard,3518,1,0.1
jaccard,3519,5,0.5
jaccard,3520,1,0.1
jaccard,3521,4,0.4
jaccard,3522,4,0.4
jaccard,3523,6,0.6
jaccard,3525,3,0.3
jaccard,3526,1,0.1
jaccard,3527,6,0.6
jaccard,3528,1,0.1
jaccard,3532,2,0.2
jaccard,3535,1,0.1
jaccard,3536,1,0.1
jaccard,3538,1,0.1
jaccard,3539,1,0.1
jaccard,3540,1,0.1
jaccard,3541,9,0.9
jaccard,3542,2,0.2
jaccard,3544,1,0.1
jaccard,3555,2,0.2
jaccard,3556,1,0.1
jaccard,3557,1,0.1
jaccard,3562,7,0.7
jaccard,3567,5,0.5
jaccard,3568,8,0.8
jaccard,3569,3,0.3
jaccard,3571,5,0.5
jaccard,3578,1,0.1
jaccard,3579,1,0.1
jaccard,3586,7,0.7
jaccard,3587,2,0.2
jaccard,3591,2,0.2
jaccard,3593,3,0.3
jaccard,3597,4,0.4
jaccard,3598,1,0.1
jaccard,3600,2,0.2
jaccard,3601,4,0.4
jaccard,3603,1,0.1
jaccard,3607,3,0.3
jaccard,3611,2,0.2
jaccard,3614,7,0.7
jaccard,3615,7,0.7
jaccard,3622,2,0.2
jaccard,3624,2,0.2
jaccard,3630,5,0.5
jaccard,3631,7,0.7
jaccard,3633,6,0.6
jaccard,3634,5,0.5
jaccard,3635,7,0.7
jaccard,3636,1,0.1
jaccard,3637,1,0.1
jaccard,3639,1,0.1
jaccard,3641,6,0.6
jaccard,3642,5,0.5
jaccard,3643,6,0.6
jaccard,3645,7,0.7
jaccard,3647,2,0.2
jaccard,3648,1,0.1
jaccard,3653,1,0.1
jaccard,3655,1,0.1
jaccard,3656,1,0.1
jaccard,3658,5,0.5
jaccard,3659,5,0.5
jaccard,3660,8,0.8
jaccard,3661,5,0.5
jaccard,3662,2,0.2
jaccard,3665,2,0.2
jaccard,3666,7,0.7
jaccard,3678,4,0.4
jaccard,3682,7,0.7
jaccard,3683,1,0.1
jaccard,3689,1,0.1
jaccard,3691,4,0.4
jaccard,3705,1,0.1
jaccard,3709,1,0.1
jaccard,3714,3,0.3
jaccard,3717,1,0.1
jaccard,3719,3,0.3
jaccard,3720,2,0.2
jaccard,3723,1,0.1
jaccard,3724,9,0.9
jaccard,3725,1,0.1
jaccard,3728,4,0.4
jaccard,3729,1,0.1
jaccard,3731,1,0.1
jaccard,3742,1,0.1
jaccard,3743,2,0.2
jaccard,3747,0,0.0
jaccard,3748,7,0.7
jaccard,3749,1,0.1
jaccard,3750,1,0.1
jaccard,3751,2,0.2
jaccard,3752,1,0.1
jaccard,3762,1,0.1
jaccard,3764,1,0.1
jaccard,3766,3,0.3
jaccard,3767,2,0.2
jaccard,3770,4,0.4
jaccard,3775,1,0.1
jaccard,3777,2,0.2
jaccard,3782,1,0.1
jaccard,3785,1,0.1
jaccard,3786,5,0.5
jaccard,3787,5,0.5
jaccard,3792,7,0.7
jaccard,3794,5,0.5
jaccard,3796,9,0.9
jaccard,3798,3,0.3
jaccard,3800,1,0.1
jaccard,3802,1,0.1
jaccard,3803,1,0.1
jaccard,3806,6,0.6
jaccard,3812,7,0.7
jaccard,3813,6,0.6
jaccard,3814,7,0.7
jaccard,3815,4,0.4
jaccard,3819,2,0.2
jaccard,3830,4,0.4
jaccard,3832,1,0.1
jaccard,3833,1,0.1
jaccard,3835,3,0.3
jaccard,3839,1,0.1
jaccard,3842,1,0.1
jaccard,3843,5,0.5
jaccard,3845,1,0.1
jaccard,3851,1,0.1
jaccard,3854,9,0.9
jaccard,3863,1,0.1
jaccard,3869,1,0.1
jaccard,3871,1,0.1
jaccard,3872,2,0.2
jaccard,3873,1,0.1
jaccard,3876,1,0.1
jaccard,3885,1,0.1
jaccard,3889,1,0.1
jaccard,3897,2,0.2
jaccard,3898,2,0.2
jaccard,3902,6,0.6
jaccard,3910,5,0.5
jaccard,3912,4,0.4
jaccard,3916,3,0.3
jaccard,3917,4,0.4
jaccard,3918,0,0.0
jaccard,3919,4,0.4
jaccard,3920,2,0.2
jaccard,3925,1,0.1
jaccard,3930,1,0.1
jaccard,3945,1,0.1
jaccard,3947,1,0.1
jaccard,3948,4,0.4
jaccard,3949,3,0.3
jaccard,3956,7,0.7
jaccard,3958,2,0.2
jaccard,3959,1,0.1
jaccard,3960,2,0.2
jaccard,3961,2,0.2
jaccard,3965,6,0.6
jaccard,3969,5,0.5
jaccard,3971,1,0.1
jaccard,3973,3,0.3
jaccard,3976,7,0.7
jaccard,3977,2,0.2
jaccard,3978,1,0.1
jaccard,3980,1,0.1
jaccard,3982,3,0.3
jaccard,3983,1,0.1
jaccard,3985,4,0.4
jaccard,3989,1,0.1
jaccard,3991,0,0.0
jaccard,3992,1,0.1
jaccard,3995,6,0.6
jaccard,4000,0,0.0
jaccard,4001,5,0.5
jaccard,4006,1,0.1
jaccard,4007,2,0.2
jaccard,4008,1,0.1
jaccard,4013,3,0.3
jaccard,4020,1,0.1
jaccard,4024,1,0.1
jaccard,4027,1,0.1
jaccard,4034,0,0.0
jaccard,4036,2,0.2
jaccard,4039,2,0.2
jaccard,4040,7,0.7
jaccard,4041,9,0.9
jaccard,4042,4,0.4
jaccard,4044,7,0.7
jaccard,4045,4,0.4
jaccard,4046,4,0.4
jaccard,4053,1,0.1
jaccard,4056,2,0.2
jaccard,4059,1,0.1
jaccard,4062,0,0.0
jaccard,4063,3,0.3
jaccard,4065,7,0.7
jaccard,4066,1,0.1
jaccard,4068,1,0.1
jaccard,4070,5,0.5
jaccard,4071,3,0.3
jaccard,4072,5,0.5
jaccard,4073,6,0.6
jaccard,4074,4,0.4
jaccard,4076,7,0.7
jaccard,4077,6,0.6
jaccard,4079,1,0.1
jaccard,4082,1,0.1
jaccard,4099,9,0.9
jaccard,4111,2,0.2
jaccard,4116,2,0.2
jaccard,4119,3,0.3
jaccard,4120,1,0.1
jaccard,4123,3,0.3
jaccard,4124,4,0.4
jaccard,4127,7,0.7
jaccard,4128,2,0.2
jaccard,4133,1,0.1
jaccard,4136,2,0.2
jaccard,4137,1,0.1
jaccard,4138,6,0.6
jaccard,4140,0,0.0
jaccard,4142,3,0.3
jaccard,4144,4,0.4
jaccard,4145,1,0.1
jaccard,4147,1,0.1
jaccard,4148,1,0.1
jaccard,4149,1,0.1
jaccard,4150,3,0.3
jaccard,4151,7,0.7
jaccard,4152,5,0.5
jaccard,4155,2,0.2
jaccard,4159,1,0.1
jaccard,4162,3,0.3
jaccard,4175,1,0.1
jaccard,4186,1,0.1
jaccard,4189,1,0.1
jaccard,4191,3,0.3
jaccard,4192,1,0.1
jaccard,4194,1,0.1
jaccard,4197,2,0.2
jaccard,4199,2,0.2
jaccard,4200,1,0.1
jaccard,4205,1,0.1
jaccard,4211,6,0.6
jaccard,4212,7,0.7
jaccard,4213,1,0.1
jaccard,4214,1,0.1
jaccard,4215,1,0.1
jaccard,4219,7,0.7
jaccard,4221,7,0.7
jaccard,4222,4,0.4
jaccard,4223,1,0.1
jaccard,4224,1,0.1
jaccard,4229,1,0.1
jaccard,4232,1,0.1
jaccard,4233,1,0.1
jaccard,4245,1,0.1
jaccard,4252,1,0.1
jaccard,4255,1,0.1
jaccard,4261,5,0.5
jaccard,4263,1,0.1
jaccard,4273,4,0.4
jaccard,4276,5,0.5
jaccard,4282,1,0.1
jaccard,4290,1,0.1
jaccard,4292,1,0.1
jaccard,4295,4,0.4
jaccard,4297,6,0.6
jaccard,4298,2,0.2
jaccard,4307,1,0.1
jaccard,4308,1,0.1
jaccard,4310,6,0.6
jaccard,4312,1,0.1
jaccard,4313,1,0.1
jaccard,4314,1,0.1
jaccard,4315,4,0.4
jaccard,4316,3,0.3
jaccard,4319,1,0.1
jaccard,4324,1,0.1
jaccard,4326,1,0.1
jaccard,4327,1,0.1
jaccard,4329,3,0.3
jaccard,4335,4,0.4
jaccard,4338,5,0.5
jaccard,4342,1,0.1
jaccard,4343,1,0.1
jaccard,4344,1,0.1
jaccard,4347,1,0.1
jaccard,4351,1,0.1
jaccard,4353,7,0.7
jaccard,4354,1,0.1
jaccard,4355,7,0.7
jaccard,4361,2,0.2
jaccard,4363,3,0.3
jaccard,4364,3,0.3
jaccard,4369,1,0.1
jaccard,4371,1,0.1
jaccard,4375,1,0.1
jaccard,4377,2,0.2
jaccard,4379,1,0.1
jaccard,4383,1,0.1
jaccard,4398,1,0.1
jaccard,4409,0,0.0
jaccard,4415,2,0.2
jaccard,4416,1,0.1
jaccard,4422,1,0.1
jaccard,4428,4,0.4
jaccard,4429,1,0.1
jaccard,4431,1,0.1
jaccard,4432,3,0.3
jaccard,4433,5,0.5
jaccard,4437,5,0.5
jaccard,4438,1,0.1
jaccard,4441,5,0.5
jaccard,4442,4,0.4
jaccard,4443,1,0.1
jaccard,4447,1,0.1
jaccard,4448,7,0.7
jaccard,4451,1,0.1
jaccard,4455,3,0.3
jaccard,4456,1,0.1
jaccard,4460,1,0.1
jaccard,4461,1,0.1
jaccard,4465,2,0.2
jaccard,4468,3,0.3
jaccard,4476,0,0.0
jaccard,4477,1,0.1
jaccard,4482,3,0.3
jaccard,4483,6,0.6
jaccard,4485,2,0.2
jaccard,4486,4,0.4
jaccard,4487,1,0.1
jaccard,4488,5,0.5
jaccard,4489,3,0.3
jaccard,4492,1,0.1
jaccard,4502,1,0.1
jaccard,4509,1,0.1
jaccard,4511,2,0.2
jaccard,4524,0,0.0
jaccard,4526,1,0.1
jaccard,4527,1,0.1
jaccard,4530,2,0.2
jaccard,4531,3,0.3
jaccard,4532,0,0.0
jaccard,4533,1,0.1
jaccard,4534,4,0.4
jaccard,4536,6,0.6
jaccard,4542,0,0.0
jaccard,4547,6,0.6
jaccard,4550,3,0.3
jaccard,4557,2,0.2
jaccard,4560,1,0.1
jaccard,4563,1,0.1
jaccard,4564,3,0.3
jaccard,4566,1,0.1
jaccard,4574,6,0.6
jaccard,4575,1,0.1
jaccard,4576,1,0.1
jaccard,4577,1,0.1
jaccard,4581,1,0.1
jaccard,4582,1,0.1
jaccard,4586,1,0.1
jaccard,4587,5,0.5
jaccard,4588,1,0.1
jaccard,4591,1,0.1
jaccard,4592,0,0.0
jaccard,4595,1,0.1
jaccard,4598,5,0.5
jaccard,4600,5,0.5
jaccard,4602,1,0.1
jaccard,4604,1,0.1
jaccard,4616,1,0.1
jaccard,4626,1,0.1
jaccard,4630,1,0.1
jaccard,4632,7,0.7
jaccard,4633,2,0.2
jaccard,4640,1,0.1
jaccard,4647,1,0.1
jaccard,4651,1,0.1
jaccard,4652,1,0.1
jaccard,4653,7,0.7
jaccard,4655,1,0.1
jaccard,4659,1,0.1
jaccard,4661,5,0.5
jaccard,4662,5,0.5
jaccard,4663,1,0.1
jaccard,4664,1,0.1
jaccard,4665,1,0.1
jaccard,4666,3,0.3
jaccard,4669,2,0.2
jaccard,4671,1,0.1
jaccard,4673,6,0.6
jaccard,4681,1,0.1
jaccard,4682,1,0.1
jaccard,4686,5,0.5
jaccard,4687,6,0.6
jaccard,4688,6,0.6
jaccard,4709,5,0.5
jaccard,4710,1,0.1
jaccard,4712,7,0.7
jaccard,4714,1,0.1
jaccard,4715,1,0.1
jaccard,4717,5,0.5
jaccard,4718,3,0.3
jaccard,4725,3,0.3
jaccard,4726,3,0.3
jaccard,4733,1,0.1
jaccard,4739,1,0.1
jaccard,4741,1,0.1
jaccard,4746,3,0.3
jaccard,4748,1,0.1
jaccard,4749,1,0.1
jaccard,4756,3,0.3
jaccard,4764,7,0.7
jaccard,4767,3,0.3
jaccard,4774,1,0.1
jaccard,4778,1,0.1
jaccard,4781,5,0.5
jaccard,4782,1,0.1
jaccard,4786,1,0.1
jaccard,4788,2,0.2
jaccard,4789,1,0.1
jaccard,4792,5,0.5
jaccard,4795,4,0.4
jaccard,4813,5,0.5
jaccard,4814,4,0.4
jaccard,4818,3,0.3
jaccard,4824,4,0.4
jaccard,4825,0,0.0
jaccard,4828,4,0.4
jaccard,4829,5,0.5
jaccard,4832,1,0.1
jaccard,4833,1,0.1
jaccard,4837,1,0.1
jaccard,4840,1,0.1
jaccard,4842,1,0.1
jaccard,4843,0,0.0
jaccard,4846,4,0.4
jaccard,4853,2,0.2
jaccard,4854,1,0.1
jaccard,4856,1,0.1
jaccard,4859,4,0.4
jaccard,4860,1,0.1
jaccard,4862,1,0.1
jaccard,4874,1,0.1
jaccard,4879,4,0.4
jaccard,4883,1,0.1
jaccard,4884,1,0.1
jaccard,4885,3,0.3
jaccard,4891,1,0.1
jaccard,4893,1,0.1
jaccard,4894,4,0.4
jaccard,4898,0,0.0
jaccard,4899,5,0.5
jaccard,4904,1,0.1
jaccard,4909,1,0.1
jaccard,4912,1,0.1
jaccard,4914,1,0.1
jaccard,4915,1,0.1
jaccard,4922,1,0.1
jaccard,4924,3,0.3
jaccard,4925,1,0.1
jaccard,4926,0,0.0
jaccard,4933,1,0.1
jaccard,4934,2,0.2
jaccard,4937,3,0.3
jaccard,4938,6,0.6
jaccard,4943,4,0.4
jaccard,4944,1,0.1
jaccard,4947,1,0.1
jaccard,4948,5,0.5
jaccard,4960,2,0.2
jaccard,4964,8,0.8
jaccard,4966,2,0.2
jaccard,4967,6,0.6
jaccard,4970,1,0.1
jaccard,4973,1,0.1
jaccard,4974,2,0.2
jaccard,4976,2,0.2
jaccard,4980,1,0.1
jaccard,4981,7,0.7
jaccard,4982,4,0.4
jaccard,4983,1,0.1
jaccard,4988,4,0.4
jaccard,4989,1,0.1
jaccard,4993,1,0.1
jaccard,4994,1,0.1
jaccard,5002,9,0.9
jaccard,5003,1,0.1
jaccard,5006,2,0.2
jaccard,5008,3,0.3
jaccard,5009,2,0.2
jaccard,5010,1,0.1
jaccard,5011,3,0.3
jaccard,5012,4,0.4
jaccard,5013,1,0.1
jaccard,5015,1,0.1
jaccard,5016,1,0.1
jaccard,5017,2,0.2
jaccard,5020,7,0.7
jaccard,5022,6,0.6
jaccard,5028,4,0.4
jaccard,5029,5,0.5
jaccard,5032,1,0.1
jaccard,5037,3,0.3
jaccard,5039,2,0.2
jaccard,5040,1,0.1
jaccard,5048,1,0.1
jaccard,5050,1,0.1
jaccard,5051,1,0.1
jaccard,5053,3,0.3
jaccard,5054,1,0.1
jaccard,5059,2,0.2
jaccard,5061,2,0.2
jaccard,5064,1,0.1
jaccard,5070,1,0.1
jaccard,5072,2,0.2
jaccard,5079,5,0.5
jaccard,5090,1,0.1
jaccard,5096,3,0.3
jaccard,5099,1,0.1
jaccard,5102,2,0.2
jaccard,5103,7,0.7
jaccard,5106,6,0.6
jaccard,5110,4,0.4
jaccard,5111,2,0.2
jaccard,5114,1,0.1
jaccard,5117,1,0.1
jaccard,5118,4,0.4
jaccard,5119,1,0.1
jaccard,5121,2,0.2
jaccard,5123,6,0.6
jaccard,5125,5,0.5
jaccard,5126,1,0.1
jaccard,5139,2,0.2
jaccard,5140,7,0.7
jaccard,5142,1,0.1
jaccard,5143,1,0.1
jaccard,5150,2,0.2
jaccard,5152,1,0.1
jaccard,5154,1,0.1
jaccard,5155,3,0.3
jaccard,5160,1,0.1
jaccard,5164,1,0.1
jaccard,5166,4,0.4
jaccard,5171,5,0.5
jaccard,5172,3,0.3
jaccard,5173,7,0.7
jaccard,5175,4,0.4
jaccard,5176,9,0.9
jaccard,5177,5,0.5
jaccard,5178,2,0.2
jaccard,5179,9,0.9
jaccard,5180,5,0.5
jaccard,5181,3,0.3
jaccard,5182,6,0.6
jaccard,5184,6,0.6
jaccard,5185,7,0.7
jaccard,5187,2,0.2
jaccard,5188,10,1.0
jaccard,5189,6,0.6
jaccard,5190,7,0.7
jaccard,5191,1,0.1
jaccard,5193,2,0.2
jaccard,5194,1,0.1
jaccard,5195,1,0.1
jaccard,5196,1,0.1
jaccard,5198,1,0.1
jaccard,5199,4,0.4
jaccard,5200,2,0.2
jaccard,5201,1,0.1
jaccard,5202,1,0.1
jaccard,5203,2,0.2
jaccard,5207,4,0.4
jaccard,5215,2,0.2
jaccard,5217,3,0.3
jaccard,5226,4,0.4
jaccard,5232,1,0.1
jaccard,5233,4,0.4
jaccard,5238,1,0.1
jaccard,5239,1,0.1
jaccard,5243,1,0.1
jaccard,5246,4,0.4
jaccard,5247,1,0.1
jaccard,5250,1,0.1
jaccard,5254,5,0.5
jaccard,5255,2,0.2
jaccard,5262,5,0.5
jaccard,5263,8,0.8
jaccard,5264,1,0.1
jaccard,5267,1,0.1
jaccard,5273,2,0.2
jaccard,5276,0,0.0
jaccard,5285,5,0.5
jaccard,5286,2,0.2
jaccard,5289,2,0.2
jaccard,5295,4,0.4
jaccard,5296,2,0.2
jaccard,5301,8,0.8
jaccard,5312,2,0.2
jaccard,5313,3,0.3
jaccard,5316,3,0.3
jaccard,5317,3,0.3
jaccard,5320,1,0.1
jaccard,5321,5,0.5
jaccard,5323,1,0.1
jaccard,5324,2,0.2
jaccard,5329,1,0.1
jaccard,5334,0,0.0
jaccard,5336,0,0.0
jaccard,5342,5,0.5
jaccard,5344,1,0.1
jaccard,5360,3,0.3
jaccard,5361,0,0.0
jaccard,5378,6,0.6
jaccard,5381,1,0.1
jaccard,5382,3,0.3
jaccard,5391,3,0.3
jaccard,5396,1,0.1
jaccard,5399,2,0.2
jaccard,5401,1,0.1
jaccard,5404,3,0.3
jaccard,5405,1,0.1
jaccard,5419,0,0.0
jaccard,5423,6,0.6
jaccard,5427,2,0.2
jaccard,5428,1,0.1
jaccard,5437,4,0.4
jaccard,5439,7,0.7
jaccard,5440,1,0.1
jaccard,5445,6,0.6
jaccard,5446,3,0.3
jaccard,5452,2,0.2
jaccard,5455,1,0.1
jaccard,5457,4,0.4
jaccard,5462,1,0.1
jaccard,5468,0,0.0
jaccard,5472,2,0.2
jaccard,5474,1,0.1
jaccard,5478,1,0.1
jaccard,5479,2,0.2
jaccard,5482,2,0.2
jaccard,5484,5,0.5
jaccard,5485,3,0.3
jaccard,5487,4,0.4
jaccard,5489,1,0.1
jaccard,5495,1,0.1
jaccard,5499,2,0.2
jaccard,5500,1,0.1
jaccard,5501,0,0.0
jaccard,5512,1,0.1
jaccard,5515,1,0.1
jaccard,5516,1,0.1
jaccard,5524,7,0.7
jaccard,5526,2,0.2
jaccard,5528,2,0.2
jaccard,5529,5,0.5
jaccard,5531,7,0.7
jaccard,5532,3,0.3
jaccard,5534,2,0.2
jaccard,5536,1,0.1
jaccard,5543,7,0.7
jaccard,5549,2,0.2
jaccard,5550,1,0.1
jaccard,5551,1,0.1
jaccard,5552,2,0.2
jaccard,5553,4,0.4
jaccard,5562,3,0.3
jaccard,5563,1,0.1
jaccard,5565,1,0.1
jaccard,5577,1,0.1
jaccard,5582,6,0.6
jaccard,5584,5,0.5
jaccard,5589,1,0.1
jaccard,5590,1,0.1
jaccard,5591,1,0.1
jaccard,5596,3,0.3
jaccard,5601,1,0.1
jaccard,5603,0,0.0
jaccard,5604,0,0.0
jaccard,5605,2,0.2
jaccard,5606,2,0.2
jaccard,5608,3,0.3
jaccard,5612,5,0.5
jaccard,5614,1,0.1
jaccard,5616,1,0.1
jaccard,5617,4,0.4
jaccard,5620,1,0.1
jaccard,5624,4,0.4
jaccard,5626,3,0.3
jaccard,5630,4,0.4
jaccard,5639,1,0.1
jaccard,5644,4,0.4
jaccard,5646,1,0.1
jaccard,5647,1,0.1
jaccard,5651,1,0.1
jaccard,5655,6,0.6
jaccard,5656,1,0.1
jaccard,5658,1,0.1
jaccard,5660,1,0.1
jaccard,5662,1,0.1
jaccard,5666,1,0.1
jaccard,5667,0,0.0
jaccard,5668,1,0.1
jaccard,5675,0,0.0
jaccard,5684,4,0.4
jaccard,5686,1,0.1
jaccard,5691,5,0.5
jaccard,5692,2,0.2
jaccard,5696,4,0.4
jaccard,5697,7,0.7
jaccard,5702,0,0.0
jaccard,5704,0,0.0
jaccard,5705,2,0.2
jaccard,5707,1,0.1
jaccard,5708,1,0.1
jaccard,5709,2,0.2
jaccard,5714,5,0.5
jaccard,5721,3,0.3
jaccard,5738,3,0.3
jaccard,5739,7,0.7
jaccard,5741,2,0.2
jaccard,5750,1,0.1
jaccard,5753,1,0.1
jaccard,5760,2,0.2
jaccard,5761,1,0.1
jaccard,5768,1,0.1
jaccard,5770,1,0.1
jaccard,5771,4,0.4
jaccard,5772,3,0.3
jaccard,5773,10,1.0
jaccard,5775,5,0.5
jaccard,5776,3,0.3
jaccard,5783,5,0.5
jaccard,5787,4,0.4
jaccard,5796,5,0.5
jaccard,5798,2,0.2
jaccard,5799,5,0.5
jaccard,5800,8,0.8
jaccard,5802,8,0.8
jaccard,5803,1,0.1
jaccard,5804,3,0.3
jaccard,5805,3,0.3
jaccard,5806,3,0.3
jaccard,5807,3,0.3
jaccard,5808,1,0.1
jaccard,5809,4,0.4
jaccard,5810,3,0.3
jaccard,5811,5,0.5
jaccard,5812,6,0.6
jaccard,5814,5,0.5
jaccard,5815,0,0.0
jaccard,5816,4,0.4
jaccard,5817,5,0.5
jaccard,5818,7,0.7
jaccard,5819,4,0.4
jaccard,5820,5,0.5
jaccard,5821,2,0.2
jaccard,5822,5,0.5
jaccard,5823,0,0.0
jaccard,5824,6,0.6
jaccard,5827,4,0.4
jaccard,5829,3,0.3
jaccard,5834,1,0.1
jaccard,5839,5,0.5
jaccard,5855,2,0.2
jaccard,5857,6,0.6
jaccard,5859,0,0.0
jaccard,5862,4,0.4
jaccard,5871,10,1.0
jaccard,5872,4,0.4
jaccard,5873,1,0.1
jaccard,5877,1,0.1
jaccard,5890,1,0.1
jaccard,5896,1,0.1
jaccard,5902,1,0.1
jaccard,5908,2,0.2
jaccard,5915,4,0.4
jaccard,5916,3,0.3
jaccard,5920,1,0.1
jaccard,5922,2,0.2
jaccard,5923,0,0.0
jaccard,5927,0,0.0
jaccard,5928,2,0.2
jaccard,5930,1,0.1
jaccard,5932,4,0.4
jaccard,5934,4,0.4
jaccard,5935,1,0.1
jaccard,5939,1,0.1
jaccard,5940,1,0.1
jaccard,5945,1,0.1
jaccard,5950,2,0.2
jaccard,5952,1,0.1
jaccard,5960,1,0.1
jaccard,5961,2,0.2
jaccard,5981,1,0.1
jaccard,5982,0,0.0
jaccard,5984,1,0.1
jaccard,5988,0,0.0
jaccard,5998,6,0.6
jaccard,5999,4,0.4
jaccard,6000,1,0.1
jaccard,6001,1,0.1
jaccard,6004,2,0.2
jaccard,6006,7,0.7
jaccard,6007,1,0.1
jaccard,6016,3,0.3
jaccard,6017,1,0.1
jaccard,6020,3,0.3
jaccard,6023,6,0.6
jaccard,6024,4,0.4
jaccard,6031,1,0.1
jaccard,6032,7,0.7
jaccard,6038,1,0.1
jaccard,6043,8,0.8
jaccard,6045,1,0.1
jaccard,6046,1,0.1
jaccard,6047,1,0.1
jaccard,6049,1,0.1
jaccard,6068,4,0.4
jaccard,6072,4,0.4
jaccard,6075,4,0.4
jaccard,6082,1,0.1
jaccard,6093,1,0.1
jaccard,6094,3,0.3
jaccard,6097,6,0.6
jaccard,6108,1,0.1
jaccard,6121,1,0.1
jaccard,6123,2,0.2
jaccard,6126,1,0.1
jaccard,6132,1,0.1
jaccard,6134,2,0.2
jaccard,6135,1,0.1
jaccard,6146,1,0.1
jaccard,6151,2,0.2
jaccard,6156,4,0.4
jaccard,6160,1,0.1
jaccard,6165,1,0.1
jaccard,6169,1,0.1
jaccard,6170,3,0.3
jaccard,6176,1,0.1
jaccard,6179,1,0.1
jaccard,6182,1,0.1
jaccard,6184,1,0.1
jaccard,6190,1,0.1
jaccard,6196,1,0.1
jaccard,6198,4,0.4
jaccard,6202,0,0.0
jaccard,6204,2,0.2
jaccard,6208,1,0.1
jaccard,6213,1,0.1
jaccard,6216,1,0.1
jaccard,6217,3,0.3
jaccard,6218,7,0.7
jaccard,6220,3,0.3
jaccard,6221,5,0.5
jaccard,6223,1,0.1
jaccard,6227,1,0.1
jaccard,6229,3,0.3
jaccard,6230,1,0.1
jaccard,6239,1,0.1
jaccard,6241,6,0.6
jaccard,6242,1,0.1
jaccard,6243,7,0.7
jaccard,6245,1,0.1
jaccard,6252,1,0.1
jaccard,6263,1,0.1
jaccard,6270,7,0.7
jaccard,6271,1,0.1
jaccard,6272,9,0.9
jaccard,6274,1,0.1
jaccard,6280,7,0.7
jaccard,6298,1,0.1
jaccard,6299,10,1.0
jaccard,6305,8,0.8
jaccard,6312,1,0.1
jaccard,6314,0,0.0
jaccard,6316,5,0.5
jaccard,6317,1,0.1
jaccard,6320,5,0.5
jaccard,6323,5,0.5
jaccard,6324,1,0.1
jaccard,6325,1,0.1
jaccard,6326,1,0.1
jaccard,6327,8,0.8
jaccard,6330,1,0.1
jaccard,6331,0,0.0
jaccard,6333,1,0.1
jaccard,6334,2,0.2
jaccard,6339,1,0.1
jaccard,6344,1,0.1
jaccard,6346,1,0.1
jaccard,6347,3,0.3
jaccard,6356,1,0.1
jaccard,6359,7,0.7
jaccard,6360,3,0.3
jaccard,6367,1,0.1
jaccard,6377,2,0.2
jaccard,6381,1,0.1
jaccard,6383,1,0.1
jaccard,6394,1,0.1
jaccard,6398,3,0.3
jaccard,6406,0,0.0
jaccard,6414,3,0.3
jaccard,6415,1,0.1
jaccard,6416,1,0.1
jaccard,6421,4,0.4
jaccard,6422,3,0.3
jaccard,6443,6,0.6
jaccard,6445,0,0.0
jaccard,6447,2,0.2
jaccard,6458,4,0.4
jaccard,6460,5,0.5
jaccard,6461,1,0.1
jaccard,6467,2,0.2
jaccard,6471,1,0.1
jaccard,6479,1,0.1
jaccard,6483,4,0.4
jaccard,6484,1,0.1
jaccard,6486,9,0.9
jaccard,6488,3,0.3
jaccard,6491,1,0.1
jaccard,6494,8,0.8
jaccard,6500,1,0.1
jaccard,6501,4,0.4
jaccard,6502,0,0.0
jaccard,6503,1,0.1
jaccard,6504,1,0.1
jaccard,6510,6,0.6
jaccard,6517,1,0.1
jaccard,6518,5,0.5
jaccard,6522,2,0.2
jaccard,6523,4,0.4
jaccard,6524,1,0.1
jaccard,6525,5,0.5
jaccard,6526,1,0.1
jaccard,6538,3,0.3
jaccard,6545,1,0.1
jaccard,6546,1,0.1
jaccard,6548,2,0.2
jaccard,6550,2,0.2
jaccard,6551,1,0.1
jaccard,6552,7,0.7
jaccard,6555,7,0.7
jaccard,6560,9,0.9
jaccard,6563,7,0.7
jaccard,6577,2,0.2
jaccard,6595,5,0.5
jaccard,6596,4,0.4
jaccard,6598,1,0.1
jaccard,6605,1,0.1
jaccard,6608,3,0.3
jaccard,6611,2,0.2
jaccard,6612,1,0.1
jaccard,6613,1,0.1
jaccard,6615,8,0.8
jaccard,6616,4,0.4
jaccard,6618,8,0.8
jaccard,6619,6,0.6
jaccard,6620,8,0.8
jaccard,6624,6,0.6
jaccard,6625,1,0.1
jaccard,6626,2,0.2
jaccard,6627,4,0.4
jaccard,6635,1,0.1
jaccard,6636,1,0.1
jaccard,6646,0,0.0
jaccard,6649,3,0.3
jaccard,6655,1,0.1
jaccard,6665,4,0.4
jaccard,6666,1,0.1
jaccard,6671,2,0.2
jaccard,6676,0,0.0
jaccard,6683,1,0.1
jaccard,6695,1,0.1
jaccard,6702,3,0.3
jaccard,6710,1,0.1
jaccard,6712,4,0.4
jaccard,6714,7,0.7
jaccard,6726,3,0.3
jaccard,6736,7,0.7
jaccard,6747,0,0.0
jaccard,6758,1,0.1
jaccard,6759,1,0.1
jaccard,6766,0,0.0
jaccard,6772,3,0.3
jaccard,6774,6,0.6
jaccard,6775,1,0.1
jaccard,6776,1,0.1
jaccard,6779,1,0.1
jaccard,6780,2,0.2
jaccard,6781,0,0.0
jaccard,6784,7,0.7
jaccard,6789,3,0.3
jaccard,6795,1,0.1
jaccard,6804,1,0.1
jaccard,6809,1,0.1
jaccard,6815,1,0.1
jaccard,6822,1,0.1
jaccard,6841,1,0.1
jaccard,6846,1,0.1
jaccard,6848,3,0.3
jaccard,6855,2,0.2
jaccard,6859,2,0.2
jaccard,6861,1,0.1
jaccard,6864,1,0.1
jaccard,6865,3,0.3
jaccard,6866,0,0.0
jaccard,6867,1,0.1
jaccard,6875,4,0.4
jaccard,6880,1,0.1
jaccard,6883,1,0.1
jaccard,6885,2,0.2
jaccard,6889,0,0.0
jaccard,6895,1,0.1
jaccard,6900,3,0.3
jaccard,6902,4,0.4
jaccard,6906,5,0.5
jaccard,6907,10,1.0
jaccard,6912,1,0.1
jaccard,6913,8,0.8
jaccard,6914,10,1.0
jaccard,6916,5,0.5
jaccard,6917,1,0.1
jaccard,6918,6,0.6
jaccard,6924,4,0.4
jaccard,6934,10,1.0
jaccard,6941,7,0.7
jaccard,6945,3,0.3
jaccard,6946,7,0.7
jaccard,6949,1,0.1
jaccard,6951,4,0.4
jaccard,6953,1,0.1
jaccard,6974,0,0.0
jaccard,6975,1,0.1
jaccard,6976,5,0.5
jaccard,6984,1,0.1
jaccard,6991,0,0.0
jaccard,6993,8,0.8
jaccard,6994,2,0.2
jaccard,7005,2,0.2
jaccard,7012,2,0.2
jaccard,7014,1,0.1
jaccard,7019,1,0.1
jaccard,7020,1,0.1
jaccard,7021,6,0.6
jaccard,7026,2,0.2
jaccard,7030,1,0.1
jaccard,7043,0,0.0
jaccard,7045,5,0.5
jaccard,7046,5,0.5
jaccard,7047,6,0.6
jaccard,7049,3,0.3
jaccard,7052,7,0.7
jaccard,7053,3,0.3
jaccard,7054,5,0.5
jaccard,7055,5,0.5
jaccard,7056,6,0.6
jaccard,7057,6,0.6
jaccard,7061,1,0.1
jaccard,7062,1,0.1
jaccard,7063,6,0.6
jaccard,7064,1,0.1
jaccard,7080,5,0.5
jaccard,7086,3,0.3
jaccard,7087,0,0.0
jaccard,7088,1,0.1
jaccard,7092,9,0.9
jaccard,7096,2,0.2
jaccard,7099,2,0.2
jaccard,7100,3,0.3
jaccard,7104,2,0.2
jaccard,7106,1,0.1
jaccard,7109,0,0.0
jaccard,7110,1,0.1
jaccard,7113,2,0.2
jaccard,7116,1,0.1
jaccard,7117,1,0.1
jaccard,7120,5,0.5
jaccard,7126,1,0.1
jaccard,7129,2,0.2
jaccard,7131,4,0.4
jaccard,7132,5,0.5
jaccard,7134,1,0.1
jaccard,7138,1,0.1
jaccard,7139,1,0.1
jaccard,7142,1,0.1
jaccard,7150,3,0.3
jaccard,7153,1,0.1
jaccard,7163,0,0.0
jaccard,7164,1,0.1
jaccard,7171,2,0.2
jaccard,7172,1,0.1
jaccard,7175,1,0.1
jaccard,7184,1,0.1
jaccard,7188,3,0.3
jaccard,7198,0,0.0
jaccard,7199,1,0.1
jaccard,7222,1,0.1
jaccard,7225,8,0.8
jaccard,7226,0,0.0
jaccard,7227,2,0.2
jaccard,7228,1,0.1
jaccard,7229,0,0.0
jaccard,7230,1,0.1
jaccard,7231,6,0.6
jaccard,7233,3,0.3
jaccard,7236,5,0.5
jaccard,7238,2,0.2
jaccard,7239,3,0.3
jaccard,7241,5,0.5
jaccard,7253,2,0.2
jaccard,7260,1,0.1
jaccard,7262,1,0.1
jaccard,7266,1,0.1
jaccard,7270,1,0.1
jaccard,7278,0,0.0
jaccard,7279,2,0.2
jaccard,7280,8,0.8
jaccard,7281,0,0.0
jaccard,7284,1,0.1
jaccard,7293,1,0.1
jaccard,7294,4,0.4
jaccard,7295,4,0.4
jaccard,7298,1,0.1
jaccard,7301,5,0.5
jaccard,7302,1,0.1
jaccard,7317,2,0.2
jaccard,7330,1,0.1
jaccard,7335,1,0.1
jaccard,7341,1,0.1
jaccard,7343,2,0.2
jaccard,7348,1,0.1
jaccard,7350,2,0.2
jaccard,7351,2,0.2
jaccard,7352,1,0.1
jaccard,7362,1,0.1
jaccard,7371,0,0.0
jaccard,7378,6,0.6
jaccard,7383,1,0.1
jaccard,7386,4,0.4
jaccard,7389,2,0.2
jaccard,7390,3,0.3
jaccard,7391,5,0.5
jaccard,7393,2,0.2
jaccard,7394,0,0.0
jaccard,7400,2,0.2
jaccard,7405,2,0.2
jaccard,7409,2,0.2
jaccard,7415,1,0.1
jaccard,7417,1,0.1
jaccard,7421,1,0.1
jaccard,7424,1,0.1
jaccard,7425,1,0.1
jaccard,7428,1,0.1
jaccard,7441,0,0.0
jaccard,7443,1,0.1
jaccard,7449,7,0.7
jaccard,7455,0,0.0
jaccard,7476,0,0.0
jaccard,7490,5,0.5
jaccard,7492,0,0.0
jaccard,7502,1,0.1
jaccard,7511,3,0.3
jaccard,7518,1,0.1
jaccard,7544,3,0.3
jaccard,7554,0,0.0
jaccard,7564,5,0.5
jaccard,7565,1,0.1
jaccard,7569,1,0.1
jaccard,7578,5,0.5
jaccard,7580,4,0.4
jaccard,7586,1,0.1
jaccard,7593,1,0.1
jaccard,7597,2,0.2
jaccard,7598,7,0.7
jaccard,7609,1,0.1
jaccard,7614,5,0.5
jaccard,7623,1,0.1
jaccard,7625,1,0.1
jaccard,7647,1,0.1
jaccard,7649,3,0.3
jaccard,7650,0,0.0
jaccard,7661,1,0.1
jaccard,7665,2,0.2
jaccard,7675,2,0.2
jaccard,7677,1,0.1
jaccard,7678,1,0.1
jaccard,7679,5,0.5
jaccard,7682,3,0.3
jaccard,7685,1,0.1
jaccard,7691,5,0.5
jaccard,7696,1,0.1
jaccard,7697,1,0.1
jaccard,7703,1,0.1
jaccard,7719,1,0.1
jaccard,7727,6,0.6
jaccard,7728,0,0.0
jaccard,7733,3,0.3
jaccard,7736,1,0.1
jaccard,7738,1,0.1
jaccard,7743,1,0.1
jaccard,7744,4,0.4
jaccard,7747,1,0.1
jaccard,7750,1,0.1
jaccard,7753,1,0.1
jaccard,7759,1,0.1
jaccard,7766,1,0.1
jaccard,7768,1,0.1
jaccard,7769,1,0.1
jaccard,7771,0,0.0
jaccard,7772,3,0.3
jaccard,7774,4,0.4
jaccard,7775,3,0.3
jaccard,7779,0,0.0
jaccard,7790,0,0.0
jaccard,7791,1,0.1
jaccard,7792,1,0.1
jaccard,7806,1,0.1
jaccard,7810,3,0.3
jaccard,7812,1,0.1
jaccard,7815,1,0.1
jaccard,7818,2,0.2
jaccard,7833,1,0.1
jaccard,7835,1,0.1
jaccard,7837,0,0.0
jaccard,7842,1,0.1
jaccard,7845,1,0.1
jaccard,7853,0,0.0
jaccard,7856,1,0.1
jaccard,7862,2,0.2
jaccard,7864,1,0.1
jaccard,7865,4,0.4
jaccard,7873,0,0.0
jaccard,7875,1,0.1
jaccard,7877,1,0.1
jaccard,7882,1,0.1
jaccard,7885,1,0.1
jaccard,7900,1,0.1
jaccard,7901,2,0.2
jaccard,7902,3,0.3
jaccard,7903,0,0.0
jaccard,7904,2,0.2
jaccard,7906,0,0.0
jaccard,7907,1,0.1
jaccard,7910,1,0.1
jaccard,7916,1,0.1
jaccard,7919,0,0.0
jaccard,7928,1,0.1
jaccard,7929,1,0.1
jaccard,7933,2,0.2
jaccard,7938,1,0.1
jaccard,7948,1,0.1
jaccard,7964,1,0.1
jaccard,7967,1,0.1
jaccard,7968,0,0.0
jaccard,7969,1,0.1
jaccard,7980,1,0.1
jaccard,8010,0,0.0
jaccard,8012,0,0.0
jaccard,8021,0,0.0
jaccard,8036,1,0.1
jaccard,8042,1,0.1
jaccard,8045,0,0.0
jaccard,8046,2,0.2
jaccard,8047,5,0.5
jaccard,8050,1,0.1
jaccard,8051,1,0.1
jaccard,8053,2,0.2
jaccard,8063,0,0.0
jaccard,8066,1,0.1
jaccard,8069,1,0.1
jaccard,8085,5,0.5
jaccard,8092,1,0.1
jaccard,8094,0,0.0
jaccard,8107,1,0.1
jaccard,8111,1,0.1
jaccard,8145,0,0.0
jaccard,8146,1,0.1
jaccard,8152,1,0.1
jaccard,8156,2,0.2
jaccard,8162,1,0.1
jaccard,8171,0,0.0
jaccard,8173,1,0.1
jaccard,8190,0,0.0
jaccard,8204,1,0.1
jaccard,8211,1,0.1
jaccard,8243,1,0.1
jaccard,8263,1,0.1
jaccard,8270,1,0.1
personalized_pagerank,3,3,0.3
personalized_pagerank,4,5,0.5
personalized_pagerank,5,6,0.6
personalized_pagerank,6,7,0.7
personalized_pagerank,7,5,0.5
personalized_pagerank,8,9,0.9
personalized_pagerank,9,6,0.6
personalized_pagerank,10,9,0.9
personalized_pagerank,11,8,0.8
personalized_pagerank,12,6,0.6
personalized_pagerank,13,2,0.2
personalized_pagerank,14,7,0.7
personalized_pagerank,15,4,0.4
personalized_pagerank,16,3,0.3
personalized_pagerank,17,8,0.8
personalized_pagerank,18,1,0.1
personalized_pagerank,19,4,0.4
personalized_pagerank,20,3,0.3
personalized_pagerank,21,4,0.4
personalized_pagerank,23,7,0.7
personalized_pagerank,24,7,0.7
personalized_pagerank,25,4,0.4
personalized_pagerank,26,8,0.8
personalized_pagerank,27,7,0.7
personalized_pagerank,28,8,0.8
personalized_pagerank,29,7,0.7
personalized_pagerank,31,2,0.2
personalized_pagerank,32,1,0.1
personalized_pagerank,33,8,0.8
personalized_pagerank,34,1,0.1
personalized_pagerank,35,7,0.7
personalized_pagerank,36,7,0.7
personalized_pagerank,37,4,0.4
personalized_pagerank,38,2,0.2
personalized_pagerank,39,5,0.5
personalized_pagerank,40,1,0.1
personalized_pagerank,41,7,0.7
personalized_pagerank,42,6,0.6
personalized_pagerank,43,1,0.1
personalized_pagerank,44,7,0.7
personalized_pagerank,45,2,0.2
personalized_pagerank,46,3,0.3
personalized_pagerank,47,9,0.9
personalized_pagerank,48,8,0.8
personalized_pagerank,49,2,0.2
personalized_pagerank,50,2,0.2
personalized_pagerank,51,2,0.2
personalized_pagerank,53,6,0.6
personalized_pagerank,54,2,0.2
personalized_pagerank,55,8,0.8
personalized_pagerank,56,4,0.4
personalized_pagerank,57,1,0.1
personalized_pagerank,58,5,0.5
personalized_pagerank,59,5,0.5
personalized_pagerank,60,3,0.3
personalized_pagerank,62,4,0.4
personalized_pagerank,66,4,0.4
personalized_pagerank,67,2,0.2
personalized_pagerank,68,8,0.8
personalized_pagerank,71,5,0.5
personalized_pagerank,72,6,0.6
personalized_pagerank,73,4,0.4
personalized_pagerank,74,7,0.7
personalized_pagerank,75,5,0.5
personalized_pagerank,77,4,0.4
personalized_pagerank,78,5,0.5
personalized_pagerank,79,8,0.8
personalized_pagerank,80,7,0.7
personalized_pagerank,81,3,0.3
personalized_pagerank,83,2,0.2
personalized_pagerank,86,6,0.6
personalized_pagerank,87,8,0.8
personalized_pagerank,89,5,0.5
personalized_pagerank,90,7,0.7
personalized_pagerank,92,1,0.1
personalized_pagerank,94,7,0.7
personalized_pagerank,96,1,0.1
personalized_pagerank,99,4,0.4
personalized_pagerank,101,4,0.4
personalized_pagerank,102,1,0.1
personalized_pagerank,103,5,0.5
personalized_pagerank,104,5,0.5
personalized_pagerank,105,1,0.1
personalized_pagerank,109,7,0.7
personalized_pagerank,110,6,0.6
personalized_pagerank,111,5,0.5
personalized_pagerank,113,4,0.4
personalized_pagerank,116,1,0.1
personalized_pagerank,120,2,0.2
personalized_pagerank,121,1,0.1
personalized_pagerank,122,6,0.6
personalized_pagerank,125,6,0.6
personalized_pagerank,126,6,0.6
personalized_pagerank,127,7,0.7
personalized_pagerank,128,7,0.7
personalized_pagerank,129,2,0.2
personalized_pagerank,130,5,0.5
personalized_pagerank,132,5,0.5
personalized_pagerank,133,1,0.1
personalized_pagerank,134,1,0.1
personalized_pagerank,135,3,0.3
personalized_pagerank,136,9,0.9
personalized_pagerank,138,6,0.6
personalized_pagerank,139,6,0.6
personalized_pagerank,140,5,0.5
personalized_pagerank,142,3,0.3
personalized_pagerank,143,7,0.7
personalized_pagerank,145,5,0.5
personalized_pagerank,147,7,0.7
personalized_pagerank,150,5,0.5
personalized_pagerank,151,7,0.7
personalized_pagerank,152,2,0.2
personalized_pagerank,154,5,0.5
personalized_pagerank,155,7,0.7
personalized_pagerank,156,1,0.1
personalized_pagerank,157,4,0.4
personalized_pagerank,158,1,0.1
personalized_pagerank,161,4,0.4
personalized_pagerank,163,1,0.1
personalized_pagerank,164,1,0.1
personalized_pagerank,166,7,0.7
personalized_pagerank,169,1,0.1
personalized_pagerank,171,5,0.5
personalized_pagerank,172,7,0.7
personalized_pagerank,173,9,0.9
personalized_pagerank,175,1,0.1
personalized_pagerank,176,6,0.6
personalized_pagerank,177,4,0.4
personalized_pagerank,178,6,0.6
personalized_pagerank,179,3,0.3
personalized_pagerank,180,3,0.3
personalized_pagerank,181,1,0.1
personalized_pagerank,182,6,0.6
personalized_pagerank,185,1,0.1
personalized_pagerank,187,4,0.4
personalized_pagerank,191,2,0.2
personalized_pagerank,192,4,0.4
personalized_pagerank,193,3,0.3
personalized_pagerank,194,2,0.2
personalized_pagerank,197,3,0.3
personalized_pagerank,199,2,0.2
personalized_pagerank,201,5,0.5
personalized_pagerank,202,3,0.3
personalized_pagerank,203,6,0.6
personalized_pagerank,204,2,0.2
personalized_pagerank,205,2,0.2
personalized_pagerank,208,2,0.2
personalized_pagerank,209,1,0.1
personalized_pagerank,215,7,0.7
personalized_pagerank,216,3,0.3
personalized_pagerank,218,1,0.1
personalized_pagerank,221,2,0.2
personalized_pagerank,222,1,0.1
personalized_pagerank,223,4,0.4
personalized_pagerank,224,3,0.3
personalized_pagerank,226,7,0.7
personalized_pagerank,228,1,0.1
personalized_pagerank,230,1,0.1
personalized_pagerank,231,5,0.5
personalized_pagerank,232,3,0.3
personalized_pagerank,236,6,0.6
personalized_pagerank,237,5,0.5
personalized_pagerank,238,1,0.1
personalized_pagerank,240,2,0.2
personalized_pagerank,241,1,0.1
personalized_pagerank,243,1,0.1
personalized_pagerank,244,1,0.1
personalized_pagerank,247,1,0.1
personalized_pagerank,249,1,0.1
personalized_pagerank,251,2,0.2
personalized_pagerank,254,4,0.4
personalized_pagerank,255,3,0.3
personalized_pagerank,256,2,0.2
personalized_pagerank,258,1,0.1
personalized_pagerank,259,6,0.6
personalized_pagerank,261,3,0.3
personalized_pagerank,263,4,0.4
personalized_pagerank,265,3,0.3
personalized_pagerank,266,2,0.2
personalized_pagerank,268,1,0.1
personalized_pagerank,269,4,0.4
personalized_pagerank,270,3,0.3
personalized_pagerank,275,4,0.4
personalized_pagerank,276,3,0.3
personalized_pagerank,277,1,0.1
personalized_pagerank,280,7,0.7
personalized_pagerank,282,5,0.5
personalized_pagerank,283,1,0.1
personalized_pagerank,284,1,0.1
personalized_pagerank,285,1,0.1
personalized_pagerank,290,7,0.7
personalized_pagerank,291,5,0.5
personalized_pagerank,292,1,0.1
personalized_pagerank,295,1,0.1
personalized_pagerank,296,5,0.5
personalized_pagerank,302,4,0.4
personalized_pagerank,303,1,0.1
personalized_pagerank,304,8,0.8
personalized_pagerank,305,1,0.1
personalized_pagerank,306,4,0.4
personalized_pagerank,307,1,0.1
personalized_pagerank,308,8,0.8
personalized_pagerank,310,7,0.7
personalized_pagerank,311,7,0.7
personalized_pagerank,312,8,0.8
personalized_pagerank,313,8,0.8
personalized_pagerank,315,7,0.7
personalized_pagerank,317,6,0.6
personalized_pagerank,318,1,0.1
personalized_pagerank,319,4,0.4
personalized_pagerank,321,6,0.6
personalized_pagerank,324,3,0.3
personalized_pagerank,325,2,0.2
personalized_pagerank,326,1,0.1
personalized_pagerank,327,1,0.1
personalized_pagerank,328,3,0.3
personalized_pagerank,329,1,0.1
personalized_pagerank,331,1,0.1
personalized_pagerank,333,1,0.1
personalized_pagerank,334,6,0.6
personalized_pagerank,335,2,0.2
personalized_pagerank,336,4,0.4
personalized_pagerank,339,4,0.4
personalized_pagerank,340,6,0.6
personalized_pagerank,341,5,0.5
personalized_pagerank,344,2,0.2
personalized_pagerank,345,1,0.1
personalized_pagerank,346,6,0.6
personalized_pagerank,347,2,0.2
personalized_pagerank,348,3,0.3
personalized_pagerank,351,1,0.1
personalized_pagerank,352,1,0.1
personalized_pagerank,356,3,0.3
personalized_pagerank,363,1,0.1
personalized_pagerank,364,3,0.3
personalized_pagerank,365,3,0.3
personalized_pagerank,366,6,0.6
personalized_pagerank,367,1,0.1
personalized_pagerank,371,7,0.7
personalized_pagerank,374,1,0.1
personalized_pagerank,376,5,0.5
personalized_pagerank,381,1,0.1
personalized_pagerank,383,5,0.5
personalized_pagerank,387,3,0.3
personalized_pagerank,395,5,0.5
personalized_pagerank,398,1,0.1
personalized_pagerank,399,2,0.2
personalized_pagerank,400,3,0.3
personalized_pagerank,403,2,0.2
personalized_pagerank,404,2,0.2
personalized_pagerank,405,3,0.3
personalized_pagerank,406,4,0.4
personalized_pagerank,407,5,0.5
personalized_pagerank,410,1,0.1
personalized_pagerank,412,3,0.3
personalized_pagerank,414,1,0.1
personalized_pagerank,415,1,0.1
personalized_pagerank,416,1,0.1
personalized_pagerank,417,1,0.1
personalized_pagerank,423,2,0.2
personalized_pagerank,424,1,0.1
personalized_pagerank,425,6,0.6
personalized_pagerank,426,8,0.8
personalized_pagerank,427,2,0.2
personalized_pagerank,429,1,0.1
personalized_pagerank,430,3,0.3
personalized_pagerank,432,7,0.7
personalized_pagerank,434,1,0.1
personalized_pagerank,439,1,0.1
personalized_pagerank,440,1,0.1
personalized_pagerank,447,3,0.3
personalized_pagerank,454,3,0.3
personalized_pagerank,455,1,0.1
personalized_pagerank,456,2,0.2
personalized_pagerank,457,9,0.9
personalized_pagerank,458,1,0.1
personalized_pagerank,460,2,0.2
personalized_pagerank,461,2,0.2
personalized_pagerank,465,2,0.2
personalized_pagerank,467,3,0.3
personalized_pagerank,469,3,0.3
personalized_pagerank,479,2,0.2
personalized_pagerank,489,1,0.1
personalized_pagerank,493,1,0.1
personalized_pagerank,495,2,0.2
personalized_pagerank,499,3,0.3
personalized_pagerank,501,2,0.2
personalized_pagerank,511,2,0.2
personalized_pagerank,513,1,0.1
personalized_pagerank,521,2,0.2
personalized_pagerank,525,1,0.1
personalized_pagerank,530,3,0.3
personalized_pagerank,536,2,0.2
personalized_pagerank,545,3,0.3
personalized_pagerank,546,5,0.5
personalized_pagerank,549,1,0.1
personalized_pagerank,553,3,0.3
personalized_pagerank,555,1,0.1
personalized_pagerank,556,7,0.7
personalized_pagerank,559,1,0.1
personalized_pagerank,560,3,0.3
personalized_pagerank,561,1,0.1
personalized_pagerank,564,1,0.1
personalized_pagerank,572,1,0.1
personalized_pagerank,574,1,0.1
personalized_pagerank,579,1,0.1
personalized_pagerank,580,6,0.6
personalized_pagerank,582,7,0.7
personalized_pagerank,583,3,0.3
personalized_pagerank,584,1,0.1
personalized_pagerank,586,4,0.4
personalized_pagerank,587,2,0.2
personalized_pagerank,588,5,0.5
personalized_pagerank,590,2,0.2
personalized_pagerank,592,2,0.2
personalized_pagerank,600,9,0.9
personalized_pagerank,604,2,0.2
personalized_pagerank,606,1,0.1
personalized_pagerank,613,1,0.1
personalized_pagerank,614,3,0.3
personalized_pagerank,615,4,0.4
personalized_pagerank,618,1,0.1
personalized_pagerank,620,3,0.3
personalized_pagerank,624,1,0.1
personalized_pagerank,625,2,0.2
personalized_pagerank,626,3,0.3
personalized_pagerank,633,6,0.6
personalized_pagerank,634,8,0.8
personalized_pagerank,635,7,0.7
personalized_pagerank,637,5,0.5
personalized_pagerank,639,4,0.4
personalized_pagerank,642,1,0.1
personalized_pagerank,643,3,0.3
personalized_pagerank,644,5,0.5
personalized_pagerank,645,1,0.1
personalized_pagerank,646,3,0.3
personalized_pagerank,647,5,0.5
personalized_pagerank,649,3,0.3
personalized_pagerank,650,5,0.5
personalized_pagerank,651,1,0.1
personalized_pagerank,658,1,0.1
personalized_pagerank,659,4,0.4
personalized_pagerank,661,1,0.1
personalized_pagerank,663,7,0.7
personalized_pagerank,664,3,0.3
personalized_pagerank,665,2,0.2
personalized_pagerank,667,4,0.4
personalized_pagerank,668,1,0.1
personalized_pagerank,673,2,0.2
personalized_pagerank,674,5,0.5
personalized_pagerank,677,1,0.1
personalized_pagerank,679,1,0.1
personalized_pagerank,686,7,0.7
personalized_pagerank,688,1,0.1
personalized_pagerank,689,3,0.3
personalized_pagerank,690,2,0.2
personalized_pagerank,691,4,0.4
personalized_pagerank,695,7,0.7
personalized_pagerank,696,1,0.1
personalized_pagerank,697,6,0.6
personalized_pagerank,698,3,0.3
personalized_pagerank,699,2,0.2
personalized_pagerank,701,1,0.1
personalized_pagerank,704,7,0.7
personalized_pagerank,705,5,0.5
personalized_pagerank,706,7,0.7
personalized_pagerank,707,9,0.9
personalized_pagerank,708,4,0.4
personalized_pagerank,710,9,0.9
personalized_pagerank,712,4,0.4
personalized_pagerank,715,2,0.2
personalized_pagerank,717,1,0.1
personalized_pagerank,719,2,0.2
personalized_pagerank,722,8,0.8
personalized_pagerank,724,2,0.2
personalized_pagerank,727,4,0.4
personalized_pagerank,728,2,0.2
personalized_pagerank,730,4,0.4
personalized_pagerank,733,2,0.2
personalized_pagerank,736,1,0.1
personalized_pagerank,737,8,0.8
personalized_pagerank,738,1,0.1
personalized_pagerank,742,5,0.5
personalized_pagerank,744,1,0.1
personalized_pagerank,749,5,0.5
personalized_pagerank,754,1,0.1
personalized_pagerank,759,6,0.6
personalized_pagerank,762,6,0.6
personalized_pagerank,763,5,0.5
personalized_pagerank,764,5,0.5
personalized_pagerank,766,8,0.8
personalized_pagerank,768,1,0.1
personalized_pagerank,769,7,0.7
personalized_pagerank,770,1,0.1
personalized_pagerank,771,1,0.1
personalized_pagerank,772,1,0.1
personalized_pagerank,780,1,0.1
personalized_pagerank,781,2,0.2
personalized_pagerank,782,2,0.2
personalized_pagerank,784,9,0.9
personalized_pagerank,786,1,0.1
personalized_pagerank,787,2,0.2
personalized_pagerank,788,6,0.6
personalized_pagerank,789,5,0.5
personalized_pagerank,791,7,0.7
personalized_pagerank,792,1,0.1
personalized_pagerank,794,6,0.6
personalized_pagerank,795,6,0.6
personalized_pagerank,796,1,0.1
personalized_pagerank,797,1,0.1
personalized_pagerank,798,2,0.2
personalized_pagerank,801,2,0.2
personalized_pagerank,802,2,0.2
personalized_pagerank,803,1,0.1
personalized_pagerank,805,6,0.6
personalized_pagerank,810,8,0.8
personalized_pagerank,812,1,0.1
personalized_pagerank,813,8,0.8
personalized_pagerank,814,1,0.1
personalized_pagerank,815,1,0.1
personalized_pagerank,816,4,0.4
personalized_pagerank,820,3,0.3
personalized_pagerank,822,2,0.2
personalized_pagerank,823,2,0.2
personalized_pagerank,825,6,0.6
personalized_pagerank,826,6,0.6
personalized_pagerank,830,1,0.1
personalized_pagerank,836,7,0.7
personalized_pagerank,838,5,0.5
personalized_pagerank,841,6,0.6
personalized_pagerank,842,7,0.7
personalized_pagerank,844,5,0.5
personalized_pagerank,848,2,0.2
personalized_pagerank,852,5,0.5
personalized_pagerank,853,1,0.1
personalized_pagerank,854,4,0.4
personalized_pagerank,856,8,0.8
personalized_pagerank,859,3,0.3
personalized_pagerank,861,4,0.4
personalized_pagerank,862,1,0.1
personalized_pagerank,863,1,0.1
personalized_pagerank,865,9,0.9
personalized_pagerank,869,3,0.3
personalized_pagerank,870,5,0.5
personalized_pagerank,871,3,0.3
personalized_pagerank,872,2,0.2
personalized_pagerank,879,9,0.9
personalized_pagerank,882,1,0.1
personalized_pagerank,883,1,0.1
personalized_pagerank,885,3,0.3
personalized_pagerank,886,1,0.1
personalized_pagerank,895,2,0.2
personalized_pagerank,896,2,0.2
personalized_pagerank,898,3,0.3
personalized_pagerank,899,5,0.5
personalized_pagerank,900,2,0.2
personalized_pagerank,904,6,0.6
personalized_pagerank,908,2,0.2
personalized_pagerank,909,1,0.1
personalized_pagerank,911,5,0.5
personalized_pagerank,912,2,0.2
personalized_pagerank,913,2,0.2
personalized_pagerank,914,1,0.1
personalized_pagerank,918,3,0.3
personalized_pagerank,920,5,0.5
personalized_pagerank,921,1,0.1
personalized_pagerank,922,9,0.9
personalized_pagerank,926,2,0.2
personalized_pagerank,928,5,0.5
personalized_pagerank,933,2,0.2
personalized_pagerank,935,3,0.3
personalized_pagerank,937,6,0.6
personalized_pagerank,941,9,0.9
personalized_pagerank,943,7,0.7
personalized_pagerank,944,2,0.2
personalized_pagerank,946,7,0.7
personalized_pagerank,947,2,0.2
personalized_pagerank,948,3,0.3
personalized_pagerank,949,2,0.2
personalized_pagerank,950,1,0.1
personalized_pagerank,954,5,0.5
personalized_pagerank,956,7,0.7
personalized_pagerank,959,2,0.2
personalized_pagerank,960,4,0.4
personalized_pagerank,961,1,0.1
personalized_pagerank,962,1,0.1
personalized_pagerank,964,1,0.1
personalized_pagerank,967,2,0.2
personalized_pagerank,968,1,0.1
personalized_pagerank,969,1,0.1
personalized_pagerank,970,2,0.2
personalized_pagerank,971,9,0.9
personalized_pagerank,974,6,0.6
personalized_pagerank,975,3,0.3
personalized_pagerank,978,6,0.6
personalized_pagerank,981,3,0.3
personalized_pagerank,982,2,0.2
personalized_pagerank,984,1,0.1
personalized_pagerank,986,8,0.8
personalized_pagerank,987,1,0.1
personalized_pagerank,988,9,0.9
personalized_pagerank,993,9,0.9
personalized_pagerank,994,6,0.6
personalized_pagerank,996,6,0.6
personalized_pagerank,998,6,0.6
personalized_pagerank,999,1,0.1
personalized_pagerank,1000,5,0.5
personalized_pagerank,1003,3,0.3
personalized_pagerank,1004,4,0.4
personalized_pagerank,1005,2,0.2
personalized_pagerank,1006,5,0.5
personalized_pagerank,1008,2,0.2
personalized_pagerank,1009,5,0.5
personalized_pagerank,1010,1,0.1
personalized_pagerank,1011,2,0.2
personalized_pagerank,1012,2,0.2
personalized_pagerank,1013,3,0.3
personalized_pagerank,1022,1,0.1
personalized_pagerank,1023,2,0.2
personalized_pagerank,1024,6,0.6
personalized_pagerank,1027,3,0.3
personalized_pagerank,1028,1,0.1
personalized_pagerank,1029,5,0.5
personalized_pagerank,1031,5,0.5
personalized_pagerank,1032,5,0.5
personalized_pagerank,1034,5,0.5
personalized_pagerank,1035,2,0.2
personalized_pagerank,1037,7,0.7
personalized_pagerank,1038,2,0.2
personalized_pagerank,1041,5,0.5
personalized_pagerank,1042,2,0.2
personalized_pagerank,1043,3,0.3
personalized_pagerank,1044,2,0.2
personalized_pagerank,1046,5,0.5
personalized_pagerank,1050,4,0.4
personalized_pagerank,1051,4,0.4
personalized_pagerank,1052,1,0.1
personalized_pagerank,1055,8,0.8
personalized_pagerank,1060,1,0.1
personalized_pagerank,1062,8,0.8
personalized_pagerank,1063,4,0.4
personalized_pagerank,1064,1,0.1
personalized_pagerank,1065,1,0.1
personalized_pagerank,1066,2,0.2
personalized_pagerank,1074,6,0.6
personalized_pagerank,1075,7,0.7
personalized_pagerank,1078,2,0.2
personalized_pagerank,1080,2,0.2
personalized_pagerank,1082,1,0.1
personalized_pagerank,1083,1,0.1
personalized_pagerank,1084,1,0.1
personalized_pagerank,1085,1,0.1
personalized_pagerank,1086,1,0.1
personalized_pagerank,1089,2,0.2
personalized_pagerank,1095,1,0.1
personalized_pagerank,1097,7,0.7
personalized_pagerank,1098,7,0.7
personalized_pagerank,1103,1,0.1
personalized_pagerank,1111,8,0.8
personalized_pagerank,1113,3,0.3
personalized_pagerank,1114,7,0.7
personalized_pagerank,1124,6,0.6
personalized_pagerank,1125,6,0.6
personalized_pagerank,1126,1,0.1
personalized_pagerank,1127,6,0.6
personalized_pagerank,1128,3,0.3
personalized_pagerank,1129,6,0.6
personalized_pagerank,1132,6,0.6
personalized_pagerank,1133,8,0.8
personalized_pagerank,1134,1,0.1
personalized_pagerank,1135,7,0.7
personalized_pagerank,1137,6,0.6
personalized_pagerank,1138,2,0.2
personalized_pagerank,1139,1,0.1
personalized_pagerank,1142,9,0.9
personalized_pagerank,1143,2,0.2
personalized_pagerank,1144,2,0.2
personalized_pagerank,1145,1,0.1
personalized_pagerank,1151,7,0.7
personalized_pagerank,1156,2,0.2
personalized_pagerank,1159,1,0.1
personalized_pagerank,1160,5,0.5
personalized_pagerank,1164,4,0.4
personalized_pagerank,1165,3,0.3
personalized_pagerank,1166,8,0.8
personalized_pagerank,1167,8,0.8
personalized_pagerank,1168,2,0.2
personalized_pagerank,1169,3,0.3
personalized_pagerank,1179,3,0.3
personalized_pagerank,1182,2,0.2
personalized_pagerank,1183,1,0.1
personalized_pagerank,1184,5,0.5
personalized_pagerank,1185,4,0.4
personalized_pagerank,1187,1,0.1
personalized_pagerank,1188,1,0.1
personalized_pagerank,1190,1,0.1
personalized_pagerank,1193,2,0.2
personalized_pagerank,1196,3,0.3
personalized_pagerank,1199,1,0.1
personalized_pagerank,1200,8,0.8
personalized_pagerank,1201,7,0.7
personalized_pagerank,1202,7,0.7
personalized_pagerank,1203,3,0.3
personalized_pagerank,1204,2,0.2
personalized_pagerank,1207,2,0.2
personalized_pagerank,1210,8,0.8
personalized_pagerank,1211,6,0.6
personalized_pagerank,1214,1,0.1
personalized_pagerank,1215,8,0.8
personalized_pagerank,1221,7,0.7
personalized_pagerank,1228,2,0.2
personalized_pagerank,1230,4,0.4
personalized_pagerank,1233,1,0.1
personalized_pagerank,1234,4,0.4
personalized_pagerank,1235,4,0.4
personalized_pagerank,1236,9,0.9
personalized_pagerank,1237,2,0.2
personalized_pagerank,1239,1,0.1
personalized_pagerank,1241,6,0.6
personalized_pagerank,1242,3,0.3
personalized_pagerank,1243,1,0.1
personalized_pagerank,1244,1,0.1
personalized_pagerank,1245,3,0.3
personalized_pagerank,1246,3,0.3
personalized_pagerank,1247,5,0.5
personalized_pagerank,1248,5,0.5
personalized_pagerank,1252,1,0.1
personalized_pagerank,1253,5,0.5
personalized_pagerank,1259,5,0.5
personalized_pagerank,1267,3,0.3
personalized_pagerank,1278,8,0.8
personalized_pagerank,1279,6,0.6
personalized_pagerank,1281,2,0.2
personalized_pagerank,1282,3,0.3
personalized_pagerank,1285,8,0.8
personalized_pagerank,1286,8,0.8
personalized_pagerank,1290,5,0.5
personalized_pagerank,1291,4,0.4
personalized_pagerank,1292,1,0.1
personalized_pagerank,1293,3,0.3
personalized_pagerank,1296,1,0.1
personalized_pagerank,1297,7,0.7
personalized_pagerank,1299,2,0.2
personalized_pagerank,1305,9,0.9
personalized_pagerank,1306,3,0.3
personalized_pagerank,1308,1,0.1
personalized_pagerank,1310,1,0.1
personalized_pagerank,1315,2,0.2
personalized_pagerank,1316,1,0.1
personalized_pagerank,1318,1,0.1
personalized_pagerank,1319,6,0.6
personalized_pagerank,1320,2,0.2
personalized_pagerank,1322,2,0.2
personalized_pagerank,1326,1,0.1
personalized_pagerank,1328,1,0.1
personalized_pagerank,1331,1,0.1
personalized_pagerank,1333,1,0.1
personalized_pagerank,1335,5,0.5
personalized_pagerank,1336,2,0.2
personalized_pagerank,1340,1,0.1
personalized_pagerank,1343,1,0.1
personalized_pagerank,1349,1,0.1
personalized_pagerank,1350,8,0.8
personalized_pagerank,1352,8,0.8
personalized_pagerank,1353,5,0.5
personalized_pagerank,1354,2,0.2
personalized_pagerank,1355,1,0.1
personalized_pagerank,1356,2,0.2
personalized_pagerank,1357,7,0.7
personalized_pagerank,1358,4,0.4
personalized_pagerank,1359,1,0.1
personalized_pagerank,1360,4,0.4
personalized_pagerank,1362,1,0.1
personalized_pagerank,1365,2,0.2
personalized_pagerank,1367,4,0.4
personalized_pagerank,1368,4,0.4
personalized_pagerank,1374,8,0.8
personalized_pagerank,1375,2,0.2
personalized_pagerank,1377,9,0.9
personalized_pagerank,1378,2,0.2
personalized_pagerank,1380,6,0.6
personalized_pagerank,1381,5,0.5
personalized_pagerank,1382,5,0.5
personalized_pagerank,1383,2,0.2
personalized_pagerank,1384,4,0.4
personalized_pagerank,1385,5,0.5
personalized_pagerank,1386,6,0.6
personalized_pagerank,1390,6,0.6
personalized_pagerank,1393,1,0.1
personalized_pagerank,1394,2,0.2
personalized_pagerank,1395,5,0.5
personalized_pagerank,1400,1,0.1
personalized_pagerank,1406,1,0.1
personalized_pagerank,1407,1,0.1
personalized_pagerank,1416,3,0.3
personalized_pagerank,1419,5,0.5
personalized_pagerank,1420,2,0.2
personalized_pagerank,1423,2,0.2
personalized_pagerank,1424,6,0.6
personalized_pagerank,1428,7,0.7
personalized_pagerank,1429,1,0.1
personalized_pagerank,1430,1,0.1
personalized_pagerank,1432,1,0.1
personalized_pagerank,1434,1,0.1
personalized_pagerank,1439,3,0.3
personalized_pagerank,1441,4,0.4
personalized_pagerank,1442,2,0.2
personalized_pagerank,1446,1,0.1
personalized_pagerank,1447,2,0.2
personalized_pagerank,1451,1,0.1
personalized_pagerank,1457,2,0.2
personalized_pagerank,1462,5,0.5
personalized_pagerank,1463,2,0.2
personalized_pagerank,1465,1,0.1
personalized_pagerank,1466,4,0.4
personalized_pagerank,1467,1,0.1
personalized_pagerank,1468,3,0.3
personalized_pagerank,1470,6,0.6
personalized_pagerank,1471,8,0.8
personalized_pagerank,1473,3,0.3
personalized_pagerank,1474,1,0.1
personalized_pagerank,1480,7,0.7
personalized_pagerank,1482,2,0.2
personalized_pagerank,1483,7,0.7
personalized_pagerank,1487,5,0.5
personalized_pagerank,1489,9,0.9
personalized_pagerank,1492,7,0.7
personalized_pagerank,1495,1,0.1
personalized_pagerank,1496,8,0.8
personalized_pagerank,1497,4,0.4
personalized_pagerank,1498,1,0.1
personalized_pagerank,1499,4,0.4
personalized_pagerank,1500,6,0.6
personalized_pagerank,1501,5,0.5
personalized_pagerank,1503,1,0.1
personalized_pagerank,1504,2,0.2
personalized_pagerank,1506,5,0.5
personalized_pagerank,1507,1,0.1
personalized_pagerank,1510,2,0.2
personalized_pagerank,1521,9,0.9
personalized_pagerank,1522,7,0.7
personalized_pagerank,1524,1,0.1
personalized_pagerank,1525,5,0.5
personalized_pagerank,1526,1,0.1
personalized_pagerank,1530,2,0.2
personalized_pagerank,1537,9,0.9
personalized_pagerank,1538,6,0.6
personalized_pagerank,1539,1,0.1
personalized_pagerank,1542,4,0.4
personalized_pagerank,1547,5,0.5
personalized_pagerank,1548,1,0.1
personalized_pagerank,1549,8,0.8
personalized_pagerank,1550,7,0.7
personalized_pagerank,1552,7,0.7
personalized_pagerank,1553,4,0.4
personalized_pagerank,1555,8,0.8
personalized_pagerank,1560,1,0.1
personalized_pagerank,1564,4,0.4
personalized_pagerank,1565,1,0.1
personalized_pagerank,1566,7,0.7
personalized_pagerank,1571,4,0.4
personalized_pagerank,1582,3,0.3
personalized_pagerank,1583,5,0.5
personalized_pagerank,1585,7,0.7
personalized_pagerank,1589,3,0.3
personalized_pagerank,1592,5,0.5
personalized_pagerank,1594,8,0.8
personalized_pagerank,1596,5,0.5
personalized_pagerank,1601,1,0.1
personalized_pagerank,1603,1,0.1
personalized_pagerank,1604,2,0.2
personalized_pagerank,1607,1,0.1
personalized_pagerank,1608,7,0.7
personalized_pagerank,1610,1,0.1
personalized_pagerank,1612,7,0.7
personalized_pagerank,1613,5,0.5
personalized_pagerank,1614,3,0.3
personalized_pagerank,1615,6,0.6
personalized_pagerank,1621,7,0.7
personalized_pagerank,1622,5,0.5
personalized_pagerank,1623,4,0.4
personalized_pagerank,1628,1,0.1
personalized_pagerank,1631,1,0.1
personalized_pagerank,1639,5,0.5
personalized_pagerank,1644,7,0.7
personalized_pagerank,1646,1,0.1
personalized_pagerank,1647,6,0.6
personalized_pagerank,1658,1,0.1
personalized_pagerank,1661,6,0.6
personalized_pagerank,1662,2,0.2
personalized_pagerank,1664,1,0.1
personalized_pagerank,1667,6,0.6
personalized_pagerank,1668,3,0.3
personalized_pagerank,1670,2,0.2
personalized_pagerank,1674,1,0.1
personalized_pagerank,1680,2,0.2
personalized_pagerank,1683,1,0.1
personalized_pagerank,1684,3,0.3
personalized_pagerank,1687,3,0.3
personalized_pagerank,1688,6,0.6
personalized_pagerank,1691,3,0.3
personalized_pagerank,1692,2,0.2
personalized_pagerank,1693,1,0.1
personalized_pagerank,1697,9,0.9
personalized_pagerank,1700,6,0.6
personalized_pagerank,1701,8,0.8
personalized_pagerank,1705,7,0.7
personalized_pagerank,1706,1,0.1
personalized_pagerank,1707,5,0.5
personalized_pagerank,1711,1,0.1
personalized_pagerank,1714,2,0.2
personalized_pagerank,1716,1,0.1
personalized_pagerank,1717,9,0.9
personalized_pagerank,1719,2,0.2
personalized_pagerank,1720,3,0.3
personalized_pagerank,1722,5,0.5
personalized_pagerank,1729,4,0.4
personalized_pagerank,1730,5,0.5
personalized_pagerank,1732,4,0.4
personalized_pagerank,1733,5,0.5
personalized_pagerank,1734,8,0.8
personalized_pagerank,1737,2,0.2
personalized_pagerank,1741,3,0.3
personalized_pagerank,1742,1,0.1
personalized_pagerank,1748,5,0.5
personalized_pagerank,1749,8,0.8
personalized_pagerank,1751,6,0.6
personalized_pagerank,1754,4,0.4
personalized_pagerank,1756,7,0.7
personalized_pagerank,1757,3,0.3
personalized_pagerank,1759,1,0.1
personalized_pagerank,1762,5,0.5
personalized_pagerank,1764,1,0.1
personalized_pagerank,1766,5,0.5
personalized_pagerank,1767,4,0.4
personalized_pagerank,1769,4,0.4
personalized_pagerank,1772,7,0.7
personalized_pagerank,1777,1,0.1
personalized_pagerank,1778,2,0.2
personalized_pagerank,1781,1,0.1
personalized_pagerank,1782,1,0.1
personalized_pagerank,1783,7,0.7
personalized_pagerank,1789,1,0.1
personalized_pagerank,1792,5,0.5
personalized_pagerank,1794,5,0.5
personalized_pagerank,1795,5,0.5
personalized_pagerank,1796,5,0.5
personalized_pagerank,1799,5,0.5
personalized_pagerank,1800,3,0.3
personalized_pagerank,1803,5,0.5
personalized_pagerank,1807,2,0.2
personalized_pagerank,1808,6,0.6
personalized_pagerank,1809,1,0.1
personalized_pagerank,1811,2,0.2
personalized_pagerank,1812,1,0.1
personalized_pagerank,1813,7,0.7
personalized_pagerank,1814,8,0.8
personalized_pagerank,1816,5,0.5
personalized_pagerank,1820,7,0.7
personalized_pagerank,1821,3,0.3
personalized_pagerank,1822,4,0.4
personalized_pagerank,1823,2,0.2
personalized_pagerank,1828,1,0.1
personalized_pagerank,1830,1,0.1
personalized_pagerank,1831,1,0.1
personalized_pagerank,1832,1,0.1
personalized_pagerank,1833,3,0.3
personalized_pagerank,1835,6,0.6
personalized_pagerank,1836,4,0.4
personalized_pagerank,1837,5,0.5
personalized_pagerank,1838,6,0.6
personalized_pagerank,1840,1,0.1
personalized_pagerank,1847,3,0.3
personalized_pagerank,1848,5,0.5
personalized_pagerank,1855,3,0.3
personalized_pagerank,1857,2,0.2
personalized_pagerank,1865,1,0.1
personalized_pagerank,1868,5,0.5
personalized_pagerank,1874,2,0.2
personalized_pagerank,1875,3,0.3
personalized_pagerank,1879,1,0.1
personalized_pagerank,1885,7,0.7
personalized_pagerank,1886,1,0.1
personalized_pagerank,1888,5,0.5
personalized_pagerank,1891,4,0.4
personalized_pagerank,1892,1,0.1
personalized_pagerank,1896,3,0.3
personalized_pagerank,1899,1,0.1
personalized_pagerank,1901,1,0.1
personalized_pagerank,1908,1,0.1
personalized_pagerank,1912,1,0.1
personalized_pagerank,1915,5,0.5
personalized_pagerank,1918,3,0.3
personalized_pagerank,1919,8,0.8
personalized_pagerank,1922,6,0.6
personalized_pagerank,1924,1,0.1
personalized_pagerank,1925,4,0.4
personalized_pagerank,1927,1,0.1
personalized_pagerank,1928,1,0.1
personalized_pagerank,1931,3,0.3
personalized_pagerank,1935,2,0.2
personalized_pagerank,1937,3,0.3
personalized_pagerank,1940,1,0.1
personalized_pagerank,1943,1,0.1
personalized_pagerank,1944,1,0.1
personalized_pagerank,1945,1,0.1
personalized_pagerank,1947,3,0.3
personalized_pagerank,1948,3,0.3
personalized_pagerank,1951,3,0.3
personalized_pagerank,1961,1,0.1
personalized_pagerank,1962,5,0.5
personalized_pagerank,1964,1,0.1
personalized_pagerank,1966,4,0.4
personalized_pagerank,1967,7,0.7
personalized_pagerank,1972,10,1.0
personalized_pagerank,1976,3,0.3
personalized_pagerank,1977,8,0.8
personalized_pagerank,1979,1,0.1
personalized_pagerank,1980,5,0.5
personalized_pagerank,1982,4,0.4
personalized_pagerank,1984,3,0.3
personalized_pagerank,1985,4,0.4
personalized_pagerank,1986,5,0.5
personalized_pagerank,1990,6,0.6
personalized_pagerank,1991,7,0.7
personalized_pagerank,1992,4,0.4
personalized_pagerank,1993,1,0.1
personalized_pagerank,1995,2,0.2
personalized_pagerank,1997,7,0.7
personalized_pagerank,2001,5,0.5
personalized_pagerank,2003,6,0.6
personalized_pagerank,2009,7,0.7
personalized_pagerank,2010,3,0.3
personalized_pagerank,2014,4,0.4
personalized_pagerank,2016,2,0.2
personalized_pagerank,2033,4,0.4
personalized_pagerank,2037,2,0.2
personalized_pagerank,2038,2,0.2
personalized_pagerank,2041,1,0.1
personalized_pagerank,2050,1,0.1
personalized_pagerank,2052,2,0.2
personalized_pagerank,2054,2,0.2
personalized_pagerank,2059,1,0.1
personalized_pagerank,2062,8,0.8
personalized_pagerank,2063,5,0.5
personalized_pagerank,2064,1,0.1
personalized_pagerank,2065,7,0.7
personalized_pagerank,2067,1,0.1
personalized_pagerank,2068,2,0.2
personalized_pagerank,2069,2,0.2
personalized_pagerank,2071,1,0.1
personalized_pagerank,2072,8,0.8
personalized_pagerank,2083,1,0.1
personalized_pagerank,2084,2,0.2
personalized_pagerank,2085,2,0.2
personalized_pagerank,2091,1,0.1
personalized_pagerank,2092,3,0.3
personalized_pagerank,2093,5,0.5
personalized_pagerank,2095,1,0.1
personalized_pagerank,2097,3,0.3
personalized_pagerank,2099,3,0.3
personalized_pagerank,2102,3,0.3
personalized_pagerank,2103,1,0.1
personalized_pagerank,2105,3,0.3
personalized_pagerank,2108,2,0.2
personalized_pagerank,2109,5,0.5
personalized_pagerank,2110,1,0.1
personalized_pagerank,2113,1,0.1
personalized_pagerank,2114,5,0.5
personalized_pagerank,2116,2,0.2
personalized_pagerank,2117,4,0.4
personalized_pagerank,2118,7,0.7
personalized_pagerank,2119,1,0.1
personalized_pagerank,2120,3,0.3
personalized_pagerank,2125,1,0.1
personalized_pagerank,2127,1,0.1
personalized_pagerank,2128,2,0.2
personalized_pagerank,2129,8,0.8
personalized_pagerank,2130,2,0.2
personalized_pagerank,2133,5,0.5
personalized_pagerank,2134,3,0.3
personalized_pagerank,2135,5,0.5
personalized_pagerank,2139,1,0.1
personalized_pagerank,2141,1,0.1
personalized_pagerank,2142,1,0.1
personalized_pagerank,2144,8,0.8
personalized_pagerank,2145,5,0.5
personalized_pagerank,2149,1,0.1
personalized_pagerank,2152,1,0.1
personalized_pagerank,2156,5,0.5
personalized_pagerank,2159,3,0.3
personalized_pagerank,2160,4,0.4
personalized_pagerank,2161,1,0.1
personalized_pagerank,2163,1,0.1
personalized_pagerank,2168,1,0.1
personalized_pagerank,2169,5,0.5
personalized_pagerank,2170,1,0.1
personalized_pagerank,2171,5,0.5
personalized_pagerank,2172,3,0.3
personalized_pagerank,2174,6,0.6
personalized_pagerank,2176,2,0.2
personalized_pagerank,2177,1,0.1
personalized_pagerank,2178,1,0.1
personalized_pagerank,2181,1,0.1
personalized_pagerank,2186,5,0.5
personalized_pagerank,2192,2,0.2
personalized_pagerank,2193,3,0.3
personalized_pagerank,2196,1,0.1
personalized_pagerank,2197,1,0.1
personalized_pagerank,2198,1,0.1
personalized_pagerank,2206,2,0.2
personalized_pagerank,2209,4,0.4
personalized_pagerank,2210,4,0.4
personalized_pagerank,2215,4,0.4
personalized_pagerank,2217,2,0.2
personalized_pagerank,2223,3,0.3
personalized_pagerank,2225,6,0.6
personalized_pagerank,2226,2,0.2
personalized_pagerank,2229,7,0.7
personalized_pagerank,2230,7,0.7
personalized_pagerank,2231,5,0.5
personalized_pagerank,2232,1,0.1
personalized_pagerank,2233,4,0.4
personalized_pagerank,2234,5,0.5
personalized_pagerank,2236,8,0.8
personalized_pagerank,2237,9,0.9
personalized_pagerank,2240,9,0.9
personalized_pagerank,2241,1,0.1
personalized_pagerank,2246,1,0.1
personalized_pagerank,2249,3,0.3
personalized_pagerank,2251,2,0.2
personalized_pagerank,2252,2,0.2
personalized_pagerank,2254,1,0.1
personalized_pagerank,2255,5,0.5
personalized_pagerank,2256,9,0.9
personalized_pagerank,2257,4,0.4
personalized_pagerank,2258,6,0.6
personalized_pagerank,2264,7,0.7
personalized_pagerank,2272,5,0.5
personalized_pagerank,2274,4,0.4
personalized_pagerank,2276,5,0.5
personalized_pagerank,2277,3,0.3
personalized_pagerank,2281,1,0.1
personalized_pagerank,2282,1,0.1
personalized_pagerank,2285,5,0.5
personalized_pagerank,2286,1,0.1
personalized_pagerank,2289,3,0.3
personalized_pagerank,2290,7,0.7
personalized_pagerank,2293,1,0.1
personalized_pagerank,2294,2,0.2
personalized_pagerank,2295,1,0.1
personalized_pagerank,2297,7,0.7
personalized_pagerank,2298,7,0.7
personalized_pagerank,2299,5,0.5
personalized_pagerank,2309,1,0.1
personalized_pagerank,2314,1,0.1
personalized_pagerank,2318,1,0.1
personalized_pagerank,2319,1,0.1
personalized_pagerank,2321,1,0.1
personalized_pagerank,2322,1,0.1
personalized_pagerank,2323,8,0.8
personalized_pagerank,2326,9,0.9
personalized_pagerank,2328,8,0.8
personalized_pagerank,2330,1,0.1
personalized_pagerank,2332,4,0.4
personalized_pagerank,2338,1,0.1
personalized_pagerank,2340,1,0.1
personalized_pagerank,2342,2,0.2
personalized_pagerank,2343,1,0.1
personalized_pagerank,2346,2,0.2
personalized_pagerank,2349,1,0.1
personalized_pagerank,2354,1,0.1
personalized_pagerank,2356,7,0.7
personalized_pagerank,2357,3,0.3
personalized_pagerank,2363,1,0.1
personalized_pagerank,2364,3,0.3
personalized_pagerank,2365,6,0.6
personalized_pagerank,2366,1,0.1
personalized_pagerank,2367,2,0.2
personalized_pagerank,2368,4,0.4
personalized_pagerank,2369,9,0.9
personalized_pagerank,2371,8,0.8
personalized_pagerank,2375,5,0.5
personalized_pagerank,2376,6,0.6
personalized_pagerank,2379,7,0.7
personalized_pagerank,2381,8,0.8
personalized_pagerank,2384,4,0.4
personalized_pagerank,2387,8,0.8
personalized_pagerank,2393,1,0.1
personalized_pagerank,2398,9,0.9
personalized_pagerank,2399,1,0.1
personalized_pagerank,2402,1,0.1
personalized_pagerank,2407,1,0.1
personalized_pagerank,2410,4,0.4
personalized_pagerank,2411,9,0.9
personalized_pagerank,2412,2,0.2
personalized_pagerank,2413,1,0.1
personalized_pagerank,2414,2,0.2
personalized_pagerank,2415,2,0.2
personalized_pagerank,2416,5,0.5
personalized_pagerank,2417,1,0.1
personalized_pagerank,2427,2,0.2
personalized_pagerank,2434,1,0.1
personalized_pagerank,2435,5,0.5
personalized_pagerank,2437,1,0.1
personalized_pagerank,2440,6,0.6
personalized_pagerank,2444,1,0.1
personalized_pagerank,2452,7,0.7
personalized_pagerank,2456,5,0.5
personalized_pagerank,2467,3,0.3
personalized_pagerank,2472,5,0.5
personalized_pagerank,2473,5,0.5
personalized_pagerank,2474,8,0.8
personalized_pagerank,2475,1,0.1
personalized_pagerank,2476,5,0.5
personalized_pagerank,2478,2,0.2
personalized_pagerank,2480,2,0.2
personalized_pagerank,2481,3,0.3
personalized_pagerank,2482,1,0.1
personalized_pagerank,2485,9,0.9
personalized_pagerank,2488,3,0.3
personalized_pagerank,2493,2,0.2
personalized_pagerank,2497,5,0.5
personalized_pagerank,2502,3,0.3
personalized_pagerank,2504,8,0.8
personalized_pagerank,2506,6,0.6
personalized_pagerank,2507,7,0.7
personalized_pagerank,2508,3,0.3
personalized_pagerank,2509,3,0.3
personalized_pagerank,2510,7,0.7
personalized_pagerank,2511,2,0.2
personalized_pagerank,2516,6,0.6
personalized_pagerank,2517,2,0.2
personalized_pagerank,2518,1,0.1
personalized_pagerank,2523,2,0.2
personalized_pagerank,2524,2,0.2
personalized_pagerank,2531,1,0.1
personalized_pagerank,2535,5,0.5
personalized_pagerank,2541,3,0.3
personalized_pagerank,2542,5,0.5
personalized_pagerank,2544,3,0.3
personalized_pagerank,2545,1,0.1
personalized_pagerank,2546,5,0.5
personalized_pagerank,2547,6,0.6
personalized_pagerank,2548,2,0.2
personalized_pagerank,2549,9,0.9
personalized_pagerank,2550,4,0.4
personalized_pagerank,2552,1,0.1
personalized_pagerank,2555,3,0.3
personalized_pagerank,2557,7,0.7
personalized_pagerank,2559,8,0.8
personalized_pagerank,2560,5,0.5
personalized_pagerank,2564,3,0.3
personalized_pagerank,2565,9,0.9
personalized_pagerank,2566,3,0.3
personalized_pagerank,2568,2,0.2
personalized_pagerank,2569,1,0.1
personalized_pagerank,2572,2,0.2
personalized_pagerank,2574,1,0.1
personalized_pagerank,2576,5,0.5
personalized_pagerank,2577,1,0.1
personalized_pagerank,2578,2,0.2
personalized_pagerank,2583,1,0.1
personalized_pagerank,2585,7,0.7
personalized_pagerank,2587,3,0.3
personalized_pagerank,2592,1,0.1
personalized_pagerank,2593,5,0.5
personalized_pagerank,2594,7,0.7
personalized_pagerank,2595,7,0.7
personalized_pagerank,2596,4,0.4
personalized_pagerank,2598,1,0.1
personalized_pagerank,2605,7,0.7
personalized_pagerank,2607,1,0.1
personalized_pagerank,2608,4,0.4
personalized_pagerank,2611,1,0.1
personalized_pagerank,2612,6,0.6
personalized_pagerank,2613,4,0.4
personalized_pagerank,2617,5,0.5
personalized_pagerank,2618,5,0.5
personalized_pagerank,2619,4,0.4
personalized_pagerank,2620,3,0.3
personalized_pagerank,2621,1,0.1
personalized_pagerank,2623,5,0.5
personalized_pagerank,2626,2,0.2
personalized_pagerank,2645,1,0.1
personalized_pagerank,2646,3,0.3
personalized_pagerank,2647,2,0.2
personalized_pagerank,2651,8,0.8
personalized_pagerank,2653,8,0.8
personalized_pagerank,2654,5,0.5
personalized_pagerank,2655,5,0.5
personalized_pagerank,2657,7,0.7
personalized_pagerank,2658,6,0.6
personalized_pagerank,2659,3,0.3
personalized_pagerank,2660,5,0.5
personalized_pagerank,2665,1,0.1
personalized_pagerank,2667,8,0.8
personalized_pagerank,2672,5,0.5
personalized_pagerank,2674,9,0.9
personalized_pagerank,2677,2,0.2
personalized_pagerank,2680,3,0.3
personalized_pagerank,2686,6,0.6
personalized_pagerank,2687,2,0.2
personalized_pagerank,2688,7,0.7
personalized_pagerank,2689,4,0.4
personalized_pagerank,2690,7,0.7
personalized_pagerank,2691,7,0.7
personalized_pagerank,2692,4,0.4
personalized_pagerank,2693,6,0.6
personalized_pagerank,2694,4,0.4
personalized_pagerank,2696,10,1.0
personalized_pagerank,2697,8,0.8
personalized_pagerank,2698,1,0.1
personalized_pagerank,2699,5,0.5
personalized_pagerank,2700,6,0.6
personalized_pagerank,2701,4,0.4
personalized_pagerank,2702,5,0.5
personalized_pagerank,2703,6,0.6
personalized_pagerank,2704,6,0.6
personalized_pagerank,2706,3,0.3
personalized_pagerank,2707,3,0.3
personalized_pagerank,2708,2,0.2
personalized_pagerank,2711,2,0.2
personalized_pagerank,2713,9,0.9
personalized_pagerank,2719,4,0.4
personalized_pagerank,2724,1,0.1
personalized_pagerank,2727,9,0.9
personalized_pagerank,2728,1,0.1
personalized_pagerank,2730,1,0.1
personalized_pagerank,2736,1,0.1
personalized_pagerank,2737,3,0.3
personalized_pagerank,2740,6,0.6
personalized_pagerank,2744,4,0.4
personalized_pagerank,2746,2,0.2
personalized_pagerank,2747,9,0.9
personalized_pagerank,2752,1,0.1
personalized_pagerank,2757,1,0.1
personalized_pagerank,2760,3,0.3
personalized_pagerank,2765,6,0.6
personalized_pagerank,2768,7,0.7
personalized_pagerank,2774,8,0.8
personalized_pagerank,2775,5,0.5
personalized_pagerank,2778,4,0.4
personalized_pagerank,2780,1,0.1
personalized_pagerank,2789,1,0.1
personalized_pagerank,2790,7,0.7
personalized_pagerank,2791,2,0.2
personalized_pagerank,2792,3,0.3
personalized_pagerank,2793,1,0.1
personalized_pagerank,2796,3,0.3
personalized_pagerank,2799,2,0.2
personalized_pagerank,2802,3,0.3
personalized_pagerank,2804,4,0.4
personalized_pagerank,2807,2,0.2
personalized_pagerank,2811,3,0.3
personalized_pagerank,2815,4,0.4
personalized_pagerank,2819,4,0.4
personalized_pagerank,2822,6,0.6
personalized_pagerank,2830,1,0.1
personalized_pagerank,2831,6,0.6
personalized_pagerank,2832,4,0.4
personalized_pagerank,2833,1,0.1
personalized_pagerank,2834,2,0.2
personalized_pagerank,2838,2,0.2
personalized_pagerank,2840,5,0.5
personalized_pagerank,2842,7,0.7
personalized_pagerank,2845,1,0.1
personalized_pagerank,2851,4,0.4
personalized_pagerank,2852,1,0.1
personalized_pagerank,2855,2,0.2
personalized_pagerank,2859,5,0.5
personalized_pagerank,2860,2,0.2
personalized_pagerank,2862,2,0.2
personalized_pagerank,2863,1,0.1
personalized_pagerank,2866,2,0.2
personalized_pagerank,2867,2,0.2
personalized_pagerank,2871,6,0.6
personalized_pagerank,2872,7,0.7
personalized_pagerank,2875,1,0.1
personalized_pagerank,2883,2,0.2
personalized_pagerank,2885,1,0.1
personalized_pagerank,2886,2,0.2
personalized_pagerank,2889,3,0.3
personalized_pagerank,2898,1,0.1
personalized_pagerank,2900,4,0.4
personalized_pagerank,2901,2,0.2
personalized_pagerank,2903,1,0.1
personalized_pagerank,2904,6,0.6
personalized_pagerank,2906,2,0.2
personalized_pagerank,2907,1,0.1
personalized_pagerank,2908,4,0.4
personalized_pagerank,2909,6,0.6
personalized_pagerank,2912,6,0.6
personalized_pagerank,2913,2,0.2
personalized_pagerank,2919,1,0.1
personalized_pagerank,2923,6,0.6
personalized_pagerank,2925,3,0.3
personalized_pagerank,2932,10,1.0
personalized_pagerank,2933,2,0.2
personalized_pagerank,2935,5,0.5
personalized_pagerank,2936,1,0.1
personalized_pagerank,2939,2,0.2
personalized_pagerank,2940,5,0.5
personalized_pagerank,2941,2,0.2
personalized_pagerank,2947,2,0.2
personalized_pagerank,2948,3,0.3
personalized_pagerank,2950,4,0.4
personalized_pagerank,2951,3,0.3
personalized_pagerank,2953,2,0.2
personalized_pagerank,2958,4,0.4
personalized_pagerank,2964,7,0.7
personalized_pagerank,2965,1,0.1
personalized_pagerank,2967,7,0.7
personalized_pagerank,2968,6,0.6
personalized_pagerank,2969,2,0.2
personalized_pagerank,2972,6,0.6
personalized_pagerank,2974,2,0.2
personalized_pagerank,2981,8,0.8
personalized_pagerank,2983,5,0.5
personalized_pagerank,2985,1,0.1
personalized_pagerank,2986,2,0.2
personalized_pagerank,2987,3,0.3
personalized_pagerank,2988,8,0.8
personalized_pagerank,2989,2,0.2
personalized_pagerank,2994,1,0.1
personalized_pagerank,2995,3,0.3
personalized_pagerank,2998,2,0.2
personalized_pagerank,2999,2,0.2
personalized_pagerank,3000,5,0.5
personalized_pagerank,3001,1,0.1
personalized_pagerank,3005,6,0.6
personalized_pagerank,3006,4,0.4
personalized_pagerank,3007,5,0.5
personalized_pagerank,3009,5,0.5
personalized_pagerank,3010,9,0.9
personalized_pagerank,3015,2,0.2
personalized_pagerank,3017,1,0.1
personalized_pagerank,3018,3,0.3
personalized_pagerank,3020,6,0.6
personalized_pagerank,3024,8,0.8
personalized_pagerank,3025,2,0.2
personalized_pagerank,3026,10,1.0
personalized_pagerank,3027,2,0.2
personalized_pagerank,3028,7,0.7
personalized_pagerank,3031,5,0.5
personalized_pagerank,3032,7,0.7
personalized_pagerank,3033,6,0.6
personalized_pagerank,3034,6,0.6
personalized_pagerank,3035,3,0.3
personalized_pagerank,3036,1,0.1
personalized_pagerank,3037,1,0.1
personalized_pagerank,3039,4,0.4
personalized_pagerank,3040,1,0.1
personalized_pagerank,3041,1,0.1
personalized_pagerank,3046,3,0.3
personalized_pagerank,3047,2,0.2
personalized_pagerank,3049,1,0.1
personalized_pagerank,3053,3,0.3
personalized_pagerank,3055,6,0.6
personalized_pagerank,3056,6,0.6
personalized_pagerank,3057,6,0.6
personalized_pagerank,3059,9,0.9
personalized_pagerank,3060,1,0.1
personalized_pagerank,3061,1,0.1
personalized_pagerank,3062,7,0.7
personalized_pagerank,3072,2,0.2
personalized_pagerank,3073,7,0.7
personalized_pagerank,3075,1,0.1
personalized_pagerank,3077,2,0.2
personalized_pagerank,3081,3,0.3
personalized_pagerank,3083,1,0.1
personalized_pagerank,3084,4,0.4
personalized_pagerank,3086,2,0.2
personalized_pagerank,3087,1,0.1
personalized_pagerank,3088,2,0.2
personalized_pagerank,3089,1,0.1
personalized_pagerank,3092,6,0.6
personalized_pagerank,3094,1,0.1
personalized_pagerank,3095,4,0.4
personalized_pagerank,3098,3,0.3
personalized_pagerank,3103,1,0.1
personalized_pagerank,3106,2,0.2
personalized_pagerank,3107,2,0.2
personalized_pagerank,3108,2,0.2
personalized_pagerank,3110,5,0.5
personalized_pagerank,3120,1,0.1
personalized_pagerank,3124,1,0.1
personalized_pagerank,3125,3,0.3
personalized_pagerank,3127,1,0.1
personalized_pagerank,3137,1,0.1
personalized_pagerank,3142,6,0.6
personalized_pagerank,3144,6,0.6
personalized_pagerank,3145,2,0.2
personalized_pagerank,3147,3,0.3
personalized_pagerank,3148,5,0.5
personalized_pagerank,3150,2,0.2
personalized_pagerank,3159,1,0.1
personalized_pagerank,3168,6,0.6
personalized_pagerank,3172,1,0.1
personalized_pagerank,3175,5,0.5
personalized_pagerank,3176,1,0.1
personalized_pagerank,3180,6,0.6
personalized_pagerank,3181,1,0.1
personalized_pagerank,3185,1,0.1
personalized_pagerank,3188,5,0.5
personalized_pagerank,3189,1,0.1
personalized_pagerank,3190,1,0.1
personalized_pagerank,3191,8,0.8
personalized_pagerank,3192,6,0.6
personalized_pagerank,3196,5,0.5
personalized_pagerank,3200,2,0.2
personalized_pagerank,3202,3,0.3
personalized_pagerank,3208,2,0.2
personalized_pagerank,3209,5,0.5
personalized_pagerank,3225,3,0.3
personalized_pagerank,3227,4,0.4
personalized_pagerank,3238,4,0.4
personalized_pagerank,3239,2,0.2
personalized_pagerank,3247,1,0.1
personalized_pagerank,3252,8,0.8
personalized_pagerank,3256,3,0.3
personalized_pagerank,3258,9,0.9
personalized_pagerank,3260,1,0.1
personalized_pagerank,3268,1,0.1
personalized_pagerank,3272,1,0.1
personalized_pagerank,3274,6,0.6
personalized_pagerank,3275,2,0.2
personalized_pagerank,3276,9,0.9
personalized_pagerank,3278,1,0.1
personalized_pagerank,3282,1,0.1
personalized_pagerank,3284,2,0.2
personalized_pagerank,3290,5,0.5
personalized_pagerank,3291,5,0.5
personalized_pagerank,3292,2,0.2
personalized_pagerank,3293,1,0.1
personalized_pagerank,3297,6,0.6
personalized_pagerank,3301,3,0.3
personalized_pagerank,3304,5,0.5
personalized_pagerank,3305,1,0.1
personalized_pagerank,3306,2,0.2
personalized_pagerank,3310,3,0.3
personalized_pagerank,3315,2,0.2
personalized_pagerank,3317,1,0.1
personalized_pagerank,3321,3,0.3
personalized_pagerank,3326,3,0.3
personalized_pagerank,3333,2,0.2
personalized_pagerank,3334,2,0.2
personalized_pagerank,3340,1,0.1
personalized_pagerank,3343,2,0.2
personalized_pagerank,3345,7,0.7
personalized_pagerank,3346,1,0.1
personalized_pagerank,3348,2,0.2
personalized_pagerank,3349,2,0.2
personalized_pagerank,3350,7,0.7
personalized_pagerank,3352,9,0.9
personalized_pagerank,3361,1,0.1
personalized_pagerank,3366,4,0.4
personalized_pagerank,3373,4,0.4
personalized_pagerank,3375,4,0.4
personalized_pagerank,3377,3,0.3
personalized_pagerank,3378,5,0.5
personalized_pagerank,3379,5,0.5
personalized_pagerank,3380,4,0.4
personalized_pagerank,3381,6,0.6
personalized_pagerank,3386,2,0.2
personalized_pagerank,3388,3,0.3
personalized_pagerank,3390,6,0.6
personalized_pagerank,3391,1,0.1
personalized_pagerank,3392,4,0.4
personalized_pagerank,3393,4,0.4
personalized_pagerank,3394,9,0.9
personalized_pagerank,3396,1,0.1
personalized_pagerank,3402,7,0.7
personalized_pagerank,3404,6,0.6
personalized_pagerank,3406,1,0.1
personalized_pagerank,3417,5,0.5
personalized_pagerank,3425,1,0.1
personalized_pagerank,3433,2,0.2
personalized_pagerank,3435,1,0.1
personalized_pagerank,3439,7,0.7
personalized_pagerank,3441,1,0.1
personalized_pagerank,3443,4,0.4
personalized_pagerank,3445,3,0.3
personalized_pagerank,3447,8,0.8
personalized_pagerank,3449,8,0.8
personalized_pagerank,3450,4,0.4
personalized_pagerank,3451,6,0.6
personalized_pagerank,3452,8,0.8
personalized_pagerank,3453,9,0.9
personalized_pagerank,3454,9,0.9
personalized_pagerank,3455,7,0.7
personalized_pagerank,3456,8,0.8
personalized_pagerank,3457,5,0.5
personalized_pagerank,3458,7,0.7
personalized_pagerank,3459,7,0.7
personalized_pagerank,3460,1,0.1
personalized_pagerank,3461,8,0.8
personalized_pagerank,3462,7,0.7
personalized_pagerank,3463,5,0.5
personalized_pagerank,3466,5,0.5
personalized_pagerank,3468,1,0.1
personalized_pagerank,3469,3,0.3
personalized_pagerank,3470,5,0.5
personalized_pagerank,3472,2,0.2
personalized_pagerank,3477,6,0.6
personalized_pagerank,3478,6,0.6
personalized_pagerank,3479,7,0.7
personalized_pagerank,3480,3,0.3
personalized_pagerank,3481,5,0.5
personalized_pagerank,3482,5,0.5
personalized_pagerank,3483,6,0.6
personalized_pagerank,3488,3,0.3
personalized_pagerank,3490,1,0.1
personalized_pagerank,3496,2,0.2
personalized_pagerank,3498,5,0.5
personalized_pagerank,3508,4,0.4
personalized_pagerank,3512,2,0.2
personalized_pagerank,3515,1,0.1
personalized_pagerank,3518,1,0.1
personalized_pagerank,3519,7,0.7
personalized_pagerank,3520,1,0.1
personalized_pagerank,3521,7,0.7
personalized_pagerank,3522,5,0.5
personalized_pagerank,3523,8,0.8
personalized_pagerank,3525,3,0.3
personalized_pagerank,3526,1,0.1
personalized_pagerank,3527,6,0.6
personalized_pagerank,3528,1,0.1
personalized_pagerank,3532,2,0.2
personalized_pagerank,3535,2,0.2
personalized_pagerank,3536,1,0.1
personalized_pagerank,3538,1,0.1
personalized_pagerank,3539,1,0.1
personalized_pagerank,3540,1,0.1
personalized_pagerank,3541,7,0.7
personalized_pagerank,3542,2,0.2
personalized_pagerank,3544,2,0.2
personalized_pagerank,3555,2,0.2
personalized_pagerank,3556,2,0.2
personalized_pagerank,3557,1,0.1
personalized_pagerank,3562,7,0.7
personalized_pagerank,3567,4,0.4
personalized_pagerank,3568,8,0.8
personalized_pagerank,3569,6,0.6
personalized_pagerank,3571,5,0.5
personalized_pagerank,3578,1,0.1
personalized_pagerank,3579,1,0.1
personalized_pagerank,3586,7,0.7
personalized_pagerank,3587,2,0.2
personalized_pagerank,3591,2,0.2
personalized_pagerank,3593,2,0.2
personalized_pagerank,3597,4,0.4
personalized_pagerank,3598,1,0.1
personalized_pagerank,3600,4,0.4
personalized_pagerank,3601,5,0.5
personalized_pagerank,3603,1,0.1
personalized_pagerank,3607,6,0.6
personalized_pagerank,3611,3,0.3
personalized_pagerank,3614,7,0.7
personalized_pagerank,3615,8,0.8
personalized_pagerank,3622,2,0.2
personalized_pagerank,3624,6,0.6
personalized_pagerank,3630,6,0.6
personalized_pagerank,3631,7,0.7
personalized_pagerank,3633,7,0.7
personalized_pagerank,3634,8,0.8
personalized_pagerank,3635,8,0.8
personalized_pagerank,3636,1,0.1
personalized_pagerank,3637,1,0.1
personalized_pagerank,3639,1,0.1
personalized_pagerank,3641,10,1.0
personalized_pagerank,3642,9,0.9
personalized_pagerank,3643,7,0.7
personalized_pagerank,3645,7,0.7
personalized_pagerank,3647,2,0.2
personalized_pagerank,3648,1,0.1
personalized_pagerank,3653,1,0.1
personalized_pagerank,3655,1,0.1
personalized_pagerank,3656,2,0.2
personalized_pagerank,3658,5,0.5
personalized_pagerank,3659,6,0.6
personalized_pagerank,3660,8,0.8
personalized_pagerank,3661,5,0.5
personalized_pagerank,3662,2,0.2
personalized_pagerank,3665,2,0.2
personalized_pagerank,3666,7,0.7
personalized_pagerank,3678,6,0.6
personalized_pagerank,3682,6,0.6
personalized_pagerank,3683,1,0.1
personalized_pagerank,3689,1,0.1
personalized_pagerank,3691,4,0.4
personalized_pagerank,3705,1,0.1
personalized_pagerank,3709,2,0.2
personalized_pagerank,3714,3,0.3
personalized_pagerank,3717,1,0.1
personalized_pagerank,3719,3,0.3
personalized_pagerank,3720,2,0.2
personalized_pagerank,3723,1,0.1
personalized_pagerank,3724,8,0.8
personalized_pagerank,3725,1,0.1
personalized_pagerank,3728,5,0.5
personalized_pagerank,3729,1,0.1
personalized_pagerank,3731,1,0.1
personalized_pagerank,3742,2,0.2
personalized_pagerank,3743,2,0.2
personalized_pagerank,3747,2,0.2
personalized_pagerank,3748,7,0.7
personalized_pagerank,3749,1,0.1
personalized_pagerank,3750,1,0.1
personalized_pagerank,3751,2,0.2
personalized_pagerank,3752,1,0.1
personalized_pagerank,3762,1,0.1
personalized_pagerank,3764,1,0.1
personalized_pagerank,3766,4,0.4
personalized_pagerank,3767,2,0.2
personalized_pagerank,3770,4,0.4
personalized_pagerank,3775,4,0.4
personalized_pagerank,3777,3,0.3
personalized_pagerank,3782,1,0.1
personalized_pagerank,3785,1,0.1
personalized_pagerank,3786,5,0.5
personalized_pagerank,3787,9,0.9
personalized_pagerank,3792,5,0.5
personalized_pagerank,3794,6,0.6
personalized_pagerank,3796,8,0.8
personalized_pagerank,3798,5,0.5
personalized_pagerank,3800,1,0.1
personalized_pagerank,3802,1,0.1
personalized_pagerank,3803,1,0.1
personalized_pagerank,3806,7,0.7
personalized_pagerank,3812,8,0.8
personalized_pagerank,3813,6,0.6
personalized_pagerank,3814,7,0.7
personalized_pagerank,3815,5,0.5
personalized_pagerank,3819,3,0.3
personalized_pagerank,3830,4,0.4
personalized_pagerank,3832,1,0.1
personalized_pagerank,3833,1,0.1
personalized_pagerank,3835,3,0.3
personalized_pagerank,3839,1,0.1
personalized_pagerank,3842,2,0.2
personalized_pagerank,3843,5,0.5
personalized_pagerank,3845,3,0.3
personalized_pagerank,3851,1,0.1
personalized_pagerank,3854,7,0.7
personalized_pagerank,3863,1,0.1
personalized_pagerank,3869,1,0.1
personalized_pagerank,3871,1,0.1
personalized_pagerank,3872,3,0.3
personalized_pagerank,3873,1,0.1
personalized_pagerank,3876,2,0.2
personalized_pagerank,3885,1,0.1
personalized_pagerank,3889,1,0.1
personalized_pagerank,3897,3,0.3
personalized_pagerank,3898,2,0.2
personalized_pagerank,3902,8,0.8
personalized_pagerank,3910,6,0.6
personalized_pagerank,3912,4,0.4
personalized_pagerank,3916,6,0.6
personalized_pagerank,3917,6,0.6
personalized_pagerank,3918,2,0.2
personalized_pagerank,3919,5,0.5
personalized_pagerank,3920,3,0.3
personalized_pagerank,3925,1,0.1
personalized_pagerank,3930,1,0.1
personalized_pagerank,3945,1,0.1
personalized_pagerank,3947,1,0.1
personalized_pagerank,3948,5,0.5
personalized_pagerank,3949,6,0.6
personalized_pagerank,3956,6,0.6
personalized_pagerank,3958,2,0.2
personalized_pagerank,3959,1,0.1
personalized_pagerank,3960,2,0.2
personalized_pagerank,3961,4,0.4
personalized_pagerank,3965,8,0.8
personalized_pagerank,3969,6,0.6
personalized_pagerank,3971,1,0.1
personalized_pagerank,3973,3,0.3
personalized_pagerank,3976,7,0.7
personalized_pagerank,3977,2,0.2
personalized_pagerank,3978,1,0.1
personalized_pagerank,3980,1,0.1
personalized_pagerank,3982,3,0.3
personalized_pagerank,3983,1,0.1
personalized_pagerank,3985,5,0.5
personalized_pagerank,3989,1,0.1
personalized_pagerank,3991,2,0.2
personalized_pagerank,3992,1,0.1
personalized_pagerank,3995,5,0.5
personalized_pagerank,4000,1,0.1
personalized_pagerank,4001,5,0.5
personalized_pagerank,4006,1,0.1
personalized_pagerank,4007,3,0.3
personalized_pagerank,4008,1,0.1
personalized_pagerank,4013,4,0.4
personalized_pagerank,4020,1,0.1
personalized_pagerank,4024,1,0.1
personalized_pagerank,4027,2,0.2
personalized_pagerank,4034,2,0.2
personalized_pagerank,4036,5,0.5
personalized_pagerank,4039,4,0.4
personalized_pagerank,4040,9,0.9
personalized_pagerank,4041,7,0.7
personalized_pagerank,4042,6,0.6
personalized_pagerank,4044,4,0.4
personalized_pagerank,4045,8,0.8
personalized_pagerank,4046,6,0.6
personalized_pagerank,4053,1,0.1
personalized_pagerank,4056,2,0.2
personalized_pagerank,4059,1,0.1
personalized_pagerank,4062,2,0.2
personalized_pagerank,4063,3,0.3
personalized_pagerank,4065,8,0.8
personalized_pagerank,4066,1,0.1
personalized_pagerank,4068,1,0.1
personalized_pagerank,4070,5,0.5
personalized_pagerank,4071,3,0.3
personalized_pagerank,4072,4,0.4
personalized_pagerank,4073,6,0.6
personalized_pagerank,4074,8,0.8
personalized_pagerank,4076,6,0.6
personalized_pagerank,4077,7,0.7
personalized_pagerank,4079,1,0.1
personalized_pagerank,4082,3,0.3
personalized_pagerank,4099,9,0.9
personalized_pagerank,4111,3,0.3
personalized_pagerank,4116,4,0.4
personalized_pagerank,4119,3,0.3
personalized_pagerank,4120,1,0.1
personalized_pagerank,4123,6,0.6
personalized_pagerank,4124,4,0.4
personalized_pagerank,4127,7,0.7
personalized_pagerank,4128,2,0.2
personalized_pagerank,4133,1,0.1
personalized_pagerank,4136,3,0.3
personalized_pagerank,4137,1,0.1
personalized_pagerank,4138,5,0.5
personalized_pagerank,4140,2,0.2
personalized_pagerank,4142,4,0.4
personalized_pagerank,4144,7,0.7
personalized_pagerank,4145,1,0.1
personalized_pagerank,4147,1,0.1
personalized_pagerank,4148,1,0.1
personalized_pagerank,4149,1,0.1
personalized_pagerank,4150,3,0.3
personalized_pagerank,4151,9,0.9
personalized_pagerank,4152,6,0.6
personalized_pagerank,4155,2,0.2
personalized_pagerank,4159,1,0.1
personalized_pagerank,4162,4,0.4
personalized_pagerank,4175,1,0.1
personalized_pagerank,4186,3,0.3
personalized_pagerank,4189,1,0.1
personalized_pagerank,4191,3,0.3
personalized_pagerank,4192,1,0.1
personalized_pagerank,4194,1,0.1
personalized_pagerank,4197,2,0.2
personalized_pagerank,4199,2,0.2
personalized_pagerank,4200,2,0.2
personalized_pagerank,4205,1,0.1
personalized_pagerank,4211,9,0.9
personalized_pagerank,4212,7,0.7
personalized_pagerank,4213,1,0.1
personalized_pagerank,4214,1,0.1
personalized_pagerank,4215,1,0.1
personalized_pagerank,4219,6,0.6
personalized_pagerank,4221,8,0.8
personalized_pagerank,4222,5,0.5
personalized_pagerank,4223,1,0.1
personalized_pagerank,4224,1,0.1
personalized_pagerank,4229,1,0.1
personalized_pagerank,4232,1,0.1
personalized_pagerank,4233,1,0.1
personalized_pagerank,4245,1,0.1
personalized_pagerank,4252,1,0.1
personalized_pagerank,4255,1,0.1
personalized_pagerank,4261,5,0.5
personalized_pagerank,4263,1,0.1
personalized_pagerank,4273,5,0.5
personalized_pagerank,4276,4,0.4
personalized_pagerank,4282,1,0.1
personalized_pagerank,4290,1,0.1
personalized_pagerank,4292,1,0.1
personalized_pagerank,4295,4,0.4
personalized_pagerank,4297,6,0.6
personalized_pagerank,4298,2,0.2
personalized_pagerank,4307,1,0.1
personalized_pagerank,4308,3,0.3
personalized_pagerank,4310,9,0.9
personalized_pagerank,4312,1,0.1
personalized_pagerank,4313,3,0.3
personalized_pagerank,4314,1,0.1
personalized_pagerank,4315,4,0.4
personalized_pagerank,4316,3,0.3
personalized_pagerank,4319,1,0.1
personalized_pagerank,4324,2,0.2
personalized_pagerank,4326,2,0.2
personalized_pagerank,4327,1,0.1
personalized_pagerank,4329,3,0.3
personalized_pagerank,4335,4,0.4
personalized_pagerank,4338,5,0.5
personalized_pagerank,4342,1,0.1
personalized_pagerank,4343,2,0.2
personalized_pagerank,4344,1,0.1
personalized_pagerank,4347,3,0.3
personalized_pagerank,4351,1,0.1
personalized_pagerank,4353,8,0.8
personalized_pagerank,4354,2,0.2
personalized_pagerank,4355,6,0.6
personalized_pagerank,4361,2,0.2
personalized_pagerank,4363,4,0.4
personalized_pagerank,4364,4,0.4
personalized_pagerank,4369,1,0.1
personalized_pagerank,4371,3,0.3
personalized_pagerank,4375,1,0.1
personalized_pagerank,4377,3,0.3
personalized_pagerank,4379,2,0.2
personalized_pagerank,4383,1,0.1
personalized_pagerank,4398,1,0.1
personalized_pagerank,4409,2,0.2
personalized_pagerank,4415,2,0.2
personalized_pagerank,4416,1,0.1
personalized_pagerank,4422,3,0.3
personalized_pagerank,4428,5,0.5
personalized_pagerank,4429,1,0.1
personalized_pagerank,4431,1,0.1
personalized_pagerank,4432,3,0.3
personalized_pagerank,4433,4,0.4
personalized_pagerank,4437,8,0.8
personalized_pagerank,4438,1,0.1
personalized_pagerank,4441,7,0.7
personalized_pagerank,4442,4,0.4
personalized_pagerank,4443,3,0.3
personalized_pagerank,4447,2,0.2
personalized_pagerank,4448,7,0.7
personalized_pagerank,4451,3,0.3
personalized_pagerank,4455,4,0.4
personalized_pagerank,4456,1,0.1
personalized_pagerank,4460,1,0.1
personalized_pagerank,4461,1,0.1
personalized_pagerank,4465,2,0.2
personalized_pagerank,4468,3,0.3
personalized_pagerank,4476,2,0.2
personalized_pagerank,4477,1,0.1
personalized_pagerank,4482,3,0.3
personalized_pagerank,4483,7,0.7
personalized_pagerank,4485,2,0.2
personalized_pagerank,4486,5,0.5
personalized_pagerank,4487,4,0.4
personalized_pagerank,4488,7,0.7
personalized_pagerank,4489,5,0.5
personalized_pagerank,4492,1,0.1
personalized_pagerank,4502,1,0.1
personalized_pagerank,4509,2,0.2
personalized_pagerank,4511,2,0.2
personalized_pagerank,4524,2,0.2
personalized_pagerank,4526,1,0.1
personalized_pagerank,4527,2,0.2
personalized_pagerank,4530,2,0.2
personalized_pagerank,4531,3,0.3
personalized_pagerank,4532,2,0.2
personalized_pagerank,4533,1,0.1
personalized_pagerank,4534,4,0.4
personalized_pagerank,4536,6,0.6
personalized_pagerank,4542,2,0.2
personalized_pagerank,4547,5,0.5
personalized_pagerank,4550,6,0.6
personalized_pagerank,4557,2,0.2
personalized_pagerank,4560,1,0.1
personalized_pagerank,4563,1,0.1
personalized_pagerank,4564,5,0.5
personalized_pagerank,4566,1,0.1
personalized_pagerank,4574,6,0.6
personalized_pagerank,4575,1,0.1
personalized_pagerank,4576,1,0.1
personalized_pagerank,4577,1,0.1
personalized_pagerank,4581,1,0.1
personalized_pagerank,4582,3,0.3
personalized_pagerank,4586,2,0.2
personalized_pagerank,4587,5,0.5
personalized_pagerank,4588,1,0.1
personalized_pagerank,4591,1,0.1
personalized_pagerank,4592,2,0.2
personalized_pagerank,4595,1,0.1
personalized_pagerank,4598,6,0.6
personalized_pagerank,4600,5,0.5
personalized_pagerank,4602,1,0.1
personalized_pagerank,4604,1,0.1
personalized_pagerank,4616,1,0.1
personalized_pagerank,4626,1,0.1
personalized_pagerank,4630,1,0.1
personalized_pagerank,4632,9,0.9
personalized_pagerank,4633,2,0.2
personalized_pagerank,4640,1,0.1
personalized_pagerank,4647,3,0.3
personalized_pagerank,4651,1,0.1
personalized_pagerank,4652,1,0.1
personalized_pagerank,4653,6,0.6
personalized_pagerank,4655,1,0.1
personalized_pagerank,4659,1,0.1
personalized_pagerank,4661,5,0.5
personalized_pagerank,4662,5,0.5
personalized_pagerank,4663,1,0.1
personalized_pagerank,4664,2,0.2
personalized_pagerank,4665,3,0.3
personalized_pagerank,4666,3,0.3
personalized_pagerank,4669,3,0.3
personalized_pagerank,4671,1,0.1
personalized_pagerank,4673,7,0.7
personalized_pagerank,4681,2,0.2
personalized_pagerank,4682,2,0.2
personalized_pagerank,4686,9,0.9
personalized_pagerank,4687,5,0.5
personalized_pagerank,4688,6,0.6
personalized_pagerank,4709,6,0.6
personalized_pagerank,4710,1,0.1
personalized_pagerank,4712,5,0.5
personalized_pagerank,4714,1,0.1
personalized_pagerank,4715,1,0.1
personalized_pagerank,4717,7,0.7
personalized_pagerank,4718,5,0.5
personalized_pagerank,4725,4,0.4
personalized_pagerank,4726,3,0.3
personalized_pagerank,4733,1,0.1
personalized_pagerank,4739,3,0.3
personalized_pagerank,4741,1,0.1
personalized_pagerank,4746,5,0.5
personalized_pagerank,4748,3,0.3
personalized_pagerank,4749,2,0.2
personalized_pagerank,4756,4,0.4
personalized_pagerank,4764,9,0.9
personalized_pagerank,4767,4,0.4
personalized_pagerank,4774,2,0.2
personalized_pagerank,4778,1,0.1
personalized_pagerank,4781,4,0.4
personalized_pagerank,4782,1,0.1
personalized_pagerank,4786,2,0.2
personalized_pagerank,4788,3,0.3
personalized_pagerank,4789,1,0.1
personalized_pagerank,4792,5,0.5
personalized_pagerank,4795,5,0.5
personalized_pagerank,4813,5,0.5
personalized_pagerank,4814,4,0.4
personalized_pagerank,4818,4,0.4
personalized_pagerank,4824,7,0.7
personalized_pagerank,4825,1,0.1
personalized_pagerank,4828,8,0.8
personalized_pagerank,4829,3,0.3
personalized_pagerank,4832,1,0.1
personalized_pagerank,4833,2,0.2
personalized_pagerank,4837,1,0.1
personalized_pagerank,4840,1,0.1
personalized_pagerank,4842,1,0.1
personalized_pagerank,4843,4,0.4
personalized_pagerank,4846,4,0.4
personalized_pagerank,4853,2,0.2
personalized_pagerank,4854,1,0.1
personalized_pagerank,4856,1,0.1
personalized_pagerank,4859,6,0.6
personalized_pagerank,4860,1,0.1
personalized_pagerank,4862,1,0.1
personalized_pagerank,4874,1,0.1
personalized_pagerank,4879,4,0.4
personalized_pagerank,4883,1,0.1
personalized_pagerank,4884,1,0.1
personalized_pagerank,4885,3,0.3
personalized_pagerank,4891,3,0.3
personalized_pagerank,4893,1,0.1
personalized_pagerank,4894,5,0.5
personalized_pagerank,4898,2,0.2
personalized_pagerank,4899,8,0.8
personalized_pagerank,4904,1,0.1
personalized_pagerank,4909,1,0.1
personalized_pagerank,4912,1,0.1
personalized_pagerank,4914,1,0.1
personalized_pagerank,4915,3,0.3
personalized_pagerank,4922,1,0.1
personalized_pagerank,4924,3,0.3
personalized_pagerank,4925,1,0.1
personalized_pagerank,4926,1,0.1
personalized_pagerank,4933,2,0.2
personalized_pagerank,4934,2,0.2
personalized_pagerank,4937,3,0.3
personalized_pagerank,4938,2,0.2
personalized_pagerank,4943,5,0.5
personalized_pagerank,4944,1,0.1
personalized_pagerank,4947,2,0.2
personalized_pagerank,4948,7,0.7
personalized_pagerank,4960,2,0.2
personalized_pagerank,4964,7,0.7
personalized_pagerank,4966,4,0.4
personalized_pagerank,4967,8,0.8
personalized_pagerank,4970,2,0.2
personalized_pagerank,4973,1,0.1
personalized_pagerank,4974,5,0.5
personalized_pagerank,4976,5,0.5
personalized_pagerank,4980,1,0.1
personalized_pagerank,4981,9,0.9
personalized_pagerank,4982,6,0.6
personalized_pagerank,4983,1,0.1
personalized_pagerank,4988,3,0.3
personalized_pagerank,4989,1,0.1
personalized_pagerank,4993,1,0.1
personalized_pagerank,4994,1,0.1
personalized_pagerank,5002,9,0.9
personalized_pagerank,5003,1,0.1
personalized_pagerank,5006,2,0.2
personalized_pagerank,5008,3,0.3
personalized_pagerank,5009,2,0.2
personalized_pagerank,5010,1,0.1
personalized_pagerank,5011,3,0.3
personalized_pagerank,5012,4,0.4
personalized_pagerank,5013,3,0.3
personalized_pagerank,5015,3,0.3
personalized_pagerank,5016,1,0.1
personalized_pagerank,5017,2,0.2
personalized_pagerank,5020,6,0.6
personalized_pagerank,5022,9,0.9
personalized_pagerank,5028,3,0.3
personalized_pagerank,5029,5,0.5
personalized_pagerank,5032,1,0.1
personalized_pagerank,5037,4,0.4
personalized_pagerank,5039,2,0.2
personalized_pagerank,5040,1,0.1
personalized_pagerank,5048,3,0.3
personalized_pagerank,5050,2,0.2
personalized_pagerank,5051,1,0.1
personalized_pagerank,5053,4,0.4
personalized_pagerank,5054,1,0.1
personalized_pagerank,5059,3,0.3
personalized_pagerank,5061,2,0.2
personalized_pagerank,5064,1,0.1
personalized_pagerank,5070,1,0.1
personalized_pagerank,5072,2,0.2
personalized_pagerank,5079,8,0.8
personalized_pagerank,5090,2,0.2
personalized_pagerank,5096,3,0.3
personalized_pagerank,5099,1,0.1
personalized_pagerank,5102,4,0.4
personalized_pagerank,5103,8,0.8
personalized_pagerank,5106,5,0.5
personalized_pagerank,5110,7,0.7
personalized_pagerank,5111,2,0.2
personalized_pagerank,5114,1,0.1
personalized_pagerank,5117,1,0.1
personalized_pagerank,5118,4,0.4
personalized_pagerank,5119,2,0.2
personalized_pagerank,5121,2,0.2
personalized_pagerank,5123,6,0.6
personalized_pagerank,5125,6,0.6
personalized_pagerank,5126,1,0.1
personalized_pagerank,5139,4,0.4
personalized_pagerank,5140,5,0.5
personalized_pagerank,5142,1,0.1
personalized_pagerank,5143,1,0.1
personalized_pagerank,5150,2,0.2
personalized_pagerank,5152,1,0.1
personalized_pagerank,5154,1,0.1
personalized_pagerank,5155,3,0.3
personalized_pagerank,5160,4,0.4
personalized_pagerank,5164,1,0.1
personalized_pagerank,5166,7,0.7
personalized_pagerank,5171,7,0.7
personalized_pagerank,5172,3,0.3
personalized_pagerank,5173,8,0.8
personalized_pagerank,5175,7,0.7
personalized_pagerank,5176,8,0.8
personalized_pagerank,5177,6,0.6
personalized_pagerank,5178,2,0.2
personalized_pagerank,5179,10,1.0
personalized_pagerank,5180,7,0.7
personalized_pagerank,5181,4,0.4
personalized_pagerank,5182,6,0.6
personalized_pagerank,5184,5,0.5
personalized_pagerank,5185,6,0.6
personalized_pagerank,5187,3,0.3
personalized_pagerank,5188,6,0.6
personalized_pagerank,5189,10,1.0
personalized_pagerank,5190,8,0.8
personalized_pagerank,5191,1,0.1
personalized_pagerank,5193,3,0.3
personalized_pagerank,5194,1,0.1
personalized_pagerank,5195,1,0.1
personalized_pagerank,5196,4,0.4
personalized_pagerank,5198,1,0.1
personalized_pagerank,5199,3,0.3
personalized_pagerank,5200,2,0.2
personalized_pagerank,5201,3,0.3
personalized_pagerank,5202,1,0.1
personalized_pagerank,5203,2,0.2
personalized_pagerank,5207,5,0.5
personalized_pagerank,5215,2,0.2
personalized_pagerank,5217,3,0.3
personalized_pagerank,5226,4,0.4
personalized_pagerank,5232,1,0.1
personalized_pagerank,5233,4,0.4
personalized_pagerank,5238,1,0.1
personalized_pagerank,5239,1,0.1
personalized_pagerank,5243,1,0.1
personalized_pagerank,5246,4,0.4
personalized_pagerank,5247,1,0.1
personalized_pagerank,5250,1,0.1
personalized_pagerank,5254,5,0.5
personalized_pagerank,5255,2,0.2
personalized_pagerank,5262,3,0.3
personalized_pagerank,5263,5,0.5
personalized_pagerank,5264,2,0.2
personalized_pagerank,5267,1,0.1
personalized_pagerank,5273,2,0.2
personalized_pagerank,5276,2,0.2
personalized_pagerank,5285,5,0.5
personalized_pagerank,5286,2,0.2
personalized_pagerank,5289,3,0.3
personalized_pagerank,5295,4,0.4
personalized_pagerank,5296,3,0.3
personalized_pagerank,5301,8,0.8
personalized_pagerank,5312,2,0.2
personalized_pagerank,5313,4,0.4
personalized_pagerank,5316,3,0.3
personalized_pagerank,5317,4,0.4
personalized_pagerank,5320,1,0.1
personalized_pagerank,5321,4,0.4
personalized_pagerank,5323,1,0.1
personalized_pagerank,5324,2,0.2
personalized_pagerank,5329,1,0.1
personalized_pagerank,5334,2,0.2
personalized_pagerank,5336,2,0.2
personalized_pagerank,5342,8,0.8
personalized_pagerank,5344,1,0.1
personalized_pagerank,5360,3,0.3
personalized_pagerank,5361,3,0.3
personalized_pagerank,5378,4,0.4
personalized_pagerank,5381,1,0.1
personalized_pagerank,5382,5,0.5
personalized_pagerank,5391,4,0.4
personalized_pagerank,5396,2,0.2
personalized_pagerank,5399,2,0.2
personalized_pagerank,5401,1,0.1
personalized_pagerank,5404,4,0.4
personalized_pagerank,5405,1,0.1
personalized_pagerank,5419,2,0.2
personalized_pagerank,5423,4,0.4
personalized_pagerank,5427,2,0.2
personalized_pagerank,5428,1,0.1
personalized_pagerank,5437,4,0.4
personalized_pagerank,5439,6,0.6
personalized_pagerank,5440,1,0.1
personalized_pagerank,5445,5,0.5
personalized_pagerank,5446,3,0.3
personalized_pagerank,5452,2,0.2
personalized_pagerank,5455,1,0.1
personalized_pagerank,5457,3,0.3
personalized_pagerank,5462,1,0.1
personalized_pagerank,5468,3,0.3
personalized_pagerank,5472,4,0.4
personalized_pagerank,5474,1,0.1
personalized_pagerank,5478,1,0.1
personalized_pagerank,5479,5,0.5
personalized_pagerank,5482,2,0.2
personalized_pagerank,5484,5,0.5
personalized_pagerank,5485,3,0.3
personalized_pagerank,5487,4,0.4
personalized_pagerank,5489,2,0.2
personalized_pagerank,5495,1,0.1
personalized_pagerank,5499,2,0.2
personalized_pagerank,5500,1,0.1
personalized_pagerank,5501,2,0.2
personalized_pagerank,5512,1,0.1
personalized_pagerank,5515,1,0.1
personalized_pagerank,5516,1,0.1
personalized_pagerank,5524,10,1.0
personalized_pagerank,5526,2,0.2
personalized_pagerank,5528,2,0.2
personalized_pagerank,5529,4,0.4
personalized_pagerank,5531,7,0.7
personalized_pagerank,5532,5,0.5
personalized_pagerank,5534,3,0.3
personalized_pagerank,5536,1,0.1
personalized_pagerank,5543,6,0.6
personalized_pagerank,5549,3,0.3
personalized_pagerank,5550,2,0.2
personalized_pagerank,5551,1,0.1
personalized_pagerank,5552,3,0.3
personalized_pagerank,5553,5,0.5
personalized_pagerank,5562,4,0.4
personalized_pagerank,5563,1,0.1
personalized_pagerank,5565,2,0.2
personalized_pagerank,5577,3,0.3
personalized_pagerank,5582,4,0.4
personalized_pagerank,5584,4,0.4
personalized_pagerank,5589,3,0.3
personalized_pagerank,5590,1,0.1
personalized_pagerank,5591,3,0.3
personalized_pagerank,5596,2,0.2
personalized_pagerank,5601,1,0.1
personalized_pagerank,5603,2,0.2
personalized_pagerank,5604,2,0.2
personalized_pagerank,5605,3,0.3
personalized_pagerank,5606,2,0.2
personalized_pagerank,5608,5,0.5
personalized_pagerank,5612,7,0.7
personalized_pagerank,5614,1,0.1
personalized_pagerank,5616,1,0.1
personalized_pagerank,5617,4,0.4
personalized_pagerank,5620,2,0.2
personalized_pagerank,5624,2,0.2
personalized_pagerank,5626,3,0.3
personalized_pagerank,5630,4,0.4
personalized_pagerank,5639,1,0.1
personalized_pagerank,5644,4,0.4
personalized_pagerank,5646,1,0.1
personalized_pagerank,5647,2,0.2
personalized_pagerank,5651,1,0.1
personalized_pagerank,5655,5,0.5
personalized_pagerank,5656,1,0.1
personalized_pagerank,5658,3,0.3
personalized_pagerank,5660,1,0.1
personalized_pagerank,5662,1,0.1
personalized_pagerank,5666,1,0.1
personalized_pagerank,5667,2,0.2
personalized_pagerank,5668,3,0.3
personalized_pagerank,5675,2,0.2
personalized_pagerank,5684,4,0.4
personalized_pagerank,5686,1,0.1
personalized_pagerank,5691,6,0.6
personalized_pagerank,5692,2,0.2
personalized_pagerank,5696,3,0.3
personalized_pagerank,5697,9,0.9
personalized_pagerank,5702,2,0.2
personalized_pagerank,5704,2,0.2
personalized_pagerank,5705,2,0.2
personalized_pagerank,5707,1,0.1
personalized_pagerank,5708,1,0.1
personalized_pagerank,5709,2,0.2
personalized_pagerank,5714,5,0.5
personalized_pagerank,5721,3,0.3
personalized_pagerank,5738,2,0.2
personalized_pagerank,5739,6,0.6
personalized_pagerank,5741,4,0.4
personalized_pagerank,5750,1,0.1
personalized_pagerank,5753,1,0.1
personalized_pagerank,5760,2,0.2
personalized_pagerank,5761,2,0.2
personalized_pagerank,5768,1,0.1
personalized_pagerank,5770,4,0.4
personalized_pagerank,5771,5,0.5
personalized_pagerank,5772,4,0.4
personalized_pagerank,5773,8,0.8
personalized_pagerank,5775,5,0.5
personalized_pagerank,5776,3,0.3
personalized_pagerank,5783,6,0.6
personalized_pagerank,5787,5,0.5
personalized_pagerank,5796,10,1.0
personalized_pagerank,5798,2,0.2
personalized_pagerank,5799,5,0.5
personalized_pagerank,5800,9,0.9
personalized_pagerank,5802,9,0.9
personalized_pagerank,5803,1,0.1
personalized_pagerank,5804,4,0.4
personalized_pagerank,5805,5,0.5
personalized_pagerank,5806,3,0.3
personalized_pagerank,5807,3,0.3
personalized_pagerank,5808,3,0.3
personalized_pagerank,5809,3,0.3
personalized_pagerank,5810,5,0.5
personalized_pagerank,5811,5,0.5
personalized_pagerank,5812,7,0.7
personalized_pagerank,5814,6,0.6
personalized_pagerank,5815,2,0.2
personalized_pagerank,5816,7,0.7
personalized_pagerank,5817,7,0.7
personalized_pagerank,5818,4,0.4
personalized_pagerank,5819,7,0.7
personalized_pagerank,5820,5,0.5
personalized_pagerank,5821,6,0.6
personalized_pagerank,5822,7,0.7
personalized_pagerank,5823,2,0.2
personalized_pagerank,5824,6,0.6
personalized_pagerank,5827,4,0.4
personalized_pagerank,5829,3,0.3
personalized_pagerank,5834,1,0.1
personalized_pagerank,5839,8,0.8
personalized_pagerank,5855,2,0.2
personalized_pagerank,5857,9,0.9
personalized_pagerank,5859,3,0.3
personalized_pagerank,5862,4,0.4
personalized_pagerank,5871,8,0.8
personalized_pagerank,5872,5,0.5
personalized_pagerank,5873,1,0.1
personalized_pagerank,5877,3,0.3
personalized_pagerank,5890,1,0.1
personalized_pagerank,5896,3,0.3
personalized_pagerank,5902,1,0.1
personalized_pagerank,5908,4,0.4
personalized_pagerank,5915,6,0.6
personalized_pagerank,5916,3,0.3
personalized_pagerank,5920,2,0.2
personalized_pagerank,5922,2,0.2
personalized_pagerank,5923,2,0.2
personalized_pagerank,5927,2,0.2
personalized_pagerank,5928,2,0.2
personalized_pagerank,5930,1,0.1
personalized_pagerank,5932,4,0.4
personalized_pagerank,5934,5,0.5
personalized_pagerank,5935,2,0.2
personalized_pagerank,5939,1,0.1
personalized_pagerank,5940,2,0.2
personalized_pagerank,5945,1,0.1
personalized_pagerank,5950,2,0.2
personalized_pagerank,5952,1,0.1
personalized_pagerank,5960,1,0.1
personalized_pagerank,5961,2,0.2
personalized_pagerank,5981,1,0.1
personalized_pagerank,5982,1,0.1
personalized_pagerank,5984,1,0.1
personalized_pagerank,5988,2,0.2
personalized_pagerank,5998,6,0.6
personalized_pagerank,5999,5,0.5
personalized_pagerank,6000,2,0.2
personalized_pagerank,6001,1,0.1
personalized_pagerank,6004,2,0.2
personalized_pagerank,6006,6,0.6
personalized_pagerank,6007,1,0.1
personalized_pagerank,6016,5,0.5
personalized_pagerank,6017,1,0.1
personalized_pagerank,6020,6,0.6
personalized_pagerank,6023,7,0.7
personalized_pagerank,6024,4,0.4
personalized_pagerank,6031,1,0.1
personalized_pagerank,6032,6,0.6
personalized_pagerank,6038,2,0.2
personalized_pagerank,6043,7,0.7
personalized_pagerank,6045,1,0.1
personalized_pagerank,6046,1,0.1
personalized_pagerank,6047,1,0.1
personalized_pagerank,6049,1,0.1
personalized_pagerank,6068,6,0.6
personalized_pagerank,6072,8,0.8
personalized_pagerank,6075,4,0.4
personalized_pagerank,6082,3,0.3
personalized_pagerank,6093,2,0.2
personalized_pagerank,6094,3,0.3
personalized_pagerank,6097,6,0.6
personalized_pagerank,6108,1,0.1
personalized_pagerank,6121,1,0.1
personalized_pagerank,6123,2,0.2
personalized_pagerank,6126,2,0.2
personalized_pagerank,6132,1,0.1
personalized_pagerank,6134,3,0.3
personalized_pagerank,6135,1,0.1
personalized_pagerank,6146,1,0.1
personalized_pagerank,6151,2,0.2
personalized_pagerank,6156,4,0.4
personalized_pagerank,6160,1,0.1
personalized_pagerank,6165,1,0.1
personalized_pagerank,6169,1,0.1
personalized_pagerank,6170,3,0.3
personalized_pagerank,6176,1,0.1
personalized_pagerank,6179,1,0.1
personalized_pagerank,6182,1,0.1
personalized_pagerank,6184,1,0.1
personalized_pagerank,6190,1,0.1
personalized_pagerank,6196,1,0.1
personalized_pagerank,6198,4,0.4
personalized_pagerank,6202,1,0.1
personalized_pagerank,6204,2,0.2
personalized_pagerank,6208,1,0.1
personalized_pagerank,6213,1,0.1
personalized_pagerank,6216,2,0.2
personalized_pagerank,6217,3,0.3
personalized_pagerank,6218,7,0.7
personalized_pagerank,6220,3,0.3
personalized_pagerank,6221,6,0.6
personalized_pagerank,6223,2,0.2
personalized_pagerank,6227,1,0.1
personalized_pagerank,6229,5,0.5
personalized_pagerank,6230,1,0.1
personalized_pagerank,6239,1,0.1
personalized_pagerank,6241,7,0.7
personalized_pagerank,6242,1,0.1
personalized_pagerank,6243,7,0.7
personalized_pagerank,6245,1,0.1
personalized_pagerank,6252,1,0.1
personalized_pagerank,6263,1,0.1
personalized_pagerank,6270,9,0.9
personalized_pagerank,6271,1,0.1
personalized_pagerank,6272,8,0.8
personalized_pagerank,6274,1,0.1
personalized_pagerank,6280,7,0.7
personalized_pagerank,6298,3,0.3
personalized_pagerank,6299,6,0.6
personalized_pagerank,6305,8,0.8
personalized_pagerank,6312,1,0.1
personalized_pagerank,6314,2,0.2
personalized_pagerank,6316,7,0.7
personalized_pagerank,6317,1,0.1
personalized_pagerank,6320,7,0.7
personalized_pagerank,6323,6,0.6
personalized_pagerank,6324,1,0.1
personalized_pagerank,6325,1,0.1
personalized_pagerank,6326,1,0.1
personalized_pagerank,6327,7,0.7
personalized_pagerank,6330,1,0.1
personalized_pagerank,6331,2,0.2
personalized_pagerank,6333,1,0.1
personalized_pagerank,6334,2,0.2
personalized_pagerank,6339,1,0.1
personalized_pagerank,6344,1,0.1
personalized_pagerank,6346,3,0.3
personalized_pagerank,6347,3,0.3
personalized_pagerank,6356,1,0.1
personalized_pagerank,6359,7,0.7
personalized_pagerank,6360,4,0.4
personalized_pagerank,6367,1,0.1
personalized_pagerank,6377,4,0.4
personalized_pagerank,6381,1,0.1
personalized_pagerank,6383,1,0.1
personalized_pagerank,6394,1,0.1
personalized_pagerank,6398,5,0.5
personalized_pagerank,6406,1,0.1
personalized_pagerank,6414,4,0.4
personalized_pagerank,6415,1,0.1
personalized_pagerank,6416,1,0.1
personalized_pagerank,6421,5,0.5
personalized_pagerank,6422,3,0.3
personalized_pagerank,6443,9,0.9
personalized_pagerank,6445,1,0.1
personalized_pagerank,6447,2,0.2
personalized_pagerank,6458,4,0.4
personalized_pagerank,6460,6,0.6
personalized_pagerank,6461,1,0.1
personalized_pagerank,6467,3,0.3
personalized_pagerank,6471,2,0.2
personalized_pagerank,6479,1,0.1
personalized_pagerank,6483,5,0.5
personalized_pagerank,6484,1,0.1
personalized_pagerank,6486,8,0.8
personalized_pagerank,6488,3,0.3
personalized_pagerank,6491,1,0.1
personalized_pagerank,6494,6,0.6
personalized_pagerank,6500,3,0.3
personalized_pagerank,6501,3,0.3
personalized_pagerank,6502,1,0.1
personalized_pagerank,6503,1,0.1
personalized_pagerank,6504,1,0.1
personalized_pagerank,6510,6,0.6
personalized_pagerank,6517,1,0.1
personalized_pagerank,6518,6,0.6
personalized_pagerank,6522,4,0.4
personalized_pagerank,6523,4,0.4
personalized_pagerank,6524,3,0.3
personalized_pagerank,6525,5,0.5
personalized_pagerank,6526,2,0.2
personalized_pagerank,6538,3,0.3
personalized_pagerank,6545,1,0.1
personalized_pagerank,6546,1,0.1
personalized_pagerank,6548,3,0.3
personalized_pagerank,6550,2,0.2
personalized_pagerank,6551,1,0.1
personalized_pagerank,6552,6,0.6
personalized_pagerank,6555,7,0.7
personalized_pagerank,6560,9,0.9
personalized_pagerank,6563,8,0.8
personalized_pagerank,6577,2,0.2
personalized_pagerank,6595,6,0.6
personalized_pagerank,6596,5,0.5
personalized_pagerank,6598,1,0.1
personalized_pagerank,6605,3,0.3
personalized_pagerank,6608,3,0.3
personalized_pagerank,6611,2,0.2
personalized_pagerank,6612,1,0.1
personalized_pagerank,6613,1,0.1
personalized_pagerank,6615,6,0.6
personalized_pagerank,6616,5,0.5
personalized_pagerank,6618,7,0.7
personalized_pagerank,6619,7,0.7
personalized_pagerank,6620,7,0.7
personalized_pagerank,6624,9,0.9
personalized_pagerank,6625,1,0.1
personalized_pagerank,6626,2,0.2
personalized_pagerank,6627,3,0.3
personalized_pagerank,6635,1,0.1
personalized_pagerank,6636,1,0.1
personalized_pagerank,6646,1,0.1
personalized_pagerank,6649,4,0.4
personalized_pagerank,6655,2,0.2
personalized_pagerank,6665,5,0.5
personalized_pagerank,6666,1,0.1
personalized_pagerank,6671,2,0.2
personalized_pagerank,6676,2,0.2
personalized_pagerank,6683,1,0.1
personalized_pagerank,6695,1,0.1
personalized_pagerank,6702,4,0.4
personalized_pagerank,6710,1,0.1
personalized_pagerank,6712,4,0.4
personalized_pagerank,6714,6,0.6
personalized_pagerank,6726,3,0.3
personalized_pagerank,6736,6,0.6
personalized_pagerank,6747,1,0.1
personalized_pagerank,6758,1,0.1
personalized_pagerank,6759,1,0.1
personalized_pagerank,6766,2,0.2
personalized_pagerank,6772,4,0.4
personalized_pagerank,6774,8,0.8
personalized_pagerank,6775,1,0.1
personalized_pagerank,6776,1,0.1
personalized_pagerank,6779,1,0.1
personalized_pagerank,6780,2,0.2
personalized_pagerank,6781,2,0.2
personalized_pagerank,6784,6,0.6
personalized_pagerank,6789,3,0.3
personalized_pagerank,6795,1,0.1
personalized_pagerank,6804,1,0.1
personalized_pagerank,6809,1,0.1
personalized_pagerank,6815,1,0.1
personalized_pagerank,6822,1,0.1
personalized_pagerank,6841,1,0.1
personalized_pagerank,6846,1,0.1
personalized_pagerank,6848,3,0.3
personalized_pagerank,6855,2,0.2
personalized_pagerank,6859,2,0.2
personalized_pagerank,6861,1,0.1
personalized_pagerank,6864,1,0.1
personalized_pagerank,6865,4,0.4
personalized_pagerank,6866,1,0.1
personalized_pagerank,6867,1,0.1
personalized_pagerank,6875,4,0.4
personalized_pagerank,6880,1,0.1
personalized_pagerank,6883,1,0.1
personalized_pagerank,6885,3,0.3
personalized_pagerank,6889,1,0.1
personalized_pagerank,6895,1,0.1
personalized_pagerank,6900,4,0.4
personalized_pagerank,6902,5,0.5
personalized_pagerank,6906,6,0.6
personalized_pagerank,6907,10,1.0
personalized_pagerank,6912,1,0.1
personalized_pagerank,6913,7,0.7
personalized_pagerank,6914,8,0.8
personalized_pagerank,6916,5,0.5
personalized_pagerank,6917,1,0.1
personalized_pagerank,6918,5,0.5
personalized_pagerank,6924,4,0.4
personalized_pagerank,6934,8,0.8
personalized_pagerank,6941,9,0.9
personalized_pagerank,6945,3,0.3
personalized_pagerank,6946,9,0.9
personalized_pagerank,6949,1,0.1
personalized_pagerank,6951,5,0.5
personalized_pagerank,6953,1,0.1
personalized_pagerank,6974,1,0.1
personalized_pagerank,6975,2,0.2
personalized_pagerank,6976,5,0.5
personalized_pagerank,6984,1,0.1
personalized_pagerank,6991,2,0.2
personalized_pagerank,6993,7,0.7
personalized_pagerank,6994,2,0.2
personalized_pagerank,7005,2,0.2
personalized_pagerank,7012,2,0.2
personalized_pagerank,7014,1,0.1
personalized_pagerank,7019,1,0.1
personalized_pagerank,7020,2,0.2
personalized_pagerank,7021,6,0.6
personalized_pagerank,7026,3,0.3
personalized_pagerank,7030,1,0.1
personalized_pagerank,7043,3,0.3
personalized_pagerank,7045,6,0.6
personalized_pagerank,7046,5,0.5
personalized_pagerank,7047,6,0.6
personalized_pagerank,7049,5,0.5
personalized_pagerank,7052,9,0.9
personalized_pagerank,7053,3,0.3
personalized_pagerank,7054,5,0.5
personalized_pagerank,7055,7,0.7
personalized_pagerank,7056,6,0.6
personalized_pagerank,7057,6,0.6
personalized_pagerank,7061,1,0.1
personalized_pagerank,7062,1,0.1
personalized_pagerank,7063,6,0.6
personalized_pagerank,7064,1,0.1
personalized_pagerank,7080,9,0.9
personalized_pagerank,7086,6,0.6
personalized_pagerank,7087,1,0.1
personalized_pagerank,7088,1,0.1
personalized_pagerank,7092,8,0.8
personalized_pagerank,7096,2,0.2
personalized_pagerank,7099,2,0.2
personalized_pagerank,7100,3,0.3
personalized_pagerank,7104,3,0.3
personalized_pagerank,7106,1,0.1
personalized_pagerank,7109,1,0.1
personalized_pagerank,7110,1,0.1
personalized_pagerank,7113,5,0.5
personalized_pagerank,7116,1,0.1
personalized_pagerank,7117,1,0.1
personalized_pagerank,7120,5,0.5
personalized_pagerank,7126,1,0.1
personalized_pagerank,7129,2,0.2
personalized_pagerank,7131,4,0.4
personalized_pagerank,7132,5,0.5
personalized_pagerank,7134,1,0.1
personalized_pagerank,7138,1,0.1
personalized_pagerank,7139,1,0.1
personalized_pagerank,7142,1,0.1
personalized_pagerank,7150,3,0.3
personalized_pagerank,7153,1,0.1
personalized_pagerank,7163,1,0.1
personalized_pagerank,7164,1,0.1
personalized_pagerank,7171,3,0.3
personalized_pagerank,7172,1,0.1
personalized_pagerank,7175,1,0.1
personalized_pagerank,7184,1,0.1
personalized_pagerank,7188,4,0.4
personalized_pagerank,7198,3,0.3
personalized_pagerank,7199,1,0.1
personalized_pagerank,7222,1,0.1
personalized_pagerank,7225,6,0.6
personalized_pagerank,7226,2,0.2
personalized_pagerank,7227,2,0.2
personalized_pagerank,7228,1,0.1
personalized_pagerank,7229,2,0.2
personalized_pagerank,7230,1,0.1
personalized_pagerank,7231,9,0.9
personalized_pagerank,7233,3,0.3
personalized_pagerank,7236,6,0.6
personalized_pagerank,7238,2,0.2
personalized_pagerank,7239,3,0.3
personalized_pagerank,7241,8,0.8
personalized_pagerank,7253,3,0.3
personalized_pagerank,7260,1,0.1
personalized_pagerank,7262,1,0.1
personalized_pagerank,7266,2,0.2
personalized_pagerank,7270,1,0.1
personalized_pagerank,7278,1,0.1
personalized_pagerank,7279,2,0.2
personalized_pagerank,7280,7,0.7
personalized_pagerank,7281,2,0.2
personalized_pagerank,7284,1,0.1
personalized_pagerank,7293,1,0.1
personalized_pagerank,7294,7,0.7
personalized_pagerank,7295,4,0.4
personalized_pagerank,7298,1,0.1
personalized_pagerank,7301,5,0.5
personalized_pagerank,7302,1,0.1
personalized_pagerank,7317,6,0.6
personalized_pagerank,7330,1,0.1
personalized_pagerank,7335,3,0.3
personalized_pagerank,7341,1,0.1
personalized_pagerank,7343,4,0.4
personalized_pagerank,7348,1,0.1
personalized_pagerank,7350,2,0.2
personalized_pagerank,7351,2,0.2
personalized_pagerank,7352,2,0.2
personalized_pagerank,7362,1,0.1
personalized_pagerank,7371,1,0.1
personalized_pagerank,7378,6,0.6
personalized_pagerank,7383,1,0.1
personalized_pagerank,7386,3,0.3
personalized_pagerank,7389,2,0.2
personalized_pagerank,7390,5,0.5
personalized_pagerank,7391,4,0.4
personalized_pagerank,7393,2,0.2
personalized_pagerank,7394,4,0.4
personalized_pagerank,7400,2,0.2
personalized_pagerank,7405,3,0.3
personalized_pagerank,7409,2,0.2
personalized_pagerank,7415,1,0.1
personalized_pagerank,7417,1,0.1
personalized_pagerank,7421,1,0.1
personalized_pagerank,7424,1,0.1
personalized_pagerank,7425,1,0.1
personalized_pagerank,7428,1,0.1
personalized_pagerank,7441,1,0.1
personalized_pagerank,7443,1,0.1
personalized_pagerank,7449,5,0.5
personalized_pagerank,7455,2,0.2
personalized_pagerank,7476,1,0.1
personalized_pagerank,7490,5,0.5
personalized_pagerank,7492,1,0.1
personalized_pagerank,7502,1,0.1
personalized_pagerank,7511,3,0.3
personalized_pagerank,7518,1,0.1
personalized_pagerank,7544,2,0.2
personalized_pagerank,7554,2,0.2
personalized_pagerank,7564,7,0.7
personalized_pagerank,7565,1,0.1
personalized_pagerank,7569,1,0.1
personalized_pagerank,7578,5,0.5
personalized_pagerank,7580,5,0.5
personalized_pagerank,7586,1,0.1
personalized_pagerank,7593,1,0.1
personalized_pagerank,7597,2,0.2
personalized_pagerank,7598,7,0.7
personalized_pagerank,7609,1,0.1
personalized_pagerank,7614,7,0.7
personalized_pagerank,7623,1,0.1
personalized_pagerank,7625,2,0.2
personalized_pagerank,7647,1,0.1
personalized_pagerank,7649,3,0.3
personalized_pagerank,7650,1,0.1
personalized_pagerank,7661,1,0.1
personalized_pagerank,7665,2,0.2
personalized_pagerank,7675,2,0.2
personalized_pagerank,7677,3,0.3
personalized_pagerank,7678,1,0.1
personalized_pagerank,7679,6,0.6
personalized_pagerank,7682,4,0.4
personalized_pagerank,7685,3,0.3
personalized_pagerank,7691,5,0.5
personalized_pagerank,7696,1,0.1
personalized_pagerank,7697,1,0.1
personalized_pagerank,7703,1,0.1
personalized_pagerank,7719,1,0.1
personalized_pagerank,7727,7,0.7
personalized_pagerank,7728,1,0.1
personalized_pagerank,7733,3,0.3
personalized_pagerank,7736,1,0.1
personalized_pagerank,7738,2,0.2
personalized_pagerank,7743,2,0.2
personalized_pagerank,7744,8,0.8
personalized_pagerank,7747,1,0.1
personalized_pagerank,7750,1,0.1
personalized_pagerank,7753,1,0.1
personalized_pagerank,7759,1,0.1
personalized_pagerank,7766,2,0.2
personalized_pagerank,7768,2,0.2
personalized_pagerank,7769,2,0.2
personalized_pagerank,7771,1,0.1
personalized_pagerank,7772,5,0.5
personalized_pagerank,7774,4,0.4
personalized_pagerank,7775,3,0.3
personalized_pagerank,7779,1,0.1
personalized_pagerank,7790,1,0.1
personalized_pagerank,7791,1,0.1
personalized_pagerank,7792,2,0.2
personalized_pagerank,7806,1,0.1
personalized_pagerank,7810,3,0.3
personalized_pagerank,7812,1,0.1
personalized_pagerank,7815,1,0.1
personalized_pagerank,7818,3,0.3
personalized_pagerank,7833,1,0.1
personalized_pagerank,7835,1,0.1
personalized_pagerank,7837,1,0.1
personalized_pagerank,7842,1,0.1
personalized_pagerank,7845,1,0.1
personalized_pagerank,7853,1,0.1
personalized_pagerank,7856,3,0.3
personalized_pagerank,7862,2,0.2
personalized_pagerank,7864,1,0.1
personalized_pagerank,7865,4,0.4
personalized_pagerank,7873,1,0.1
personalized_pagerank,7875,1,0.1
personalized_pagerank,7877,2,0.2
personalized_pagerank,7882,1,0.1
personalized_pagerank,7885,1,0.1
personalized_pagerank,7900,4,0.4
personalized_pagerank,7901,3,0.3
personalized_pagerank,7902,3,0.3
personalized_pagerank,7903,1,0.1
personalized_pagerank,7904,2,0.2
personalized_pagerank,7906,2,0.2
personalized_pagerank,7907,2,0.2
personalized_pagerank,7910,1,0.1
personalized_pagerank,7916,1,0.1
personalized_pagerank,7919,2,0.2
personalized_pagerank,7928,1,0.1
personalized_pagerank,7929,1,0.1
personalized_pagerank,7933,2,0.2
personalized_pagerank,7938,1,0.1
personalized_pagerank,7948,1,0.1
personalized_pagerank,7964,1,0.1
personalized_pagerank,7967,1,0.1
personalized_pagerank,7968,1,0.1
personalized_pagerank,7969,1,0.1
personalized_pagerank,7980,1,0.1
personalized_pagerank,8010,1,0.1
personalized_pagerank,8012,1,0.1
personalized_pagerank,8021,1,0.1
personalized_pagerank,8036,1,0.1
personalized_pagerank,8042,1,0.1
personalized_pagerank,8045,1,0.1
personalized_pagerank,8046,3,0.3
personalized_pagerank,8047,6,0.6
personalized_pagerank,8050,1,0.1
personalized_pagerank,8051,1,0.1
personalized_pagerank,8053,2,0.2
personalized_pagerank,8063,1,0.1
personalized_pagerank,8066,1,0.1
personalized_pagerank,8069,1,0.1
personalized_pagerank,8085,5,0.5
personalized_pagerank,8092,1,0.1
personalized_pagerank,8094,1,0.1
personalized_pagerank,8107,3,0.3
personalized_pagerank,8111,1,0.1
personalized_pagerank,8145,1,0.1
personalized_pagerank,8146,1,0.1
personalized_pagerank,8152,1,0.1
personalized_pagerank,8156,3,0.3
personalized_pagerank,8162,1,0.1
personalized_pagerank,8171,1,0.1
personalized_pagerank,8173,1,0.1
personalized_pagerank,8190,2,0.2
personalized_pagerank,8204,1,0.1
personalized_pagerank,8211,3,0.3
personalized_pagerank,8243,2,0.2
personalized_pagerank,8263,1,0.1
personalized_pagerank,8270,1,0.1
